date,open,high,low,close,volume
2023-04-04 12:00:00,100.9257,101.3663,99.6559,100.0,1000.0
2023-04-04 16:00:00,100.0,100.8704,99.7396,100.568,1000.37
2023-04-04 20:00:00,100.568,101.0309,100.1233,100.4832,1000.74
2023-04-05 00:00:00,100.4832,102.7077,100.1984,101.8362,1001.11
2023-04-05 04:00:00,101.8362,102.1703,101.4661,101.7666,1001.48
2023-04-05 08:00:00,101.7665,102.0834,101.45,101.8706,1001.85
2023-04-05 12:00:00,101.8706,102.6185,99.3434,100.0037,1002.22
2023-04-05 16:00:00,100.0037,101.0418,99.1475,100.7513,1002.59
2023-04-05 20:00:00,100.7513,101.0131,100.3143,100.4994,1002.96
2023-04-06 00:00:00,100.4994,100.5923,99.4097,100.351,1003.33
2023-04-06 04:00:00,100.351,100.4066,99.5138,99.5752,1003.7
2023-04-06 08:00:00,99.5752,100.0449,98.8118,99.6985,1004.07
2023-04-06 12:00:00,99.6984,100.5887,98.9509,100.2153,1004.44
2023-04-06 16:00:00,100.2153,100.5346,99.6677,99.9562,1004.81
2023-04-06 20:00:00,99.9562,100.3776,99.4861,100.0135,1005.18
2023-04-07 00:00:00,100.0135,100.2996,99.5807,100.0308,1005.55
2023-04-07 04:00:00,100.0308,100.1666,99.0114,99.3212,1005.92
2023-04-07 08:00:00,99.3213,99.8061,99.0758,99.3252,1006.29
2023-04-07 12:00:00,99.3252,99.8884,99.1293,99.6934,1006.66
2023-04-07 16:00:00,99.6934,99.7768,99.3291,99.5272,1007.03
2023-04-07 20:00:00,99.5272,99.8741,99.2685,99.5587,1007.4
2023-04-08 00:00:00,99.5587,100.1547,99.3399,99.9763,1007.77
2023-04-08 04:00:00,99.9763,100.4958,99.7506,100.2004,1008.14
2023-04-08 08:00:00,100.2004,100.3529,99.8092,99.9502,1008.51
2023-04-08 12:00:00,99.9502,100.1462,99.6644,99.9453,1008.88
2023-04-08 16:00:00,99.9453,100.0142,99.3866,99.6222,1009.25
2023-04-08 20:00:00,99.6222,99.8979,99.4356,99.673,1009.62
2023-04-09 00:00:00,99.673,100.2405,99.5749,99.9917,1009.99
2023-04-09 04:00:00,99.9917,100.1835,99.2738,99.5468,1010.36
2023-04-09 08:00:00,99.5468,99.7644,99.1293,99.6438,1010.73
2023-04-09 12:00:00,99.6438,99.8479,99.1293,99.5072,1011.1
2023-04-09 16:00:00,99.5072,100.8347,99.4029,100.3937,1011.47
2023-04-09 20:00:00,100.3938,101.8337,100.18,101.0479,1011.84
2023-04-10 00:00:00,101.0479,101.4606,100.714,100.8862,1012.21
2023-04-10 04:00:00,100.8862,101.1038,100.5443,100.9081,1012.58
2023-04-10 08:00:00,100.9081,101.2808,100.824,100.9831,1012.95
2023-04-10 12:00:00,100.9831,101.9943,100.4493,101.4604,1013.32
2023-04-10 16:00:00,101.4604,104.8661,101.1147,104.0778,1013.69
2023-04-10 20:00:00,104.0778,106.2575,103.657,105.7342,1014.06
2023-04-11 00:00:00,105.7342,108.6121,105.5153,107.4417,1014.43
2023-04-11 04:00:00,107.4554,107.6952,106.2782,107.4231,1014.8137
2023-04-11 08:00:00,107.4094,107.6038,106.8853,107.2248,1015.17
2023-04-11 12:00:00,107.2247,108.077,106.8888,107.7209,1015.54
2023-04-11 16:00:00,107.721,109.0402,107.1207,107.4919,1015.91
2023-04-11 20:00:00,107.4919,108.0562,106.764,107.743,1016.28
2023-04-12 00:00:00,107.7431,108.3269,106.3067,106.7499,1016.65
2023-04-12 04:00:00,106.7499,107.3293,106.4429,106.9817,1017.02
2023-04-12 08:00:00,106.9816,107.2581,106.6069,107.0862,1017.39
2023-04-12 12:00:00,107.0862,108.8119,105.6844,106.8997,1017.76
2023-04-12 16:00:00,106.8997,107.4027,106.1223,106.3095,1018.13
2023-04-12 20:00:00,106.3095,107.0058,106.1777,106.6287,1018.5
2023-04-13 00:00:00,106.6287,107.7916,106.4593,107.2855,1018.87
2023-04-13 04:00:00,107.2855,107.5368,106.9171,107.2728,1019.24
2023-04-13 08:00:00,107.2728,108.4154,107.1172,107.5982,1019.61
2023-04-13 12:00:00,107.5982,109.2008,107.4567,108.6029,1019.98
2023-04-13 16:00:00,108.6029,108.9894,107.9142,108.2236,1020.35
2023-04-13 20:00:00,108.2236,108.4862,107.7094,108.3617,1020.72
2023-04-14 00:00:00,108.3617,110.2667,108.0841,109.4928,1021.09
2023-04-14 04:00:00,109.5066,110.6593,109.3982,109.6594,1021.4737
2023-04-14 08:00:00,109.6594,110.0431,109.3361,109.9026,1021.8437
2023-04-14 12:00:00,109.8889,110.1105,107.3384,107.8767,1022.2
2023-04-14 16:00:00,107.8767,108.3545,106.8567,108.1843,1022.57
2023-04-14 20:00:00,108.198,108.9543,107.963,108.7076,1022.9537
2023-04-15 00:00:00,108.6939,109.2029,107.9701,108.3699,1023.31
2023-04-15 04:00:00,108.3699,108.7474,108.1838,108.5739,1023.68
2023-04-15 08:00:00,108.5738,108.7548,108.2791,108.4026,1024.05
2023-04-15 12:00:00,108.4027,108.662,107.9948,108.1885,1024.42
2023-04-15 16:00:00,108.1885,108.2887,107.6987,108.2115,1024.79
2023-04-15 20:00:00,108.2115,108.363,107.8214,108.0808,1025.16
2023-04-16 00:00:00,108.0808,108.2162,107.4061,107.9177,1025.53
2023-04-16 04:00:00,107.9176,108.5029,107.855,108.2587,1025.9
2023-04-16 08:00:00,108.2587,108.3408,107.7643,107.8359,1026.27
2023-04-16 12:00:00,107.836,108.3695,107.5503,108.216,1026.64
2023-04-16 16:00:00,108.216,109.0402,107.9045,108.1306,1027.01
2023-04-16 20:00:00,108.1306,108.5335,107.663,108.1149,1027.38
2023-04-17 00:00:00,108.1149,108.2056,106.0527,106.9667,1027.75
2023-04-17 04:00:00,106.9667,107.105,106.3787,106.4512,1028.12
2023-04-17 08:00:00,106.4512,106.8015,104.7162,105.4969,1028.49
2023-04-17 12:00:00,105.4968,105.6265,104.269,104.7387,1028.86
2023-04-17 16:00:00,104.7387,105.5802,104.5908,105.1274,1029.23
2023-04-17 20:00:00,105.1274,105.426,104.8086,104.9955,1029.6
2023-04-18 00:00:00,104.9955,105.2942,103.7557,105.0551,1029.97
2023-04-18 04:00:00,105.0551,106.3752,104.9893,106.2275,1030.34
2023-04-18 08:00:00,106.2275,108.4397,105.8831,108.3858,1030.71
2023-04-18 12:00:00,108.3858,108.8083,107.3325,107.6875,1031.08
2023-04-18 16:00:00,107.6875,108.0563,106.7839,107.8183,1031.45
2023-04-18 20:00:00,107.8184,108.6835,107.5132,108.3838,1031.82
2023-04-19 00:00:00,108.3838,108.5533,107.4275,107.7816,1032.19
2023-04-19 04:00:00,107.7816,108.2393,106.9067,107.3054,1032.56
2023-04-19 08:00:00,107.3054,107.3554,103.4104,104.5687,1032.93
2023-04-19 12:00:00,104.5687,105.2942,103.7672,104.3896,1033.3
2023-04-19 16:00:00,104.3895,104.8304,103.6958,104.2705,1033.67
2023-04-19 20:00:00,104.2705,104.6364,101.698,102.7366,1034.04
2023-04-20 00:00:00,102.7366,103.5104,101.8014,102.97,1034.41
2023-04-20 04:00:00,102.9699,103.8254,102.764,102.9954,1034.78
2023-04-20 08:00:00,102.9954,103.3356,101.9477,102.0588,1035.15
2023-04-20 12:00:00,102.0588,103.4344,101.0344,101.7005,1035.52
2023-04-20 16:00:00,101.7005,102.2932,99.8785,100.2652,1035.89
2023-04-20 20:00:00,100.2652,101.2468,99.8856,100.7621,1036.26
2023-04-21 00:00:00,100.7621,101.2772,100.1639,101.0395,1036.63
2023-04-21 04:00:00,101.0395,101.1844,99.186,100.4459,1037.0
2023-04-21 08:00:00,100.4459,100.7894,99.5563,100.129,1037.37
2023-04-21 12:00:00,100.1291,101.0433,99.7096,100.038,1037.74
2023-04-21 16:00:00,100.038,100.2658,96.9336,97.3238,1038.11
2023-04-21 20:00:00,97.3238,97.8366,96.7212,97.2629,1038.48
2023-04-22 00:00:00,97.2629,97.6873,96.7759,97.4746,1038.85
2023-04-22 04:00:00,97.4745,97.7938,97.0779,97.3162,1039.22
2023-04-22 08:00:00,97.3161,97.5332,96.9325,97.3479,1039.59
2023-04-22 12:00:00,97.3479,98.3808,97.0993,98.0695,1039.96
2023-04-22 16:00:00,98.0695,99.2449,98.0042,98.5465,1040.33
2023-04-22 20:00:00,98.5465,99.5244,98.2977,99.2394,1040.7
2023-04-23 00:00:00,99.2394,99.2894,97.7578,98.3154,1041.07
2023-04-23 04:00:00,98.3153,99.0562,98.1727,98.89,1041.44
2023-04-23 08:00:00,98.8899,99.1473,97.9976,98.6188,1041.81
2023-04-23 12:00:00,98.6188,98.9983,97.3856,98.0179,1042.18
2023-04-23 16:00:00,98.0179,98.8363,97.4525,97.9869,1042.55
2023-04-23 20:00:00,97.9869,98.6952,97.7125,98.4323,1042.92
2023-04-24 00:00:00,98.4322,99.9428,97.7997,99.1453,1043.29
2023-04-24 04:00:00,99.1454,99.2293,97.5239,97.9377,1043.66
2023-04-24 08:00:00,97.9377,98.349,96.8358,98.2904,1044.03
2023-04-24 12:00:00,98.2904,98.9459,96.9887,97.278,1044.4
2023-04-24 16:00:00,97.278,98.4437,96.0712,97.6927,1044.77
2023-04-24 20:00:00,97.6926,98.3757,97.4185,98.148,1045.14
2023-04-25 00:00:00,98.148,98.4811,97.3945,97.5586,1045.51
2023-04-25 04:00:00,97.5586,98.0148,97.1343,97.2761,1045.88
2023-04-25 08:00:00,97.2761,97.9579,96.9602,97.72,1046.25
2023-04-25 12:00:00,97.72,98.0973,96.9858,97.5561,1046.62
2023-04-25 16:00:00,97.5561,99.1943,97.4033,98.5065,1046.99
2023-04-25 20:00:00,98.5064,101.3698,98.4551,100.9659,1047.36
2023-04-26 00:00:00,100.966,101.6588,100.7155,100.9956,1047.73
2023-04-26 04:00:00,100.9955,102.0798,100.9169,101.2349,1048.1
2023-04-26 08:00:00,101.2349,104.0057,101.1699,103.2903,1048.47
2023-04-26 12:00:00,103.2903,107.2065,103.2403,106.386,1048.84
2023-04-26 16:00:00,106.3859,106.7213,98.7514,99.4798,1049.21
2023-04-26 20:00:00,99.4799,102.5828,97.1136,101.3744,1049.58
2023-04-27 00:00:00,101.3744,105.2247,101.1945,103.053,1049.95
2023-04-27 04:00:00,103.0529,104.5054,102.0984,103.0817,1050.32
2023-04-27 08:00:00,103.0817,104.0094,102.6272,103.2257,1050.69
2023-04-27 12:00:00,103.2257,105.4904,102.2031,103.9946,1051.06
2023-04-27 16:00:00,103.9946,106.6856,103.4584,105.8649,1051.43
2023-04-27 20:00:00,105.8649,106.3044,104.3221,105.1471,1051.8
2023-04-28 00:00:00,105.1471,105.6493,104.5877,104.9607,1052.17
2023-04-28 04:00:00,104.9607,105.533,104.8264,105.2044,1052.54
2023-04-28 08:00:00,105.2044,105.2776,103.9019,104.3001,1052.91
2023-04-28 12:00:00,104.3001,105.1778,103.0216,103.9845,1053.28
2023-04-28 16:00:00,103.9844,105.0724,103.7718,104.6325,1053.65
2023-04-28 20:00:00,104.6325,105.0422,104.3978,104.5725,1054.02
2023-04-29 00:00:00,104.5724,104.9375,104.1082,104.6939,1054.39
2023-04-29 04:00:00,104.6939,105.1119,104.443,104.6932,1054.76
2023-04-29 08:00:00,104.7069,104.8085,104.2603,104.659,1055.1437
2023-04-29 12:00:00,104.659,104.9276,104.1742,104.4417,1055.5137
2023-04-29 16:00:00,104.428,104.613,103.521,104.319,1055.87
2023-04-29 20:00:00,104.3191,104.4558,103.9037,104.2826,1056.24
2023-04-30 00:00:00,104.2826,104.3327,103.6944,104.0986,1056.61
2023-04-30 04:00:00,104.0986,104.5663,104.0213,104.4109,1056.98
2023-04-30 08:00:00,104.4109,104.7531,103.9831,104.1633,1057.35
2023-04-30 12:00:00,104.1633,106.9688,104.0624,105.7979,1057.72
2023-04-30 16:00:00,105.7979,106.615,104.1642,104.7488,1058.09
2023-04-30 20:00:00,104.7488,105.2461,103.9847,104.2924,1058.46
2023-05-01 00:00:00,104.2924,104.7139,101.1627,101.8945,1058.83
2023-05-01 04:00:00,101.8945,102.4899,100.7353,102.1372,1059.2
2023-05-01 08:00:00,102.1371,102.3335,101.5817,101.7618,1059.57
2023-05-01 12:00:00,101.7617,102.1883,100.1117,100.5016,1059.94
2023-05-01 16:00:00,100.5016,101.4089,99.1293,99.334,1060.31
2023-05-01 20:00:00,99.334,100.511,98.6546,100.1364,1060.68
2023-05-02 00:00:00,100.1501,100.476,99.5657,100.0626,1061.0637
2023-05-02 04:00:00,100.0489,100.5299,99.3862,100.0979,1061.42
2023-05-02 08:00:00,100.0979,100.4185,99.6266,100.1955,1061.79
2023-05-02 12:00:00,100.1955,102.6795,99.5217,101.8218,1062.16
2023-05-02 16:00:00,101.8218,103.0819,101.3822,102.3407,1062.53
2023-05-02 20:00:00,102.3407,102.852,102.0408,102.2826,1062.9
2023-05-03 00:00:00,102.2826,102.4022,101.0426,101.7512,1063.27
2023-05-03 04:00:00,101.7512,102.3688,101.3682,102.2253,1063.64
2023-05-03 08:00:00,102.2254,102.6825,101.72,101.8327,1064.01
2023-05-03 12:00:00,101.8326,102.0239,100.2484,101.0042,1064.38
2023-05-03 16:00:00,101.0042,102.7969,100.5959,101.0451,1064.75
2023-05-03 20:00:00,101.0451,104.4618,100.8603,103.5538,1065.12
2023-05-04 00:00:00,103.5538,104.2095,103.2355,103.806,1065.49
2023-05-04 04:00:00,103.806,104.3586,103.5471,103.668,1065.86
2023-05-04 08:00:00,103.6681,104.8655,103.3483,104.0122,1066.23
2023-05-04 12:00:00,104.0122,104.3412,102.2104,102.983,1066.6
2023-05-04 16:00:00,102.9831,103.4138,102.2459,103.0863,1066.97
2023-05-04 20:00:00,103.0869,103.225,102.5114,102.883,1067.34
2023-05-05 00:00:00,102.883,105.4048,102.7674,104.1676,1067.71
2023-05-05 04:00:00,104.1676,104.4915,103.517,103.6827,1068.08
2023-05-05 08:00:00,103.6827,104.2096,103.4899,103.9933,1068.45
2023-05-05 12:00:00,103.9933,105.0801,102.6969,104.7321,1068.82
2023-05-05 16:00:00,104.7321,105.9257,104.537,105.4642,1069.19
2023-05-05 20:00:00,105.4642,105.8294,105.0183,105.2642,1069.56
2023-05-06 00:00:00,105.2642,106.4359,104.6157,104.722,1069.93
2023-05-06 04:00:00,104.722,105.0695,104.3046,104.7567,1070.3
2023-05-06 08:00:00,104.7567,104.8205,103.8819,104.4099,1070.67
2023-05-06 12:00:00,104.41,104.4638,100.9131,101.9499,1071.04
2023-05-06 16:00:00,101.95,103.3844,101.7524,102.8997,1071.41
2023-05-06 20:00:00,102.8997,103.0841,102.1332,102.9189,1071.78
2023-05-07 00:00:00,102.9188,104.0038,102.4974,102.7418,1072.15
2023-05-07 04:00:00,102.7418,103.3412,102.6506,103.1408,1072.52
2023-05-07 08:00:00,103.1408,103.3678,102.3584,102.8898,1072.89
2023-05-07 12:00:00,102.8899,103.8525,102.8396,103.2559,1073.26
2023-05-07 16:00:00,103.2559,103.6143,102.5923,103.1312,1073.63
2023-05-07 20:00:00,103.1312,103.3423,101.2529,101.4273,1074.0
2023-05-08 00:00:00,101.4272,102.194,99.8579,100.6053,1074.37
2023-05-08 04:00:00,100.6054,100.8782,99.2394,99.8054,1074.74
2023-05-08 08:00:00,99.8053,99.904,98.3338,99.6577,1075.11
2023-05-08 12:00:00,99.6577,100.2359,98.6637,99.4918,1075.48
2023-05-08 16:00:00,99.4918,99.6938,97.3077,97.5408,1075.85
2023-05-08 20:00:00,97.5408,98.8718,97.2099,98.7112,1076.22
2023-05-09 00:00:00,98.7112,99.0486,98.1823,98.5705,1076.59
2023-05-09 04:00:00,98.5705,98.7788,97.8354,98.7035,1076.96
2023-05-09 08:00:00,98.7035,98.976,98.1222,98.7452,1077.33
2023-05-09 12:00:00,98.7452,99.2935,97.5953,97.7537,1077.7
2023-05-09 16:00:00,97.7537,99.0509,97.5346,98.8808,1078.07
2023-05-09 20:00:00,98.8808,99.1408,98.1357,98.5666,1078.44
2023-05-10 00:00:00,98.5667,99.4075,98.4878,98.7701,1078.81
2023-05-10 04:00:00,98.7701,98.9474,98.1656,98.2598,1079.18
2023-05-10 08:00:00,98.2598,98.798,97.9695,98.7408,1079.55
2023-05-10 12:00:00,98.7408,101.1252,98.5435,100.4394,1079.92
2023-05-10 16:00:00,100.4394,101.0101,95.4797,98.7949,1080.29
2023-05-10 20:00:00,98.795,99.8794,97.0565,98.4613,1080.66
2023-05-11 00:00:00,98.4613,98.5967,97.5872,97.9196,1081.03
2023-05-11 04:00:00,97.9196,98.3489,97.6876,97.9309,1081.4
2023-05-11 08:00:00,97.9309,98.1244,97.1956,97.7723,1081.77
2023-05-11 12:00:00,97.7723,98.6233,96.104,96.9653,1082.14
2023-05-11 16:00:00,96.9654,97.1584,95.2123,95.7653,1082.51
2023-05-11 20:00:00,95.7653,96.591,95.5875,96.2133,1082.88
2023-05-12 00:00:00,96.2132,96.7003,94.5914,94.8422,1083.25
2023-05-12 04:00:00,94.8423,95.3406,93.1384,93.869,1083.62
2023-05-12 08:00:00,93.869,94.3667,93.5453,93.9992,1083.99
2023-05-12 12:00:00,93.9992,95.0005,93.6768,93.9023,1084.36
2023-05-12 16:00:00,93.9022,94.5914,92.035,94.3974,1084.73
2023-05-12 20:00:00,94.3974,96.0003,93.995,95.5939,1085.1
2023-05-13 00:00:00,95.5939,96.3181,95.1765,95.6412,1085.47
2023-05-13 04:00:00,95.6412,95.9121,95.1886,95.5114,1085.84
2023-05-13 08:00:00,95.5114,95.9364,95.3709,95.6971,1086.21
2023-05-13 12:00:00,95.6971,96.0362,95.3334,95.6697,1086.58
2023-05-13 16:00:00,95.6697,96.5374,95.4094,95.7471,1086.95
2023-05-13 20:00:00,95.747,96.159,95.3833,95.5235,1087.32
2023-05-14 00:00:00,95.5235,95.9272,94.7074,95.8437,1087.69
2023-05-14 04:00:00,95.8437,96.0144,95.5386,95.8087,1088.06
2023-05-14 08:00:00,95.8087,95.9711,95.5261,95.633,1088.43
2023-05-14 12:00:00,95.633,97.0887,95.3644,96.6178,1088.8
2023-05-14 16:00:00,96.6178,96.857,95.6589,95.8934,1089.17
2023-05-14 20:00:00,95.8934,96.2381,95.7136,96.0313,1089.54
2023-05-15 00:00:00,96.0313,97.4132,95.2977,97.1558,1089.91
2023-05-15 04:00:00,97.1558,98.3375,96.9174,97.779,1090.28
2023-05-15 08:00:00,97.7789,98.1073,97.401,97.5244,1090.65
2023-05-15 12:00:00,97.5244,98.2803,97.0644,97.7409,1091.02
2023-05-15 16:00:00,97.7409,98.7427,97.4094,97.8173,1091.39
2023-05-15 20:00:00,97.8173,97.8673,96.7274,96.9037,1091.76
2023-05-16 00:00:00,96.9037,97.4344,95.7476,96.789,1092.13
2023-05-16 04:00:00,96.7891,97.2764,96.2528,97.2263,1092.5
2023-05-16 08:00:00,97.2263,97.3958,96.2289,96.5358,1092.87
2023-05-16 12:00:00,96.5358,96.8665,95.9185,96.4609,1093.24
2023-05-16 16:00:00,96.4608,96.9158,95.8471,96.0864,1093.61
2023-05-16 20:00:00,96.0864,96.5527,95.909,96.446,1093.98
2023-05-17 00:00:00,96.446,97.2263,96.2143,96.5394,1094.35
2023-05-17 04:00:00,96.5395,96.732,95.419,95.7727,1094.72
2023-05-17 08:00:00,95.7727,96.0695,94.7541,95.0324,1095.09
2023-05-17 12:00:00,95.0324,95.7904,94.6509,95.6008,1095.46
2023-05-17 16:00:00,95.6008,97.971,95.3525,97.6991,1095.83
2023-05-17 20:00:00,97.6991,98.159,97.2544,97.7723,1096.2
2023-05-18 00:00:00,97.7723,98.1067,97.2976,97.6299,1096.57
2023-05-18 04:00:00,97.6299,97.9954,96.8185,97.7223,1096.94
2023-05-18 08:00:00,97.7223,97.945,97.4669,97.7486,1097.31
2023-05-18 12:00:00,97.7486,98.0596,96.3535,96.6348,1097.68
2023-05-18 16:00:00,96.6348,96.7975,93.9962,95.3763,1098.05
2023-05-18 20:00:00,95.3763,96.6081,95.1736,95.6876,1098.42
2023-05-19 00:00:00,95.6876,96.1221,95.3809,95.7356,1098.79
2023-05-19 04:00:00,95.7356,96.2334,95.6046,95.795,1099.16
2023-05-19 08:00:00,95.795,96.1134,95.5286,95.8111,1099.53
2023-05-19 12:00:00,95.8111,97.0302,94.9552,95.9101,1099.9
2023-05-19 16:00:00,95.9101,96.2809,95.493,95.7346,1100.27
2023-05-19 20:00:00,95.7347,96.0941,95.5893,95.898,1100.64
2023-05-20 00:00:00,95.898,96.0485,95.6513,95.8457,1101.01
2023-05-20 04:00:00,95.8457,95.9244,95.6869,95.8079,1101.38
2023-05-20 08:00:00,95.8079,96.0805,95.7578,95.8973,1101.75
2023-05-20 12:00:00,95.8973,96.2896,95.8311,96.1314,1102.12
2023-05-20 16:00:00,96.1314,96.9104,95.9657,96.5501,1102.49
2023-05-20 20:00:00,96.5501,96.8367,96.1581,96.6907,1102.86
2023-05-21 00:00:00,96.6906,97.3654,96.5003,96.9539,1103.23
2023-05-21 04:00:00,96.9539,97.0039,96.446,96.5214,1103.6
2023-05-21 08:00:00,96.5214,96.6814,95.4769,95.7185,1103.97
2023-05-21 12:00:00,95.7185,96.2932,95.5745,95.9648,1104.34
2023-05-21 16:00:00,95.9648,96.1374,95.6794,95.976,1104.71
2023-05-21 20:00:00,95.9761,96.1123,95.0838,95.4254,1105.08
2023-05-22 00:00:00,95.4254,95.5887,94.6277,95.058,1105.45
2023-05-22 04:00:00,95.058,96.0653,95.002,95.7656,1105.82
2023-05-22 08:00:00,95.7655,96.0185,95.4452,95.7072,1106.19
2023-05-22 12:00:00,95.7073,96.7316,95.2153,95.8871,1106.56
2023-05-22 16:00:00,95.887,96.1255,95.4975,95.8344,1106.93
2023-05-22 20:00:00,95.8344,96.2308,95.6802,95.7875,1107.3
2023-05-23 00:00:00,95.7875,97.9522,95.555,97.6334,1107.67
2023-05-23 04:00:00,97.6334,98.1442,97.0066,97.4112,1108.04
2023-05-23 08:00:00,97.4112,97.6203,97.1683,97.5288,1108.41
2023-05-23 12:00:00,97.5288,97.7532,96.9002,97.467,1108.78
2023-05-23 16:00:00,97.467,97.5471,96.6348,96.9717,1109.15
2023-05-23 20:00:00,96.9718,97.2649,96.8153,97.1087,1109.52
2023-05-24 00:00:00,97.1087,97.1587,95.0261,95.5618,1109.89
2023-05-24 04:00:00,95.5618,95.7702,94.8946,95.1789,1110.26
2023-05-24 08:00:00,95.1789,95.8009,95.0979,95.4056,1110.63
2023-05-24 12:00:00,95.4057,95.4557,92.9948,93.8803,1111.0
2023-05-24 16:00:00,93.8803,94.2262,93.2783,93.6578,1111.37
2023-05-24 20:00:00,93.6579,94.5431,93.5732,93.9314,1111.74
2023-05-25 00:00:00,93.9314,94.2146,92.2506,93.4131,1112.11
2023-05-25 04:00:00,93.4131,93.8779,93.1599,93.2259,1112.48
2023-05-25 08:00:00,93.2259,94.0033,93.1656,93.8158,1112.85
2023-05-25 12:00:00,93.8158,94.5914,93.3091,93.5643,1113.22
2023-05-25 16:00:00,93.5643,95.0623,93.4478,94.4297,1113.59
2023-05-25 20:00:00,94.4297,94.7734,94.2505,94.4479,1113.96
2023-05-26 00:00:00,94.448,94.7318,93.9563,94.31,1114.33
2023-05-26 04:00:00,94.31,94.7129,93.8751,94.5462,1114.7
2023-05-26 08:00:00,94.5462,94.7662,94.2189,94.4105,1115.07
2023-05-26 12:00:00,94.4105,96.1332,93.977,95.4341,1115.44
2023-05-26 16:00:00,95.4341,95.7949,94.8856,95.4947,1115.81
2023-05-26 20:00:00,95.4948,95.6885,95.155,95.2761,1116.18
2023-05-27 00:00:00,95.2761,95.6001,94.9659,95.4405,1116.55
2023-05-27 04:00:00,95.4405,95.6136,95.2406,95.3363,1116.92
2023-05-27 08:00:00,95.3363,95.4215,95.085,95.2515,1117.29
2023-05-27 12:00:00,95.2515,95.5824,94.6734,95.2195,1117.66
2023-05-27 16:00:00,95.2195,95.8258,94.9208,95.3605,1118.03
2023-05-27 20:00:00,95.3605,96.0006,95.2977,95.8053,1118.4
2023-05-28 00:00:00,95.8054,97.2568,95.4346,96.9932,1118.77
2023-05-28 04:00:00,96.9932,97.3938,96.7333,97.1328,1119.14
2023-05-28 08:00:00,97.1329,97.6033,96.7605,96.8738,1119.51
2023-05-28 12:00:00,96.8738,97.3742,96.6321,97.2962,1119.88
2023-05-28 16:00:00,97.2962,99.0378,97.0348,98.2018,1120.25
2023-05-28 20:00:00,98.2018,100.8751,98.1518,100.1247,1120.62
2023-05-29 00:00:00,100.1248,101.538,99.537,99.7323,1120.99
2023-05-29 04:00:00,99.7323,100.1105,99.2756,99.5641,1121.36
2023-05-29 08:00:00,99.5641,99.8394,98.9359,99.5856,1121.73
2023-05-29 12:00:00,99.5856,99.7634,98.373,98.5746,1122.1
2023-05-29 16:00:00,98.5746,99.0081,98.1468,98.6011,1122.47
2023-05-29 20:00:00,98.6011,99.2935,98.2537,98.9524,1122.84
2023-05-30 00:00:00,98.9524,99.7307,98.3603,99.2836,1123.21
2023-05-30 04:00:00,99.2836,99.4016,98.676,98.9411,1123.58
2023-05-30 08:00:00,98.9411,100.0805,98.816,99.9692,1123.95
2023-05-30 12:00:00,99.9691,100.0419,98.4693,98.7265,1124.32
2023-05-30 16:00:00,98.7265,99.4535,98.2517,99.3584,1124.69
2023-05-30 20:00:00,99.3584,99.426,98.5983,98.8026,1125.06
2023-05-31 00:00:00,98.8025,99.356,98.3125,98.6702,1125.43
2023-05-31 04:00:00,98.6702,98.7929,96.1628,96.9242,1125.8
2023-05-31 08:00:00,96.9243,97.1021,96.255,96.6719,1126.17
2023-05-31 12:00:00,96.6719,97.2006,95.7437,96.0096,1126.54
2023-05-31 16:00:00,96.0097,96.8156,95.7009,96.3629,1126.91
2023-05-31 20:00:00,96.3629,97.4455,96.2936,97.0757,1127.28
2023-06-01 00:00:00,97.0757,97.6239,94.8662,95.5401,1127.65
2023-06-01 04:00:00,95.5401,95.96,95.3691,95.6212,1128.02
2023-06-01 08:00:00,95.6212,96.2007,95.5295,95.9434,1128.39
2023-06-01 12:00:00,95.9433,96.3087,95.4994,95.9488,1128.76
2023-06-01 16:00:00,95.9487,96.9996,95.048,95.8353,1129.13
2023-06-01 20:00:00,95.8353,96.1718,95.2525,95.6757,1129.5
2023-06-02 00:00:00,95.6757,96.4359,94.5093,96.3252,1129.87
2023-06-02 04:00:00,96.3253,97.1351,96.0947,96.5024,1130.24
2023-06-02 08:00:00,96.5024,97.0283,96.4514,96.7917,1130.61
2023-06-02 12:00:00,96.7917,97.2315,95.7783,96.6674,1130.98
2023-06-02 16:00:00,96.6675,97.4014,96.2974,97.178,1131.35
2023-06-02 20:00:00,97.178,97.4455,96.7867,97.1907,1131.72
2023-06-03 00:00:00,97.1907,97.2407,96.6034,96.8361,1132.09
2023-06-03 04:00:00,96.8361,97.1343,96.6524,96.9475,1132.46
2023-06-03 08:00:00,96.9475,97.021,96.6774,96.7883,1132.83
2023-06-03 12:00:00,96.7882,97.5643,96.7278,97.4143,1133.2
2023-06-03 16:00:00,97.4143,97.512,96.3665,96.669,1133.57
2023-06-03 20:00:00,96.669,96.82,95.9717,96.5722,1133.94
2023-06-04 00:00:00,96.5722,96.7335,96.1004,96.5442,1134.31
2023-06-04 04:00:00,96.5442,96.9601,96.3716,96.862,1134.68
2023-06-04 08:00:00,96.862,97.2666,96.7169,97.0336,1135.05
2023-06-04 12:00:00,97.0335,97.4384,96.8464,96.9638,1135.42
2023-06-04 16:00:00,96.9638,97.1672,96.8282,97.0855,1135.79
2023-06-04 20:00:00,97.0855,97.9986,96.431,96.7363,1136.16
2023-06-05 00:00:00,96.7362,96.8366,95.5297,95.7672,1136.53
2023-06-05 04:00:00,95.7671,95.9134,95.349,95.7187,1136.9
2023-06-05 08:00:00,95.7187,95.8072,95.0908,95.5168,1137.27
2023-06-05 12:00:00,95.5168,95.7245,92.7076,92.7845,1137.64
2023-06-05 16:00:00,92.7845,93.0734,90.5243,91.4376,1138.01
2023-06-05 20:00:00,91.4376,92.3025,90.9594,91.788,1138.38
2023-06-06 00:00:00,91.788,92.098,91.2842,91.7973,1138.75
2023-06-06 04:00:00,91.7973,92.1705,91.6594,91.767,1139.12
2023-06-06 08:00:00,91.767,92.0834,91.4245,91.6397,1139.49
2023-06-06 12:00:00,91.6397,93.3203,90.3923,92.9935,1139.86
2023-06-06 16:00:00,93.0072,97.1627,92.9572,96.6248,1140.2437
2023-06-06 20:00:00,96.6111,97.6429,95.7683,97.1461,1140.6
2023-06-07 00:00:00,97.146,97.7729,95.278,96.0006,1140.97
2023-06-07 04:00:00,96.0006,96.304,95.3941,95.597,1141.34
2023-06-07 08:00:00,95.597,96.2611,93.9634,95.9547,1141.71
2023-06-07 12:00:00,95.9547,96.133,93.5496,94.0046,1142.08
2023-06-07 16:00:00,94.0046,94.7833,93.5655,94.4787,1142.45
2023-06-07 20:00:00,94.4787,94.5675,93.1536,93.9683,1142.82
2023-06-08 00:00:00,93.9683,94.4844,93.4568,93.9855,1143.19
2023-06-08 04:00:00,93.9855,94.6768,93.7429,94.3441,1143.56
2023-06-08 08:00:00,94.3441,94.6091,94.0206,94.2988,1143.93
2023-06-08 12:00:00,94.2989,95.6974,93.7779,95.3323,1144.3
2023-06-08 16:00:00,95.3323,95.42,94.1847,94.6838,1144.67
2023-06-08 20:00:00,94.6836,95.1265,94.4487,94.5365,1145.04
2023-06-09 00:00:00,94.5365,94.936,93.6706,94.4833,1145.41
2023-06-09 04:00:00,94.4969,94.8782,94.2352,94.5317,1145.7937
2023-06-09 08:00:00,94.518,95.253,94.4617,94.9345,1146.15
2023-06-09 12:00:00,94.9345,95.6022,94.3233,94.4607,1146.52
2023-06-09 16:00:00,94.4607,94.6968,94.0742,94.2102,1146.89
2023-06-09 20:00:00,94.2102,94.5914,94.1244,94.4623,1147.26
2023-06-10 00:00:00,94.4622,94.7123,93.6566,93.9102,1147.63
2023-06-10 04:00:00,93.9102,94.0533,90.7683,91.5129,1148.0
2023-06-10 08:00:00,91.5128,91.9166,91.1423,91.7994,1148.37
2023-06-10 12:00:00,91.7994,91.8494,91.184,91.4333,1148.74
2023-06-10 16:00:00,91.4334,93.357,90.4172,91.8657,1149.11
2023-06-10 20:00:00,91.8795,92.5788,91.5782,92.2048,1149.4937
2023-06-11 00:00:00,92.1912,92.3236,91.6195,91.7855,1149.85
2023-06-11 04:00:00,91.7855,92.2175,91.4044,91.8348,1150.22
2023-06-11 08:00:00,91.8348,92.2455,91.6195,92.0301,1150.59
2023-06-11 12:00:00,92.03,92.1159,91.5399,91.8706,1150.96
2023-06-11 16:00:00,91.8706,93.1881,91.7732,92.8678,1151.33
2023-06-11 20:00:00,92.8678,93.5457,91.798,92.492,1151.7
2023-06-12 00:00:00,92.492,92.9093,91.2881,92.013,1152.07
2023-06-12 04:00:00,92.013,92.471,91.7945,92.0547,1152.44
2023-06-12 08:00:00,92.0547,93.1875,91.9228,92.7178,1152.81
2023-06-12 12:00:00,92.7177,92.7848,91.7603,92.132,1153.18
2023-06-12 16:00:00,92.132,92.687,91.4662,92.1305,1153.55
2023-06-12 20:00:00,92.1305,92.7008,92.0094,92.4194,1153.92
2023-06-13 00:00:00,92.4194,93.3713,92.0586,92.9854,1154.29
2023-06-13 04:00:00,92.9854,93.2822,92.6138,93.0213,1154.66
2023-06-13 08:00:00,93.0213,93.7789,92.9244,93.4419,1155.03
2023-06-13 12:00:00,93.4419,94.3531,91.6822,91.8998,1155.4
2023-06-13 16:00:00,91.8998,92.7305,91.7778,92.411,1155.77
2023-06-13 20:00:00,92.411,92.6623,92.023,92.5231,1156.14
2023-06-14 00:00:00,92.523,93.0074,92.3923,92.7044,1156.51
2023-06-14 04:00:00,92.7043,92.8267,92.1266,92.3927,1156.88
2023-06-14 08:00:00,92.3927,92.9096,92.2986,92.671,1157.25
2023-06-14 12:00:00,92.671,93.1121,92.448,92.7104,1157.62
2023-06-14 16:00:00,92.7103,93.1573,91.8278,92.3102,1157.99
2023-06-14 20:00:00,92.3102,92.3784,88.4999,89.6488,1158.36
2023-06-15 00:00:00,89.6488,89.9768,89.2471,89.4232,1158.73
2023-06-15 04:00:00,89.4232,89.4981,88.6846,89.1322,1159.1
2023-06-15 08:00:00,89.1323,89.4184,88.4265,89.2434,1159.47
2023-06-15 12:00:00,89.2434,89.6273,88.8586,89.0471,1159.84
2023-06-15 16:00:00,89.0472,91.0898,88.8867,90.815,1160.21
2023-06-15 20:00:00,90.815,91.9479,89.9258,91.3252,1160.58
2023-06-16 00:00:00,91.3252,91.4041,90.7112,91.1941,1160.95
2023-06-16 04:00:00,91.1941,91.4867,90.8376,91.1059,1161.32
2023-06-16 08:00:00,91.1058,91.4676,90.7884,90.8829,1161.69
2023-06-16 12:00:00,90.8829,92.4394,89.7664,92.1868,1162.06
2023-06-16 16:00:00,92.1868,94.6556,91.9014,94.122,1162.43
2023-06-16 20:00:00,94.122,94.4651,93.735,93.9884,1162.8
2023-06-17 00:00:00,93.9885,94.1362,93.3534,93.6929,1163.17
2023-06-17 04:00:00,93.6929,95.8044,93.5853,94.8752,1163.54
2023-06-17 08:00:00,94.8753,95.1519,94.3969,94.5691,1163.91
2023-06-17 12:00:00,94.5691,94.8964,93.8172,94.2233,1164.28
2023-06-17 16:00:00,94.2233,94.7283,94.0596,94.4533,1164.65
2023-06-17 20:00:00,94.4533,94.9308,94.3681,94.602,1165.02
2023-06-18 00:00:00,94.602,94.7649,94.0597,94.7143,1165.39
2023-06-18 04:00:00,94.7143,95.2336,94.3916,94.8446,1165.76
2023-06-18 08:00:00,94.8446,94.9339,94.3374,94.5414,1166.13
2023-06-18 12:00:00,94.5414,94.8531,94.2916,94.7629,1166.5
2023-06-18 16:00:00,94.7629,95.1551,94.5841,95.0766,1166.87
2023-06-18 20:00:00,95.0766,95.3049,93.6204,93.9705,1167.24
2023-06-19 00:00:00,93.9705,94.4829,93.6231,94.1967,1167.61
2023-06-19 04:00:00,94.1967,94.516,94.0241,94.2846,1167.98
2023-06-19 08:00:00,94.2846,94.4458,94.0077,94.3549,1168.35
2023-06-19 12:00:00,94.3549,94.8657,93.9492,94.3416,1168.72
2023-06-19 16:00:00,94.3416,96.6181,93.8081,95.1917,1169.09
2023-06-19 20:00:00,95.1918,95.8735,95.0344,95.7699,1169.46
2023-06-20 00:00:00,95.7699,97.0139,95.557,95.9561,1169.83
2023-06-20 04:00:00,95.9561,96.4938,95.4012,95.7274,1170.2
2023-06-20 08:00:00,95.7275,96.0613,95.2138,95.997,1170.57
2023-06-20 12:00:00,95.997,96.8559,95.0337,96.5818,1170.94
2023-06-20 16:00:00,96.5819,100.4423,96.2814,99.8314,1171.31
2023-06-20 20:00:00,99.8314,101.3796,99.3862,100.9916,1171.68
2023-06-21 00:00:00,100.9917,103.8247,100.7632,102.4299,1172.05
2023-06-21 04:00:00,102.4299,103.5283,102.2688,103.0048,1172.42
2023-06-21 08:00:00,103.0048,104.3024,102.653,103.2107,1172.79
2023-06-21 12:00:00,103.2107,107.078,102.9674,106.4985,1173.16
2023-06-21 16:00:00,106.4985,109.9321,106.1338,107.4277,1173.53
2023-06-21 20:00:00,107.4414,107.7902,106.2782,107.0199,1173.9137
2023-06-22 00:00:00,107.0062,108.8618,106.5897,108.0841,1174.27
2023-06-22 04:00:00,108.084,108.3267,107.0137,107.3875,1174.64
2023-06-22 08:00:00,107.3875,107.9485,106.4075,106.7712,1175.01
2023-06-22 12:00:00,106.7712,108.3308,105.2856,106.4952,1175.38
2023-06-22 16:00:00,106.4952,107.9158,106.3412,107.7883,1175.75
2023-06-22 20:00:00,107.7883,107.994,106.5499,106.6175,1176.12
2023-06-23 00:00:00,106.6312,107.2844,106.2782,107.0701,1176.5037
2023-06-23 04:00:00,107.0565,107.3715,106.6366,106.7854,1176.86
2023-06-23 08:00:00,106.7991,107.7874,106.6589,107.5443,1177.2437
2023-06-23 12:00:00,107.5306,112.0727,106.6608,111.4447,1177.6
2023-06-23 16:00:00,111.4448,112.1866,109.1733,110.1706,1177.97
2023-06-23 20:00:00,110.1707,110.4673,108.5945,109.4843,1178.34
2023-06-24 00:00:00,109.4844,109.9111,108.4407,109.6324,1178.71
2023-06-24 04:00:00,109.6324,109.8893,108.9474,109.0529,1179.08
2023-06-24 08:00:00,109.0529,109.7278,108.9501,109.4696,1179.45
2023-06-24 12:00:00,109.4696,109.9321,107.9843,108.4505,1179.82
2023-06-24 16:00:00,108.4505,109.6087,107.8699,109.2679,1180.19
2023-06-24 20:00:00,109.2679,109.3179,108.437,108.9097,1180.56
2023-06-25 00:00:00,108.9097,109.8739,108.6384,109.6982,1180.93
2023-06-25 04:00:00,109.6982,110.8098,109.3572,109.6102,1181.3
2023-06-25 08:00:00,109.6102,109.7955,109.0633,109.5825,1181.67
2023-06-25 12:00:00,109.5825,109.7173,108.6263,109.1156,1182.04
2023-06-25 16:00:00,109.1156,109.4152,108.1482,108.5613,1182.41
2023-06-25 20:00:00,108.5613,109.1183,107.968,108.6786,1182.78
2023-06-26 00:00:00,108.6787,109.0402,106.8482,108.0853,1183.15
2023-06-26 04:00:00,108.0853,109.1472,107.5659,108.4704,1183.52
2023-06-26 08:00:00,108.4703,108.6062,107.4418,108.18,1183.89
2023-06-26 12:00:00,108.18,109.4541,107.895,108.5251,1184.26
2023-06-26 16:00:00,108.5251,108.6192,106.7283,107.8984,1184.63
2023-06-26 20:00:00,107.8984,108.1126,107.3312,107.9841,1185.0
2023-06-27 00:00:00,107.9841,108.8507,107.7849,108.3536,1185.37
2023-06-27 04:00:00,108.3536,108.7577,107.8114,108.4951,1185.74
2023-06-27 08:00:00,108.4951,109.8857,108.1767,109.6292,1186.11
2023-06-27 12:00:00,109.6291,110.6277,108.3444,108.8073,1186.48
2023-06-27 16:00:00,108.8073,109.8249,108.6031,109.3399,1186.85
2023-06-27 20:00:00,109.3399,109.7046,108.9548,109.4984,1187.22
2023-06-28 00:00:00,109.4984,109.6101,108.178,108.6433,1187.59
2023-06-28 04:00:00,108.6432,108.822,107.5337,107.6921,1187.96
2023-06-28 08:00:00,107.6921,108.4623,107.5167,108.1366,1188.33
2023-06-28 12:00:00,108.1366,108.8292,107.0101,108.4945,1188.7
2023-06-28 16:00:00,108.4946,108.7418,106.4743,107.3848,1189.07
2023-06-28 20:00:00,107.3848,107.8577,106.7954,107.3042,1189.44
2023-06-29 00:00:00,107.3042,107.9553,107.1563,107.6559,1189.81
2023-06-29 04:00:00,107.6559,108.5817,107.4812,108.2421,1190.18
2023-06-29 08:00:00,108.2421,109.7537,108.1811,109.4217,1190.55
2023-06-29 12:00:00,109.4217,110.089,108.4051,108.7362,1190.92
2023-06-29 16:00:00,108.7362,109.4447,108.4644,109.115,1191.29
2023-06-29 20:00:00,109.115,109.3609,107.8699,108.6239,1191.66
2023-06-30 00:00:00,108.6239,110.2306,108.2166,109.6861,1192.03
2023-06-30 04:00:00,109.6861,111.6517,109.1543,109.7576,1192.4
2023-06-30 08:00:00,109.7576,110.5143,109.5378,110.2746,1192.77
2023-06-30 12:00:00,110.2746,111.1357,105.1942,107.2696,1193.14
2023-06-30 16:00:00,107.2696,109.7469,106.7122,108.3565,1193.51
2023-06-30 20:00:00,108.3565,109.0204,108.1927,108.7119,1193.88
2023-07-01 00:00:00,108.7119,108.9858,108.3189,108.448,1194.25
2023-07-01 04:00:00,108.448,108.7644,108.1217,108.6687,1194.62
2023-07-01 08:00:00,108.6687,109.2186,108.4792,108.894,1194.99
2023-07-01 12:00:00,108.894,109.4384,108.7759,109.0708,1195.36
2023-07-01 16:00:00,109.0708,109.3396,108.9188,109.2025,1195.73
2023-07-01 20:00:00,109.2025,109.2638,108.9362,109.1183,1196.1
2023-07-02 00:00:00,109.1183,109.3969,108.6304,108.845,1196.47
2023-07-02 04:00:00,108.845,109.0515,108.6548,108.8582,1196.84
2023-07-02 08:00:00,108.8582,109.0473,108.7048,108.9714,1197.21
2023-07-02 12:00:00,108.9714,109.3185,107.531,108.8047,1197.58
2023-07-02 16:00:00,108.8047,109.5509,108.2861,109.0178,1197.95
2023-07-02 20:00:00,109.0178,109.9,108.4959,109.2293,1198.32
2023-07-03 00:00:00,109.2293,109.9321,109.075,109.7275,1198.69
2023-07-03 04:00:00,109.7275,109.9171,109.14,109.4083,1199.06
2023-07-03 08:00:00,109.4083,109.5786,109.058,109.2586,1199.43
2023-07-03 12:00:00,109.2586,111.2521,109.0125,110.8405,1199.8
2023-07-03 16:00:00,110.8405,112.0013,109.835,111.5084,1200.17
2023-07-03 20:00:00,111.5083,111.7129,110.1889,111.1529,1200.54
2023-07-04 00:00:00,111.1529,111.8968,110.8898,111.2938,1200.91
2023-07-04 04:00:00,111.2937,111.4029,110.115,110.2796,1201.28
2023-07-04 08:00:00,110.2795,110.931,110.0736,110.8382,1201.65
2023-07-04 12:00:00,110.8382,110.931,110.1389,110.4685,1202.02
2023-07-04 16:00:00,110.4686,111.1094,109.1899,109.5141,1202.39
2023-07-04 20:00:00,109.5141,110.0881,109.363,109.7626,1202.76
2023-07-05 00:00:00,109.7627,110.2106,109.6609,110.1272,1203.13
2023-07-05 04:00:00,110.1272,110.1803,109.6965,109.7902,1203.5
2023-07-05 08:00:00,109.7902,109.969,108.2267,108.4704,1203.87
2023-07-05 12:00:00,108.4704,108.6906,107.6916,108.2985,1204.24
2023-07-05 16:00:00,108.2985,109.1885,108.1685,108.5691,1204.61
2023-07-05 20:00:00,108.5691,109.0014,108.3474,108.829,1204.98
2023-07-06 00:00:00,108.829,109.0777,108.1446,108.7792,1205.35
2023-07-06 04:00:00,108.7792,110.1386,108.5416,109.8935,1205.72
2023-07-06 08:00:00,109.8935,112.4294,109.4789,110.0482,1206.09
2023-07-06 12:00:00,110.0482,110.2429,106.5785,108.4801,1206.46
2023-07-06 16:00:00,108.48,108.7339,107.5396,108.1336,1206.83
2023-07-06 20:00:00,108.1336,108.3095,106.4445,106.655,1207.2
2023-07-07 00:00:00,106.6549,107.669,105.9114,107.5111,1207.57
2023-07-07 04:00:00,107.5111,108.1483,106.7302,107.0544,1207.94
2023-07-07 08:00:00,107.0545,107.788,106.871,107.4515,1208.31
2023-07-07 12:00:00,107.4515,108.6612,107.1245,108.4224,1208.68
2023-07-07 16:00:00,108.4224,108.6799,107.3919,107.9064,1209.05
2023-07-07 20:00:00,107.9064,108.3126,107.7421,108.2578,1209.42
2023-07-08 00:00:00,108.2578,108.458,107.8952,108.0085,1209.79
2023-07-08 04:00:00,108.0085,108.0741,107.4961,107.7179,1210.16
2023-07-08 08:00:00,107.7179,108.1982,107.5354,107.7477,1210.53
2023-07-08 12:00:00,107.7477,107.932,107.521,107.7701,1210.9
2023-07-08 16:00:00,107.7701,108.2134,107.1367,107.4276,1211.27
2023-07-08 20:00:00,107.4276,108.1126,107.1709,108.0435,1211.64
2023-07-09 00:00:00,108.0435,108.5157,107.8573,108.0555,1212.01
2023-07-09 04:00:00,108.0555,108.1479,107.8105,107.9734,1212.38
2023-07-09 08:00:00,107.9734,108.184,107.8343,107.9795,1212.75
2023-07-09 12:00:00,107.9795,108.6675,107.6559,108.2748,1213.12
2023-07-09 16:00:00,108.2748,108.3258,107.7058,107.8929,1213.49
2023-07-09 20:00:00,107.8929,107.9699,107.1961,107.6014,1213.86
2023-07-10 00:00:00,107.6014,107.9343,106.7997,107.5852,1214.23
2023-07-10 04:00:00,107.5852,107.6488,107.1574,107.428,1214.6
2023-07-10 08:00:00,107.428,107.9553,106.9781,107.8843,1214.97
2023-07-10 12:00:00,107.8843,108.3695,107.4889,108.144,1215.34
2023-07-10 16:00:00,108.144,110.0748,107.8378,110.0155,1215.71
2023-07-10 20:00:00,110.0155,110.809,107.6559,108.4963,1216.08
2023-07-11 00:00:00,108.4963,109.2186,108.2741,108.7262,1216.45
2023-07-11 04:00:00,108.7262,109.4255,108.5152,108.9381,1216.82
2023-07-11 08:00:00,108.9381,109.102,108.2063,108.4704,1217.19
2023-07-11 12:00:00,108.4704,109.9807,108.0483,109.1559,1217.56
2023-07-11 16:00:00,109.1559,109.5535,108.4229,109.1043,1217.93
2023-07-11 20:00:00,109.1044,109.397,108.7674,109.2474,1218.3
2023-07-12 00:00:00,109.2474,109.4732,108.7545,109.1269,1218.67
2023-07-12 04:00:00,109.1269,110.107,108.9956,109.6681,1219.04
2023-07-12 08:00:00,109.6681,109.9647,109.3184,109.7974,1219.41
2023-07-12 12:00:00,109.7974,110.5859,108.6248,108.8997,1219.78
2023-07-12 16:00:00,108.8997,108.999,107.7272,108.0536,1220.15
2023-07-12 20:00:00,108.0536,108.5764,107.8281,108.3837,1220.52
2023-07-13 00:00:00,108.3837,108.6237,107.9556,108.0912,1220.89
2023-07-13 04:00:00,108.0912,108.6011,107.8735,108.3338,1221.26
2023-07-13 08:00:00,108.3338,109.3508,108.209,108.9688,1221.63
2023-07-13 12:00:00,108.9688,111.2521,108.6188,110.3012,1222.0
2023-07-13 16:00:00,110.3012,113.5147,109.5405,112.7576,1222.37
2023-07-13 20:00:00,112.7576,113.1125,110.5456,112.2161,1222.74
2023-07-14 00:00:00,112.2161,112.8932,111.7336,112.2367,1223.11
2023-07-14 04:00:00,112.2367,112.3188,110.8141,110.9479,1223.48
2023-07-14 08:00:00,110.9479,111.6726,110.8451,111.3434,1223.85
2023-07-14 12:00:00,111.3433,111.9304,110.724,111.4536,1224.22
2023-07-14 16:00:00,111.4536,111.6285,106.6213,107.4389,1224.59
2023-07-14 20:00:00,107.4389,108.2162,106.9256,108.1412,1224.96
2023-07-15 00:00:00,108.1411,108.4726,107.6916,108.073,1225.33
2023-07-15 04:00:00,108.073,108.3867,107.8965,108.2339,1225.7
2023-07-15 08:00:00,108.2339,108.404,107.9172,108.1411,1226.07
2023-07-15 12:00:00,108.1411,108.3803,107.8735,108.1105,1226.44
2023-07-15 16:00:00,108.1104,108.3559,107.8945,108.1927,1226.81
2023-07-15 20:00:00,108.1927,108.2427,107.9411,108.0609,1227.18
2023-07-16 00:00:00,108.0609,108.2732,107.2074,107.6987,1227.55
2023-07-16 04:00:00,107.6987,108.1911,107.4582,107.9742,1227.92
2023-07-16 08:00:00,107.9743,108.3267,107.9242,108.1198,1228.29
2023-07-16 12:00:00,108.1198,108.653,107.9523,108.3835,1228.66
2023-07-16 16:00:00,108.3836,108.5162,107.6931,107.9304,1229.03
2023-07-16 20:00:00,107.9304,108.3659,107.4167,107.8557,1229.4
2023-07-17 00:00:00,107.8557,108.2802,107.606,108.1435,1229.77
2023-07-17 04:00:00,108.1435,108.2305,107.8059,108.0305,1230.14
2023-07-17 08:00:00,108.0306,108.2482,106.8546,107.6049,1230.51
2023-07-17 12:00:00,107.6049,108.1769,107.0922,107.6518,1230.88
2023-07-17 16:00:00,107.6518,107.9379,105.7622,106.6156,1231.25
2023-07-17 20:00:00,106.6156,108.0973,106.5549,107.5204,1231.62
2023-07-18 00:00:00,107.5204,107.9335,107.2419,107.2919,1231.99
2023-07-18 04:00:00,107.2919,107.4997,106.6981,106.9143,1232.36
2023-07-18 08:00:00,106.9143,107.4765,106.3002,106.6142,1232.73
2023-07-18 12:00:00,106.6142,107.1999,105.8186,106.7141,1233.1
2023-07-18 16:00:00,106.7141,106.9531,105.237,106.0148,1233.47
2023-07-18 20:00:00,106.0148,106.5964,105.8744,106.5255,1233.84
2023-07-19 00:00:00,106.5255,107.3517,106.4054,107.2389,1234.21
2023-07-19 04:00:00,107.2389,107.7526,106.8584,107.0305,1234.58
2023-07-19 08:00:00,107.0305,107.2421,106.5041,107.0731,1234.95
2023-07-19 12:00:00,107.0731,107.5347,106.1288,106.8727,1235.32
2023-07-19 16:00:00,106.8727,107.4348,106.5142,107.1861,1235.69
2023-07-19 20:00:00,107.1861,107.2707,106.3728,106.7041,1236.06
2023-07-20 00:00:00,106.7041,107.2491,106.5545,106.8426,1236.43
2023-07-20 04:00:00,106.8425,107.9592,106.7172,107.7514,1236.8
2023-07-20 08:00:00,107.7515,108.5674,107.5726,108.0444,1237.17
2023-07-20 12:00:00,108.0444,108.2054,105.6475,106.3508,1237.54
2023-07-20 16:00:00,106.3508,106.6239,105.4474,106.1575,1237.91
2023-07-20 20:00:00,106.1575,106.6785,105.7992,106.3145,1238.28
2023-07-21 00:00:00,106.3145,106.9104,106.0017,106.6628,1238.65
2023-07-21 04:00:00,106.6628,106.7355,106.0929,106.1961,1239.02
2023-07-21 08:00:00,106.1961,106.5478,106.0139,106.2378,1239.39
2023-07-21 12:00:00,106.2378,106.771,106.1878,106.55,1239.76
2023-07-21 16:00:00,106.55,107.2982,106.1575,106.5856,1240.13
2023-07-21 20:00:00,106.5856,106.9175,106.3856,106.6774,1240.5
2023-07-22 00:00:00,106.6774,107.0745,106.607,106.6834,1240.87
2023-07-22 04:00:00,106.6834,107.0424,106.4358,106.831,1241.24
2023-07-22 08:00:00,106.831,107.0064,106.4946,106.6247,1241.61
2023-07-22 12:00:00,106.6246,106.7475,106.3672,106.6721,1241.98
2023-07-22 16:00:00,106.6721,106.7523,106.2704,106.4429,1242.35
2023-07-22 20:00:00,106.4429,106.5063,105.6405,106.2931,1242.72
2023-07-23 00:00:00,106.2931,106.699,106.0148,106.4776,1243.09
2023-07-23 04:00:00,106.4776,107.0098,106.4276,106.7284,1243.46
2023-07-23 08:00:00,106.7284,106.9318,106.5642,106.6305,1243.83
2023-07-23 12:00:00,106.6306,106.8337,106.4511,106.6629,1244.2
2023-07-23 16:00:00,106.6629,108.3267,106.6128,107.3602,1244.57
2023-07-23 20:00:00,107.3602,107.59,106.6939,107.3268,1244.94
2023-07-24 00:00:00,107.3268,107.4333,105.8001,106.0149,1245.31
2023-07-24 04:00:00,106.0148,106.6142,105.765,106.4144,1245.68
2023-07-24 08:00:00,106.4144,106.4806,103.4104,104.4236,1246.05
2023-07-24 12:00:00,104.4236,104.4737,102.9177,103.795,1246.42
2023-07-24 16:00:00,103.795,104.0711,103.4104,103.8814,1246.79
2023-07-24 20:00:00,103.8814,104.2596,103.7328,104.0901,1247.16
2023-07-25 00:00:00,104.1038,104.1782,103.5941,103.8701,1247.5437
2023-07-25 04:00:00,103.8564,104.1002,103.6764,103.9687,1247.9
2023-07-25 08:00:00,103.9687,104.5165,103.8385,103.9181,1248.27
2023-07-25 12:00:00,103.9181,104.7254,103.706,104.108,1248.64
2023-07-25 16:00:00,104.1079,104.8518,104.0579,104.1698,1249.01
2023-07-25 20:00:00,104.1697,104.4237,104.0666,104.2771,1249.38
2023-07-26 00:00:00,104.2771,104.9834,103.7563,104.3267,1249.75
2023-07-26 04:00:00,104.3266,104.6551,104.0526,104.2332,1250.12
2023-07-26 08:00:00,104.2332,104.3686,103.9824,104.0862,1250.49
2023-07-26 12:00:00,104.0862,104.7734,104.0039,104.6163,1250.86
2023-07-26 16:00:00,104.6164,105.2907,104.1061,104.8944,1251.23
2023-07-26 20:00:00,104.8944,105.9721,104.4094,104.7161,1251.6
2023-07-27 00:00:00,104.7571,105.1585,104.529,104.9492,1252.0111
2023-07-27 04:00:00,104.9081,105.2921,104.7611,104.9309,1252.34
2023-07-27 08:00:00,104.9309,105.535,104.8232,105.2693,1252.71
2023-07-27 12:00:00,105.2693,105.3193,104.2552,104.5022,1253.08
2023-07-27 16:00:00,104.5022,104.6992,103.7096,104.0449,1253.45
2023-07-27 20:00:00,104.0449,104.3595,103.8867,104.2552,1253.82
2023-07-28 00:00:00,104.2552,104.5996,104.0817,104.3661,1254.19
2023-07-28 04:00:00,104.366,104.4594,103.8926,103.9627,1254.56
2023-07-28 08:00:00,103.9627,104.3883,103.8497,104.1975,1254.93
2023-07-28 12:00:00,104.1974,105.4449,104.1474,104.8446,1255.3
2023-07-28 16:00:00,104.8446,104.9374,104.1027,104.5878,1255.67
2023-07-28 20:00:00,104.5878,104.8107,104.4261,104.5812,1256.04
2023-07-29 00:00:00,104.5812,104.9237,104.4664,104.7872,1256.41
2023-07-29 04:00:00,104.7872,104.9622,104.4629,104.5129,1256.78
2023-07-29 08:00:00,104.5129,104.6897,104.3244,104.4136,1257.15
2023-07-29 12:00:00,104.4136,104.7065,104.3447,104.5034,1257.52
2023-07-29 16:00:00,104.5034,104.7577,104.4472,104.6664,1257.89
2023-07-29 20:00:00,104.6664,104.8694,104.6164,104.7194,1258.26
2023-07-30 00:00:00,104.7194,104.7695,104.5022,104.5839,1258.63
2023-07-30 04:00:00,104.584,104.6948,104.3689,104.5104,1259.0
2023-07-30 08:00:00,104.5104,104.6751,104.2389,104.5807,1259.37
2023-07-30 12:00:00,104.5807,105.1123,104.4036,104.7068,1259.74
2023-07-30 16:00:00,104.7068,104.9577,103.8154,104.1821,1260.11
2023-07-30 20:00:00,104.1821,104.5236,103.529,104.4632,1260.48
2023-07-31 00:00:00,104.4632,105.4013,104.3523,104.9659,1260.85
2023-07-31 04:00:00,104.966,105.0933,104.6971,104.7933,1261.22
2023-07-31 08:00:00,104.7934,105.009,104.596,104.9088,1261.59
2023-07-31 12:00:00,104.9088,105.2014,104.2166,104.3451,1261.96
2023-07-31 16:00:00,104.3452,104.4915,103.7736,104.0223,1262.33
2023-07-31 20:00:00,104.0223,104.5637,103.823,104.289,1262.7
2023-08-01 00:00:00,104.289,104.749,102.4115,102.8718,1263.07
2023-08-01 04:00:00,102.8718,103.4063,102.7094,103.2367,1263.44
2023-08-01 08:00:00,103.2368,103.4947,102.9187,102.9688,1263.81
2023-08-01 12:00:00,102.9688,103.4391,101.9324,103.2963,1264.18
2023-08-01 16:00:00,103.2963,104.7056,102.9253,104.4394,1264.55
2023-08-01 20:00:00,104.4395,106.1478,104.0526,105.9791,1264.92
2023-08-02 00:00:00,105.9791,107.2475,105.6313,105.7186,1265.29
2023-08-02 04:00:00,105.7186,106.0783,105.4226,105.5199,1265.66
2023-08-02 08:00:00,105.5198,105.5699,104.7612,105.4672,1266.03
2023-08-02 12:00:00,105.4809,105.6782,104.0272,104.6208,1266.4137
2023-08-02 16:00:00,104.607,104.809,103.1518,104.0011,1266.77
2023-08-02 20:00:00,104.0012,104.3419,103.6471,104.124,1267.14
2023-08-03 00:00:00,104.124,104.4944,103.8612,104.1102,1267.51
2023-08-03 04:00:00,104.1102,104.1954,103.457,103.618,1267.88
2023-08-03 08:00:00,103.618,104.216,103.2963,103.9813,1268.25
2023-08-03 12:00:00,103.9813,105.0564,103.6902,104.3847,1268.62
2023-08-03 16:00:00,104.3847,104.8264,103.9012,104.4641,1268.99
2023-08-03 20:00:00,104.4641,104.7988,104.0007,104.1513,1269.36
2023-08-04 00:00:00,104.1513,104.4083,103.7672,104.0358,1269.73
2023-08-04 04:00:00,104.0358,104.4131,103.891,104.22,1270.1
2023-08-04 08:00:00,104.22,104.4506,103.8992,104.058,1270.47
2023-08-04 12:00:00,104.058,104.6987,103.8742,104.439,1270.84
2023-08-04 16:00:00,104.439,104.5333,103.2321,103.5748,1271.21
2023-08-04 20:00:00,103.5748,103.9755,102.7238,103.8671,1271.58
2023-08-05 00:00:00,103.8671,104.0535,103.6427,103.7977,1271.95
2023-08-05 04:00:00,103.7976,103.8591,103.5353,103.6488,1272.32
2023-08-05 08:00:00,103.6488,103.8329,103.5687,103.6317,1272.69
2023-08-05 12:00:00,103.6317,103.8034,103.3342,103.6085,1273.06
2023-08-05 16:00:00,103.6085,103.8636,103.4439,103.7007,1273.43
2023-08-05 20:00:00,103.7007,103.84,103.5977,103.7178,1273.8
2023-08-06 00:00:00,103.7178,103.7921,103.5389,103.6887,1274.17
2023-08-06 04:00:00,103.6888,103.8939,103.5744,103.7911,1274.54
2023-08-06 08:00:00,103.7911,104.017,103.581,103.7387,1274.91
2023-08-06 12:00:00,103.7387,103.7887,103.3815,103.5066,1275.28
2023-08-06 16:00:00,103.5065,103.8776,103.4123,103.7744,1275.65
2023-08-06 20:00:00,103.7744,104.2421,103.5465,103.7759,1276.02
2023-08-07 00:00:00,103.7759,104.3296,103.4755,104.0408,1276.39
2023-08-07 04:00:00,104.0407,104.2162,103.5916,103.7961,1276.76
2023-08-07 08:00:00,103.7961,104.0593,103.5715,103.7867,1277.13
2023-08-07 12:00:00,103.7867,104.0456,102.6567,102.9554,1277.5
2023-08-07 16:00:00,102.9554,104.1766,102.3438,104.0131,1277.87
2023-08-07 20:00:00,104.0131,104.4979,103.8425,104.2134,1278.24
2023-08-08 00:00:00,104.2134,104.4384,103.9329,104.1564,1278.61
2023-08-08 04:00:00,104.1564,104.6922,104.0591,104.1298,1278.98
2023-08-08 08:00:00,104.1298,105.0872,104.0222,105.0253,1279.35
2023-08-08 12:00:00,105.0253,105.9175,104.6734,105.3705,1279.72
2023-08-08 16:00:00,105.3705,106.8997,105.3205,106.615,1280.09
2023-08-08 20:00:00,106.615,107.9485,105.8569,106.209,1280.46
2023-08-09 00:00:00,106.2089,106.661,105.5974,106.0149,1280.83
2023-08-09 04:00:00,106.0148,106.4405,105.8126,106.3787,1281.2
2023-08-09 08:00:00,106.3788,106.7719,106.0505,106.6296,1281.57
2023-08-09 12:00:00,106.6296,107.6488,105.8252,106.1779,1281.94
2023-08-09 16:00:00,106.1779,106.2718,104.8266,104.9453,1282.31
2023-08-09 20:00:00,104.9453,105.7437,104.7542,105.5367,1282.68
2023-08-10 00:00:00,105.5367,105.8653,105.432,105.539,1283.05
2023-08-10 04:00:00,105.539,105.7116,105.1625,105.287,1283.42
2023-08-10 08:00:00,105.287,105.5082,105.1086,105.2585,1283.79
2023-08-10 12:00:00,105.2585,106.1433,104.8375,105.1229,1284.16
2023-08-10 16:00:00,105.1229,105.216,104.5528,105.0463,1284.53
2023-08-10 20:00:00,105.0463,105.2525,104.9185,105.0864,1284.9
2023-08-11 00:00:00,105.0864,105.2877,104.6679,104.9303,1285.27
2023-08-11 04:00:00,104.9303,105.2586,104.7663,104.9491,1285.64
2023-08-11 08:00:00,104.9491,105.1242,104.6591,105.0514,1286.01
2023-08-11 12:00:00,105.0514,105.5244,104.6734,104.8728,1286.38
2023-08-11 16:00:00,104.8728,105.0482,104.3111,104.8759,1286.75
2023-08-11 20:00:00,104.8759,105.097,104.8259,104.9803,1287.12
2023-08-12 00:00:00,104.9803,105.1541,104.7717,104.8949,1287.49
2023-08-12 04:00:00,104.8948,105.0327,104.7833,104.9641,1287.86
2023-08-12 08:00:00,104.9641,105.06,104.8038,104.994,1288.23
2023-08-12 12:00:00,104.994,105.1447,104.867,105.0259,1288.6
2023-08-12 16:00:00,105.0259,105.2277,104.8788,104.9451,1288.97
2023-08-12 20:00:00,104.9452,105.0558,104.8375,104.9951,1289.34
2023-08-13 00:00:00,104.9951,105.1344,104.8375,104.9537,1289.71
2023-08-13 04:00:00,104.9537,105.0037,104.7055,104.8745,1290.08
2023-08-13 08:00:00,104.8745,104.9964,104.75,104.8282,1290.45
2023-08-13 12:00:00,104.8282,104.9152,104.7019,104.7954,1290.82
2023-08-13 16:00:00,104.7954,105.2038,104.5814,105.0406,1291.19
2023-08-13 20:00:00,105.0406,105.1016,104.382,104.5444,1291.56
2023-08-14 00:00:00,104.5444,105.0443,103.7759,104.8871,1291.93
2023-08-14 04:00:00,104.8871,105.1859,104.8111,104.966,1292.3
2023-08-14 08:00:00,104.966,105.2791,104.7791,104.9231,1292.67
2023-08-14 12:00:00,104.9231,105.9079,104.5971,105.601,1293.04
2023-08-14 16:00:00,105.601,105.9911,104.3273,104.7467,1293.41
2023-08-14 20:00:00,104.7467,105.1919,104.6167,104.9978,1293.78
2023-08-15 00:00:00,104.9978,105.1309,104.7375,104.8946,1294.15
2023-08-15 04:00:00,104.8946,105.0624,104.6638,104.919,1294.52
2023-08-15 08:00:00,104.919,105.1424,104.6876,104.7662,1294.89
2023-08-15 12:00:00,104.7661,105.2916,104.5342,104.6472,1295.26
2023-08-15 16:00:00,104.6473,104.8277,103.6231,104.1088,1295.63
2023-08-15 20:00:00,104.1088,104.3776,103.8949,104.174,1296.0
2023-08-16 00:00:00,104.174,104.4375,104.0703,104.2757,1296.37
2023-08-16 04:00:00,104.2757,104.3507,103.8064,104.1656,1296.74
2023-08-16 08:00:00,104.1656,104.2827,103.7672,104.0479,1297.11
2023-08-16 12:00:00,104.0479,104.2644,103.5784,103.8406,1297.48
2023-08-16 16:00:00,103.8406,104.3488,103.2535,103.8589,1297.85
2023-08-16 20:00:00,103.8589,104.0099,102.4225,102.499,1298.22
2023-08-17 00:00:00,102.499,102.738,101.0629,102.2378,1298.59
2023-08-17 04:00:00,102.2378,102.4627,101.9901,102.1118,1298.96
2023-08-17 08:00:00,102.1119,102.2093,101.5692,101.8376,1299.33
2023-08-17 12:00:00,101.8375,101.989,99.4433,99.6574,1299.7
2023-08-17 16:00:00,99.6574,100.2631,98.7725,99.5147,1300.07
2023-08-17 20:00:00,99.5147,99.6582,89.7322,94.9817,1300.44
2023-08-18 00:00:00,94.9817,95.778,93.8535,94.1775,1300.81
2023-08-18 04:00:00,94.1775,94.9839,93.2703,94.2917,1301.18
2023-08-18 08:00:00,94.2917,94.9826,94.069,94.52,1301.55
2023-08-18 12:00:00,94.52,94.5914,92.4649,92.7648,1301.92
2023-08-18 16:00:00,92.7647,93.9255,91.3484,92.9896,1302.29
2023-08-18 20:00:00,92.9896,93.6774,92.7291,92.9503,1302.66
2023-08-19 00:00:00,92.9503,93.3591,92.4365,92.6417,1303.03
2023-08-19 04:00:00,92.6417,92.8404,91.998,92.465,1303.4
2023-08-19 08:00:00,92.4651,92.8041,92.2938,92.4012,1303.77
2023-08-19 12:00:00,92.4011,93.614,92.2512,93.5283,1304.14
2023-08-19 16:00:00,93.5283,93.8101,92.8038,93.2058,1304.51
2023-08-19 20:00:00,93.2058,93.3642,92.8259,93.1144,1304.88
2023-08-20 00:00:00,93.1144,93.5493,92.8732,93.1331,1305.25
2023-08-20 04:00:00,93.133,93.379,92.8768,93.0731,1305.62
2023-08-20 08:00:00,93.0731,93.5166,92.918,93.388,1305.99
2023-08-20 12:00:00,93.388,93.5837,92.6043,93.1388,1306.36
2023-08-20 16:00:00,93.1388,93.3868,92.7166,93.2473,1306.73
2023-08-20 20:00:00,93.2473,93.8743,93.1973,93.4354,1307.1
2023-08-21 00:00:00,93.4355,93.5037,92.9574,93.0811,1307.47
2023-08-21 04:00:00,93.0811,93.482,92.7076,92.8409,1307.84
2023-08-21 08:00:00,92.8409,93.1227,92.2802,92.8704,1308.21
2023-08-21 12:00:00,92.8704,93.5172,92.0369,92.5421,1308.58
2023-08-21 16:00:00,92.5421,93.3927,92.485,93.1063,1308.95
2023-08-21 20:00:00,93.1063,93.7296,93.0011,93.2104,1309.32
2023-08-22 00:00:00,93.2104,93.305,92.7987,92.9574,1309.69
2023-08-22 04:00:00,92.9574,93.226,92.7076,93.1383,1310.06
2023-08-22 08:00:00,93.1383,93.2088,92.8047,92.9347,1310.43
2023-08-22 12:00:00,92.9347,93.1652,92.4009,92.5315,1310.8
2023-08-22 16:00:00,92.5315,93.0029,91.7311,91.9727,1311.17
2023-08-22 20:00:00,91.9728,93.0575,90.2103,92.9574,1311.54
2023-08-23 00:00:00,92.9574,93.4783,92.6725,92.7802,1311.91
2023-08-23 04:00:00,92.7802,93.4637,92.6246,92.9614,1312.28
2023-08-23 08:00:00,92.9614,93.1501,92.3602,92.5418,1312.65
2023-08-23 12:00:00,92.5418,93.4676,92.0398,93.2714,1313.02
2023-08-23 16:00:00,93.2713,95.7305,93.1616,95.0124,1313.39
2023-08-23 20:00:00,95.0124,95.3905,93.5012,94.3014,1313.76
2023-08-24 00:00:00,94.3014,94.7623,93.9412,94.3345,1314.13
2023-08-24 04:00:00,94.3345,94.6485,94.0776,94.4607,1314.5
2023-08-24 08:00:00,94.4608,94.8692,94.1682,94.3417,1314.87
2023-08-24 12:00:00,94.3417,94.3917,92.6745,92.7446,1315.24
2023-08-24 16:00:00,92.7446,93.3891,92.2224,92.8983,1315.61
2023-08-24 20:00:00,92.8983,93.5467,92.4793,93.4,1315.98
2023-08-25 00:00:00,93.4,93.476,92.7483,93.1358,1316.35
2023-08-25 04:00:00,93.1358,93.204,92.6157,92.6881,1316.72
2023-08-25 08:00:00,92.6881,93.267,92.638,93.1015,1317.09
2023-08-25 12:00:00,93.1016,93.928,91.9126,92.5151,1317.46
2023-08-25 16:00:00,92.5151,93.0453,92.1092,92.659,1317.83
2023-08-25 20:00:00,92.6591,93.1116,92.5556,92.9717,1318.2
2023-08-26 00:00:00,92.9717,93.2563,92.8047,93.0685,1318.57
2023-08-26 04:00:00,93.0686,93.1216,92.8789,92.9389,1318.94
2023-08-26 08:00:00,92.9389,93.0217,92.7142,92.9213,1319.31
2023-08-26 12:00:00,92.9212,93.0859,92.6574,92.9503,1319.68
2023-08-26 16:00:00,92.9503,93.0217,92.7246,92.8797,1320.05
2023-08-26 20:00:00,92.8797,92.9775,92.6655,92.8196,1320.42
2023-08-27 00:00:00,92.8196,92.9166,92.5867,92.836,1320.79
2023-08-27 04:00:00,92.836,93.0058,92.786,92.9132,1321.16
2023-08-27 08:00:00,92.9132,93.1487,92.8281,92.9733,1321.53
2023-08-27 12:00:00,92.9733,93.4578,92.896,93.1934,1321.9
2023-08-27 16:00:00,93.1934,93.4462,92.8406,93.2053,1322.27
2023-08-27 20:00:00,93.2053,93.2847,92.8509,93.1207,1322.64
2023-08-28 00:00:00,93.1207,93.1822,92.6591,92.8039,1323.01
2023-08-28 04:00:00,92.8176,92.9599,92.2649,92.5363,1323.3937
2023-08-28 08:00:00,92.5226,92.8219,92.2242,92.7612,1323.75
2023-08-28 12:00:00,92.7612,93.7138,92.6771,93.1293,1324.12
2023-08-28 16:00:00,93.1292,93.4919,92.4151,92.7443,1324.49
2023-08-28 20:00:00,92.7443,93.4456,92.5156,93.1857,1324.86
2023-08-29 00:00:00,93.1994,93.5571,92.9581,93.0681,1325.2437
2023-08-29 04:00:00,93.0544,93.1468,92.674,92.7726,1325.6
2023-08-29 08:00:00,92.7726,92.9717,92.4294,92.6704,1325.97
2023-08-29 12:00:00,92.6704,98.844,92.582,97.8359,1326.34
2023-08-29 16:00:00,97.8359,100.4525,97.5239,99.2911,1326.71
2023-08-29 20:00:00,99.2911,99.5276,98.176,98.8808,1327.08
2023-08-30 00:00:00,98.8808,99.1172,97.2777,97.7206,1327.45
2023-08-30 04:00:00,97.7207,98.0735,97.6022,97.8816,1327.82
2023-08-30 08:00:00,97.8816,98.1555,97.3814,97.5329,1328.19
2023-08-30 12:00:00,97.5329,98.0322,96.3367,97.0446,1328.56
2023-08-30 16:00:00,97.0446,97.3987,96.5175,96.9613,1328.93
2023-08-30 20:00:00,96.9612,97.5803,96.9112,97.3955,1329.3
2023-08-31 00:00:00,97.3955,97.4575,96.9134,97.1004,1329.67
2023-08-31 04:00:00,97.1004,97.4276,97.0423,97.2565,1330.04
2023-08-31 08:00:00,97.2565,98.4712,96.9352,97.4096,1330.41
2023-08-31 12:00:00,97.4096,97.5007,95.575,96.047,1330.78
2023-08-31 16:00:00,96.047,96.1072,92.4508,93.3384,1331.15
2023-08-31 20:00:00,93.3384,93.5028,91.4768,92.5464,1331.52
2023-09-01 00:00:00,92.5463,93.1644,92.4619,93.0466,1331.89
2023-09-01 04:00:00,93.0466,93.1465,92.6291,92.7252,1332.26
2023-09-01 08:00:00,92.7252,93.0657,92.5555,92.9271,1332.63
2023-09-01 12:00:00,92.9271,93.3642,91.1612,92.0834,1333.0
2023-09-01 16:00:00,92.0834,92.6798,90.3307,91.4935,1333.37
2023-09-01 20:00:00,91.4934,92.5844,91.1577,92.0621,1333.74
2023-09-02 00:00:00,92.0621,92.2368,91.8245,92.0373,1334.11
2023-09-02 04:00:00,92.0372,92.2833,91.8755,92.0279,1334.48
2023-09-02 08:00:00,92.0279,92.3082,91.9042,92.0924,1334.85
2023-09-02 12:00:00,92.0924,92.763,91.9429,92.3822,1335.22
2023-09-02 16:00:00,92.3822,92.5861,91.8628,92.1632,1335.59
2023-09-02 20:00:00,92.1633,92.4762,92.0578,92.2921,1335.96
2023-09-03 00:00:00,92.2921,92.4777,92.0879,92.2721,1336.33
2023-09-03 04:00:00,92.2721,92.6515,92.2221,92.6014,1336.7
2023-09-03 08:00:00,92.6015,92.6517,92.2699,92.5556,1337.07
2023-09-03 12:00:00,92.5557,93.1109,92.0202,92.3063,1337.44
2023-09-03 16:00:00,92.3063,92.9503,91.9941,92.7974,1337.81
2023-09-03 20:00:00,92.7974,93.2893,92.4505,92.6549,1338.18
2023-09-04 00:00:00,92.6549,93.193,92.2712,92.7132,1338.55
2023-09-04 04:00:00,92.7132,92.8723,92.3944,92.6326,1338.92
2023-09-04 08:00:00,92.6327,92.8477,92.228,92.3741,1339.29
2023-09-04 12:00:00,92.3741,92.6892,91.6981,92.0949,1339.66
2023-09-04 16:00:00,92.0949,92.6226,92.0298,92.3765,1340.03
2023-09-04 20:00:00,92.3766,92.5222,91.3919,92.1369,1340.4
2023-09-05 00:00:00,92.137,92.2528,91.1472,91.6604,1340.77
2023-09-05 04:00:00,91.6604,91.9397,91.5591,91.8142,1341.14
2023-09-05 08:00:00,91.8142,92.1372,91.4732,91.9859,1341.51
2023-09-05 12:00:00,91.9859,92.5061,91.3699,91.8992,1341.88
2023-09-05 16:00:00,91.8992,92.2546,91.58,91.63,1342.25
2023-09-05 20:00:00,91.63,92.1038,91.5482,92.0159,1342.62
2023-09-06 00:00:00,92.016,92.3457,91.8982,91.983,1342.99
2023-09-06 04:00:00,91.983,92.0665,91.7217,91.7906,1343.36
2023-09-06 08:00:00,91.7906,92.0128,91.6914,91.8061,1343.73
2023-09-06 12:00:00,91.8061,92.0156,91.0665,91.2878,1344.1
2023-09-06 16:00:00,91.2878,92.9503,90.469,91.65,1344.47
2023-09-06 20:00:00,91.65,92.046,91.4769,91.9012,1344.84
2023-09-07 00:00:00,91.9012,92.235,91.7258,92.1792,1345.21
2023-09-07 04:00:00,92.1792,92.2725,91.8012,91.9117,1345.58
2023-09-07 08:00:00,91.9117,91.9617,91.6055,91.718,1345.95
2023-09-07 12:00:00,91.718,92.2173,91.3355,91.9704,1346.32
2023-09-07 16:00:00,91.9704,92.7282,91.8996,92.3296,1346.69
2023-09-07 20:00:00,92.3296,94.3886,92.2018,93.6674,1347.06
2023-09-08 00:00:00,93.6674,94.397,93.4173,93.6595,1347.43
2023-09-08 04:00:00,93.6596,94.1812,93.3855,93.6717,1347.8
2023-09-08 08:00:00,93.6717,93.7599,91.4492,92.1851,1348.17
2023-09-08 12:00:00,92.1851,92.6471,91.9779,92.2034,1348.54
2023-09-08 16:00:00,92.2034,92.4353,91.708,92.3852,1348.91
2023-09-08 20:00:00,92.3853,92.5734,92.173,92.4383,1349.28
2023-09-09 00:00:00,92.4383,92.4883,92.1754,92.3117,1349.65
2023-09-09 04:00:00,92.3116,92.4302,92.1243,92.3515,1350.02
2023-09-09 08:00:00,92.3514,92.4785,92.1691,92.269,1350.39
2023-09-09 12:00:00,92.269,92.5531,91.9821,92.3798,1350.76
2023-09-09 16:00:00,92.3798,92.6117,92.1571,92.2882,1351.13
2023-09-09 20:00:00,92.2882,92.5204,92.2001,92.4066,1351.5
2023-09-10 00:00:00,92.4066,92.4604,92.0862,92.2631,1351.87
2023-09-10 04:00:00,92.2631,92.358,91.817,92.2305,1352.24
2023-09-10 08:00:00,92.2305,92.3514,91.9774,92.0274,1352.61
2023-09-10 12:00:00,92.0274,92.2183,91.6823,91.955,1352.98
2023-09-10 16:00:00,91.955,92.3082,91.1756,92.0441,1353.35
2023-09-10 20:00:00,92.0441,92.9277,91.8917,92.1926,1353.72
2023-09-11 00:00:00,92.1925,92.3678,91.4689,91.8314,1354.09
2023-09-11 04:00:00,91.8314,92.4533,91.7116,92.0928,1354.46
2023-09-11 08:00:00,92.0928,92.2045,91.1996,91.3351,1354.83
2023-09-11 12:00:00,91.3351,91.9339,88.9652,89.6038,1355.2
2023-09-11 16:00:00,89.6038,90.1337,89.1057,89.2637,1355.57
2023-09-11 20:00:00,89.2637,90.0142,88.7868,89.7698,1355.94
2023-09-12 00:00:00,89.7699,92.6292,89.6091,92.0369,1356.31
2023-09-12 04:00:00,92.0369,92.772,91.3259,92.1251,1356.68
2023-09-12 08:00:00,92.1251,93.9899,91.7632,93.1108,1357.05
2023-09-12 12:00:00,93.1107,94.2061,92.828,93.4924,1357.42
2023-09-12 16:00:00,93.4925,94.8305,92.2882,92.9943,1357.79
2023-09-12 20:00:00,92.9943,93.3753,91.9584,92.1872,1358.16
2023-09-13 00:00:00,92.1872,92.7574,91.8663,92.3268,1358.53
2023-09-13 04:00:00,92.3268,93.1998,92.1757,92.3292,1358.9
2023-09-13 08:00:00,92.3292,93.6916,92.2302,93.4655,1359.27
2023-09-13 12:00:00,93.4655,94.191,92.7655,93.6185,1359.64
2023-09-13 16:00:00,93.6185,94.2533,92.9038,93.2571,1360.01
2023-09-13 20:00:00,93.2571,93.8974,93.2071,93.5496,1360.38
2023-09-14 00:00:00,93.5496,94.7404,93.1599,93.7055,1360.75
2023-09-14 04:00:00,93.7055,94.1993,93.2926,93.9865,1361.12
2023-09-14 08:00:00,93.9865,94.554,93.6709,94.3493,1361.49
2023-09-14 12:00:00,94.3493,95.6564,93.928,95.2334,1361.86
2023-09-14 16:00:00,95.2334,95.8775,94.6577,95.177,1362.23
2023-09-14 20:00:00,95.1769,95.3893,94.3951,94.6225,1362.6
2023-09-15 00:00:00,94.6225,95.0357,94.3066,94.9531,1362.97
2023-09-15 04:00:00,94.9531,95.1474,94.6733,94.7758,1363.34
2023-09-15 08:00:00,94.7758,95.2693,94.0455,94.2744,1363.71
2023-09-15 12:00:00,94.2745,94.6877,93.5068,93.9036,1364.08
2023-09-15 16:00:00,93.9035,94.3932,93.8315,94.1753,1364.45
2023-09-15 20:00:00,94.1753,95.9757,94.0391,94.8982,1364.82
2023-09-16 00:00:00,94.8982,95.5797,94.7462,94.9568,1365.19
2023-09-16 04:00:00,94.9568,95.0244,94.3753,94.5218,1365.56
2023-09-16 08:00:00,94.5218,94.8839,94.2952,94.6274,1365.93
2023-09-16 12:00:00,94.6273,94.8639,94.4267,94.5668,1366.3
2023-09-16 16:00:00,94.5668,95.0275,94.4777,94.6584,1366.67
2023-09-16 20:00:00,94.6584,94.8768,94.5164,94.7543,1367.04
2023-09-17 00:00:00,94.768,94.818,94.206,94.6595,1367.4237
2023-09-17 04:00:00,94.6595,94.8549,94.4726,94.5406,1367.7937
2023-09-17 08:00:00,94.5269,95.0311,94.4669,94.7793,1368.15
2023-09-17 12:00:00,94.7793,94.9482,94.5816,94.7197,1368.52
2023-09-17 16:00:00,94.7197,94.7734,94.3653,94.5598,1000.0
2023-09-17 20:00:00,94.5598,94.713,94.1311,94.6396,1000.37
2023-09-18 00:00:00,94.6395,95.4833,94.0539,95.1075,1000.74
2023-09-18 04:00:00,95.1075,95.6617,94.7308,95.293,1001.11
2023-09-18 08:00:00,95.293,97.2315,95.1479,97.028,1001.48
2023-09-18 12:00:00,97.028,97.8344,96.739,97.2864,1001.85
2023-09-18 16:00:00,97.3001,97.4949,94.9725,95.6782,1002.2337
2023-09-18 20:00:00,95.6644,95.9523,95.3048,95.478,1002.59
2023-09-19 00:00:00,95.4779,95.8068,95.09,95.6774,1002.96
2023-09-19 04:00:00,95.6774,95.9283,95.3865,95.7801,1003.33
2023-09-19 08:00:00,95.7801,98.0377,95.7301,97.1727,1003.7
2023-09-19 12:00:00,97.1728,98.0877,95.852,97.8316,1004.07
2023-09-19 16:00:00,97.8316,98.1004,96.5246,96.9868,1004.44
2023-09-19 20:00:00,96.9868,97.1701,96.2396,97.0754,1004.81
2023-09-20 00:00:00,97.0753,97.7617,96.5785,96.7515,1005.18
2023-09-20 04:00:00,96.7515,96.9457,96.0497,96.702,1005.55
2023-09-20 08:00:00,96.702,97.0804,96.0968,96.6751,1005.92
2023-09-20 12:00:00,96.6751,97.2239,96.2679,96.9696,1006.29
2023-09-20 16:00:00,96.9696,97.4455,95.5617,96.0777,1006.66
2023-09-20 20:00:00,96.0777,97.2361,95.9959,96.7712,1007.03
2023-09-21 00:00:00,96.7712,96.9446,96.0493,96.4501,1007.4
2023-09-21 04:00:00,96.4501,96.7433,96.2036,96.2899,1007.77
2023-09-21 08:00:00,96.2899,96.4359,94.9156,95.3648,1008.14
2023-09-21 12:00:00,95.3647,95.5796,94.0551,94.8412,1008.51
2023-09-21 16:00:00,94.8411,95.2928,94.6549,94.898,1008.88
2023-09-21 20:00:00,94.898,95.0251,94.4841,94.7843,1009.25
2023-09-22 00:00:00,94.7843,95.1984,94.38,94.9973,1009.62
2023-09-22 04:00:00,94.9973,95.3244,94.7552,95.165,1009.99
2023-09-22 08:00:00,95.165,95.4597,94.8125,95.0418,1010.36
2023-09-22 12:00:00,95.0418,95.2988,94.6934,95.0088,1010.73
2023-09-22 16:00:00,95.0088,95.1087,94.6021,94.6845,1011.1
2023-09-22 20:00:00,94.6845,94.9409,94.4486,94.8273,1011.47
2023-09-23 00:00:00,94.8273,95.0016,94.5792,94.6563,1011.84
2023-09-23 04:00:00,94.6563,94.9009,94.5235,94.8458,1012.21
2023-09-23 08:00:00,94.8458,94.9296,94.6858,94.8097,1012.58
2023-09-23 12:00:00,94.8097,94.9072,94.6563,94.8324,1012.95
2023-09-23 16:00:00,94.8324,95.0652,94.7049,94.9342,1013.32
2023-09-23 20:00:00,94.9342,94.9932,94.6986,94.8124,1013.69
2023-09-24 00:00:00,94.8125,94.9125,94.7014,94.7945,1014.06
2023-09-24 04:00:00,94.7945,94.8544,94.6673,94.7678,1014.43
2023-09-24 08:00:00,94.7677,94.9903,94.7177,94.8865,1014.8
2023-09-24 12:00:00,94.8865,95.0509,94.719,94.8199,1015.17
2023-09-24 16:00:00,94.8199,95.4424,93.9057,94.3601,1015.54
2023-09-24 20:00:00,94.3601,94.6687,93.1432,93.6437,1015.91
2023-09-25 00:00:00,93.6438,94.0317,92.7076,93.3193,1016.28
2023-09-25 04:00:00,93.3193,93.5049,92.8508,93.4327,1016.65
2023-09-25 08:00:00,93.4327,93.6404,92.779,93.0267,1017.02
2023-09-25 12:00:00,93.0266,93.8779,92.6736,93.6271,1017.39
2023-09-25 16:00:00,93.6272,94.3261,93.5008,93.9415,1017.76
2023-09-25 20:00:00,93.9415,94.3993,93.6489,93.8451,1018.13
2023-09-26 00:00:00,93.845,94.2256,93.5438,94.0201,1018.5
2023-09-26 04:00:00,94.0201,94.1057,93.6125,93.7281,1018.87
2023-09-26 08:00:00,93.728,94.0019,93.3793,93.7345,1019.24
2023-09-26 12:00:00,93.7345,93.9007,93.0228,93.2095,1019.61
2023-09-26 16:00:00,93.2095,93.8636,93.1179,93.6413,1019.98
2023-09-26 20:00:00,93.6413,93.8375,93.0644,93.5485,1020.35
2023-09-27 00:00:00,93.5485,93.8404,93.4317,93.7496,1020.72
2023-09-27 04:00:00,93.7495,93.8387,93.5344,93.6365,1021.09
2023-09-27 08:00:00,93.6365,95.8332,93.5058,95.4929,1021.46
2023-09-27 12:00:00,95.4929,95.8401,93.3119,93.8437,1021.83
2023-09-27 16:00:00,93.8437,93.9271,93.1074,93.713,1022.2
2023-09-27 20:00:00,93.7131,94.1812,93.5172,94.0883,1022.57
2023-09-28 00:00:00,94.102,94.8112,93.9429,94.124,1022.9537
2023-09-28 04:00:00,94.1103,94.6394,93.9462,94.3987,1023.31
2023-09-28 08:00:00,94.3987,95.0332,94.0965,94.4591,1023.68
2023-09-28 12:00:00,94.4591,96.6036,94.3487,96.3966,1024.05
2023-09-28 16:00:00,96.3965,97.4758,95.7355,96.682,1024.42
2023-09-28 20:00:00,96.682,96.9689,95.9006,96.4015,1024.79
2023-09-29 00:00:00,96.4015,96.8539,95.7747,96.1754,1025.16
2023-09-29 04:00:00,96.1754,97.2489,95.904,96.9673,1025.53
2023-09-29 08:00:00,96.9674,97.0174,96.1457,96.221,1025.9
2023-09-29 12:00:00,96.221,96.907,95.0807,95.9277,1026.27
2023-09-29 16:00:00,95.9277,96.2114,95.3833,96.0631,1026.64
2023-09-29 20:00:00,96.0631,96.3217,95.7976,95.9933,1027.01
2023-09-30 00:00:00,95.9933,96.1861,95.8696,96.0231,1027.38
2023-09-30 04:00:00,96.0231,96.2255,95.9595,96.0817,1027.75
2023-09-30 08:00:00,96.0955,96.3782,96.0149,96.1107,1028.1337
2023-09-30 12:00:00,96.097,96.7141,95.9292,96.312,1028.49
2023-09-30 16:00:00,96.312,96.5308,96.1708,96.3991,1028.86
2023-09-30 20:00:00,96.3991,96.667,96.0852,96.1917,1029.23
2023-10-01 00:00:00,96.1917,96.5465,96.1114,96.4849,1029.6
2023-10-01 04:00:00,96.4849,96.941,96.3498,96.7104,1029.97
2023-10-01 08:00:00,96.7103,97.4066,96.5847,96.9949,1030.34
2023-10-01 12:00:00,96.9949,97.1932,96.5722,96.8717,1030.71
2023-10-01 16:00:00,96.8717,96.9282,96.4029,96.6928,1031.08
2023-10-01 20:00:00,96.6928,100.1765,96.3933,99.8663,1031.45
2023-10-02 00:00:00,99.8664,100.692,99.2244,100.3443,1031.82
2023-10-02 04:00:00,100.3443,101.4769,99.5251,101.0056,1032.19
2023-10-02 08:00:00,101.0056,101.6705,100.5124,100.5994,1032.56
2023-10-02 12:00:00,100.5994,102.012,99.7822,99.9867,1032.93
2023-10-02 16:00:00,99.9867,100.383,98.5278,99.7679,1033.3
2023-10-02 20:00:00,99.768,99.8213,97.2793,98.0894,1033.67
2023-10-03 00:00:00,98.0894,98.6585,97.6362,98.4713,1034.04
2023-10-03 04:00:00,98.4713,98.7888,98.1355,98.254,1034.41
2023-10-03 08:00:00,98.2541,98.6686,97.9698,98.323,1034.78
2023-10-03 12:00:00,98.3231,98.4434,97.112,97.5561,1035.15
2023-10-03 16:00:00,97.5561,98.1098,97.1671,97.3063,1035.52
2023-10-03 20:00:00,97.3063,98.0508,96.8478,97.8467,1035.89
2023-10-04 00:00:00,97.8466,98.1957,96.9959,97.8608,1036.26
2023-10-04 04:00:00,97.8608,97.9984,97.5266,97.9441,1036.63
2023-10-04 08:00:00,97.9441,98.6695,97.8239,98.3674,1037.0
2023-10-04 12:00:00,98.3674,98.635,97.452,97.7673,1037.37
2023-10-04 16:00:00,97.7673,99.371,97.7056,98.5304,1037.74
2023-10-04 20:00:00,98.5304,99.3417,98.2899,99.1029,1038.11
2023-10-05 00:00:00,99.1029,99.572,98.5942,98.6503,1038.48
2023-10-05 04:00:00,98.6503,98.8804,98.2402,98.4943,1038.85
2023-10-05 08:00:00,98.4943,99.1385,98.3916,98.9142,1039.22
2023-10-05 12:00:00,98.9142,100.3723,97.7151,98.3052,1039.59
2023-10-05 16:00:00,98.3052,98.5785,97.531,98.0066,1039.96
2023-10-05 20:00:00,98.0066,98.1927,97.6595,97.7893,1040.33
2023-10-06 00:00:00,97.7893,98.4801,97.6666,98.3202,1040.7
2023-10-06 04:00:00,98.3202,98.6977,97.9323,98.6032,1041.07
2023-10-06 08:00:00,98.6032,99.2329,98.3749,99.0366,1041.44
2023-10-06 12:00:00,99.0366,100.1029,96.9029,99.6828,1041.81
2023-10-06 16:00:00,99.6828,100.0784,99.0906,99.7229,1042.18
2023-10-06 20:00:00,99.7228,100.9953,99.4062,99.647,1042.55
2023-10-07 00:00:00,99.647,99.7855,99.2794,99.5375,1042.92
2023-10-07 04:00:00,99.5375,99.746,99.3969,99.5032,1043.29
2023-10-07 08:00:00,99.5032,100.0487,99.4148,99.6863,1043.66
2023-10-07 12:00:00,99.6863,99.8938,99.4692,99.6781,1044.03
2023-10-07 16:00:00,99.6781,99.8151,99.3077,99.4129,1044.4
2023-10-07 20:00:00,99.413,99.7992,99.3314,99.7382,1044.77
2023-10-08 00:00:00,99.7382,100.2823,99.6427,100.1243,1045.14
2023-10-08 04:00:00,100.1243,100.2141,99.4078,99.5561,1045.51
2023-10-08 08:00:00,99.5561,99.7199,99.0401,99.2208,1045.88
2023-10-08 12:00:00,99.2208,99.9418,98.728,99.5102,1046.25
2023-10-08 16:00:00,99.5102,99.7597,99.1572,99.5182,1046.62
2023-10-08 20:00:00,99.5182,99.8715,99.1293,99.5969,1046.99
2023-10-09 00:00:00,99.5969,99.8998,99.1169,99.6136,1047.36
2023-10-09 04:00:00,99.6136,99.743,99.1593,99.2267,1047.73
2023-10-09 08:00:00,99.2267,99.3793,97.7458,97.9981,1048.1
2023-10-09 12:00:00,97.9981,98.4402,97.6121,97.9068,1048.47
2023-10-09 16:00:00,97.9068,99.051,97.2028,98.5252,1048.84
2023-10-09 20:00:00,98.5252,98.7058,98.2595,98.4305,1049.21
2023-10-10 00:00:00,98.4305,98.8638,98.0326,98.5811,1049.58
2023-10-10 04:00:00,98.5811,98.8952,98.344,98.6493,1049.95
2023-10-10 08:00:00,98.6494,98.9974,98.059,98.1407,1050.32
2023-10-10 12:00:00,98.1406,98.6228,97.4842,97.7808,1050.69
2023-10-10 16:00:00,97.7808,98.2017,97.3384,97.7426,1051.06
2023-10-10 20:00:00,97.7427,98.052,97.4265,97.717,1051.43
2023-10-11 00:00:00,97.717,98.0784,96.3145,96.3825,1051.8
2023-10-11 04:00:00,96.3825,96.8886,96.15,96.4035,1052.17
2023-10-11 08:00:00,96.4035,97.5597,96.3359,97.0254,1052.54
2023-10-11 12:00:00,97.0254,97.3115,95.3033,95.5384,1052.91
2023-10-11 16:00:00,95.5384,95.6461,94.6294,95.4804,1053.28
2023-10-11 20:00:00,95.4804,95.9664,95.1336,95.8811,1053.65
2023-10-12 00:00:00,95.8811,96.1863,95.3328,95.7796,1054.02
2023-10-12 04:00:00,95.7796,96.0927,95.5016,95.6497,1054.39
2023-10-12 08:00:00,95.6497,95.9012,95.0465,95.7467,1054.76
2023-10-12 12:00:00,95.7467,95.8855,94.9258,95.1658,1055.13
2023-10-12 16:00:00,95.1657,95.6795,94.6876,95.301,1055.5
2023-10-12 20:00:00,95.301,95.5725,95.2279,95.4677,1055.87
2023-10-13 00:00:00,95.4677,95.9331,95.3833,95.5464,1056.24
2023-10-13 04:00:00,95.5464,96.1719,95.4684,95.8793,1056.61
2023-10-13 08:00:00,95.8792,96.0325,95.3384,95.6863,1056.98
2023-10-13 12:00:00,95.6863,96.257,95.1549,95.2793,1057.35
2023-10-13 16:00:00,95.2793,95.687,95.1514,95.5353,1057.72
2023-10-13 20:00:00,95.5353,96.839,95.3735,95.8329,1058.09
2023-10-14 00:00:00,95.8329,96.3381,95.7223,96.0783,1058.46
2023-10-14 04:00:00,96.0782,96.1589,95.7107,95.8572,1058.83
2023-10-14 08:00:00,95.8572,96.0185,95.7325,95.8698,1059.2
2023-10-14 12:00:00,95.8698,96.1733,95.7417,96.1203,1059.57
2023-10-14 16:00:00,96.1203,96.2082,95.7401,95.8411,1059.94
2023-10-14 20:00:00,95.8411,95.9599,95.5225,95.7989,1060.31
2023-10-15 00:00:00,95.7989,96.0783,95.6179,95.8988,1060.68
2023-10-15 04:00:00,95.9125,95.9937,95.8318,95.9198,1061.0637
2023-10-15 08:00:00,95.9061,96.0863,95.7179,95.7989,1061.42
2023-10-15 12:00:00,95.7989,96.2514,95.5911,95.9644,1061.79
2023-10-15 16:00:00,95.9644,96.6642,95.895,96.4813,1062.16
2023-10-15 20:00:00,96.4813,97.4217,96.3287,96.8752,1062.53
2023-10-16 00:00:00,96.8751,97.3952,96.6772,97.1669,1062.9
2023-10-16 04:00:00,97.1669,99.8715,96.9673,99.3543,1063.27
2023-10-16 08:00:00,99.3543,99.5967,98.5646,98.9995,1063.64
2023-10-16 12:00:00,98.9995,107.078,98.8048,100.1217,1064.01
2023-10-16 16:00:00,100.1217,102.8273,100.0717,101.5655,1064.38
2023-10-16 20:00:00,101.5655,102.2368,100.6647,101.6794,1064.75
2023-10-17 00:00:00,101.6794,101.9027,100.667,100.856,1065.12
2023-10-17 04:00:00,100.8561,101.6404,100.0901,101.4291,1065.49
2023-10-17 08:00:00,101.4291,102.1169,101.0919,101.4006,1065.86
2023-10-17 12:00:00,101.4006,102.0133,100.3257,101.5401,1066.23
2023-10-17 16:00:00,101.5401,102.1321,100.936,101.7354,1066.6
2023-10-17 20:00:00,101.7354,101.9284,101.1747,101.3053,1066.97
2023-10-18 00:00:00,101.3053,101.7789,100.9855,101.7281,1067.34
2023-10-18 04:00:00,101.7281,103.4475,101.4187,101.6572,1067.71
2023-10-18 08:00:00,101.6572,102.0798,100.6862,101.1081,1068.08
2023-10-18 12:00:00,101.1081,101.3887,100.3525,100.7756,1068.45
2023-10-18 16:00:00,100.7757,101.5033,100.6641,100.7691,1068.82
2023-10-18 20:00:00,100.7691,101.2781,100.5236,101.0345,1069.19
2023-10-19 00:00:00,101.0345,101.4341,100.2019,100.8204,1069.56
2023-10-19 04:00:00,100.8204,101.1893,100.6634,101.0731,1069.93
2023-10-19 08:00:00,101.0731,101.7773,100.8452,101.5007,1070.3
2023-10-19 12:00:00,101.5007,102.8474,101.3412,102.3191,1070.67
2023-10-19 16:00:00,102.3191,103.2139,101.4752,102.5712,1071.04
2023-10-19 20:00:00,102.5712,103.0897,101.9784,102.4391,1071.41
2023-10-20 00:00:00,102.4391,104.9375,101.9059,104.3002,1071.78
2023-10-20 04:00:00,104.3001,104.9375,103.8074,104.3185,1072.15
2023-10-20 08:00:00,104.3185,107.8185,104.223,106.4572,1072.52
2023-10-20 12:00:00,106.4572,106.7569,104.7661,105.4261,1072.89
2023-10-20 16:00:00,105.4261,105.625,104.5556,105.4633,1073.26
2023-10-20 20:00:00,105.4633,106.3309,105.2424,105.8473,1073.63
2023-10-21 00:00:00,105.8473,106.0066,105.0685,105.6168,1074.0
2023-10-21 04:00:00,105.6168,106.1179,105.3436,105.9428,1074.37
2023-10-21 08:00:00,105.9565,106.6594,105.688,106.346,1074.7537
2023-10-21 12:00:00,106.3323,107.0067,105.8317,106.8046,1075.11
2023-10-21 16:00:00,106.8046,108.4337,106.4286,107.5455,1075.48
2023-10-21 20:00:00,107.5454,107.6424,106.4429,106.7062,1075.85
2023-10-22 00:00:00,106.7062,107.3456,106.4186,106.6976,1076.22
2023-10-22 04:00:00,106.6976,107.9628,105.6937,106.3725,1076.59
2023-10-22 08:00:00,106.3726,107.0461,106.1936,106.7058,1076.96
2023-10-22 12:00:00,106.7057,106.9869,106.1967,106.4058,1077.33
2023-10-22 16:00:00,106.4059,106.8881,106.2828,106.467,1077.7
2023-10-22 20:00:00,106.467,107.2628,105.9587,107.0011,1078.07
2023-10-23 00:00:00,107.0011,109.9285,106.5628,109.6562,1078.44
2023-10-23 04:00:00,109.6562,110.5925,108.5008,108.8761,1078.81
2023-10-23 08:00:00,108.8761,109.877,108.2447,109.3721,1079.18
2023-10-23 12:00:00,109.3721,110.5386,108.3873,110.1794,1079.55
2023-10-23 16:00:00,110.1794,112.2156,109.7501,111.8601,1079.92
2023-10-23 20:00:00,111.8601,123.9953,111.6833,117.9805,1080.29
2023-10-24 00:00:00,117.9805,125.915,117.0827,121.5182,1080.66
2023-10-24 04:00:00,121.5182,123.4696,120.2007,121.2984,1081.03
2023-10-24 08:00:00,121.2984,124.4751,121.0664,123.2353,1081.4
2023-10-24 12:00:00,123.2353,124.33,118.3944,120.1172,1081.77
2023-10-24 16:00:00,120.1172,122.726,119.0366,120.5724,1082.14
2023-10-24 20:00:00,120.5724,122.2403,119.4115,121.0228,1082.51
2023-10-25 00:00:00,121.0228,122.7748,120.4412,121.2963,1082.88
2023-10-25 04:00:00,121.2963,122.079,120.1034,120.7902,1083.25
2023-10-25 08:00:00,120.8039,122.9548,120.488,122.0228,1083.6337
2023-10-25 12:00:00,122.0091,124.916,121.9591,124.2945,1083.99
2023-10-25 16:00:00,124.2945,125.39,122.6072,123.9333,1084.36
2023-10-25 20:00:00,123.9333,124.3817,122.1403,123.0681,1084.73
2023-10-26 00:00:00,123.0681,124.2886,122.7539,124.1286,1085.1
2023-10-26 04:00:00,124.1286,124.2382,122.7112,123.6079,1085.47
2023-10-26 08:00:00,123.6079,124.0094,121.1071,121.6647,1085.84
2023-10-26 12:00:00,121.6647,122.6684,120.7561,121.4569,1086.21
2023-10-26 16:00:00,121.457,121.7894,120.3601,121.4555,1086.58
2023-10-26 20:00:00,121.4555,122.3402,121.3331,121.8395,1086.95
2023-10-27 00:00:00,121.8395,121.9595,120.4636,121.7161,1087.32
2023-10-27 04:00:00,121.7162,122.2225,120.9696,121.0915,1087.69
2023-10-27 08:00:00,121.0915,121.9799,121.0186,121.4661,1088.06
2023-10-27 12:00:00,121.4661,122.0449,120.608,121.2966,1088.43
2023-10-27 16:00:00,121.2966,121.4679,119.0756,120.2229,1088.8
2023-10-27 20:00:00,120.2229,121.1383,120.1048,120.9132,1089.17
2023-10-28 00:00:00,120.9132,121.8693,120.749,121.5125,1089.54
2023-10-28 04:00:00,121.5125,122.0084,121.3174,121.4589,1089.91
2023-10-28 08:00:00,121.459,123.1084,121.36,121.9258,1090.28
2023-10-28 12:00:00,121.9258,122.2036,120.9195,121.9869,1090.65
2023-10-28 16:00:00,121.9869,122.1318,121.5231,121.6983,1091.02
2023-10-28 20:00:00,121.6983,122.0263,121.4653,121.5874,1091.39
2023-10-29 00:00:00,121.5874,121.7038,121.0772,121.1945,1091.76
2023-10-29 04:00:00,121.1945,121.8346,120.9987,121.5717,1092.13
2023-10-29 08:00:00,121.5717,122.4968,121.514,122.2039,1092.5
2023-10-29 12:00:00,122.2039,123.3435,122.1539,122.9038,1092.87
2023-10-29 16:00:00,122.9038,124.0245,122.5756,123.3033,1093.24
2023-10-29 20:00:00,123.3033,123.9171,122.6777,123.1746,1093.61
2023-10-30 00:00:00,123.1746,123.3838,121.8958,122.2632,1093.98
2023-10-30 04:00:00,122.2632,122.5919,121.6578,121.9886,1094.35
2023-10-30 08:00:00,121.9886,123.7737,121.8232,123.4694,1094.72
2023-10-30 12:00:00,123.4694,124.4023,122.9252,123.6399,1095.09
2023-10-30 16:00:00,123.64,123.69,121.4726,122.84,1095.46
2023-10-30 20:00:00,122.8401,123.3808,122.3901,122.9921,1095.83
2023-10-31 00:00:00,122.9921,123.489,121.9703,122.0452,1096.2
2023-10-31 04:00:00,122.0452,122.6051,121.5442,121.8165,1096.57
2023-10-31 08:00:00,121.8165,123.2598,121.3376,123.0404,1096.94
2023-10-31 12:00:00,123.0404,123.1822,121.7122,122.2695,1097.31
2023-10-31 16:00:00,122.2695,123.4462,122.0449,123.226,1097.68
2023-10-31 20:00:00,123.226,123.9189,122.7825,123.5809,1098.05
2023-11-01 00:00:00,123.5809,123.7318,122.6755,122.7911,1098.42
2023-11-01 04:00:00,122.7911,123.1271,122.3758,122.9084,1098.79
2023-11-01 08:00:00,122.9084,123.109,122.4793,122.8113,1099.16
2023-11-01 12:00:00,122.8113,125.6296,121.5959,122.34,1099.53
2023-11-01 16:00:00,122.34,123.9816,122.2474,123.288,1099.9
2023-11-01 20:00:00,123.288,126.9924,123.1749,126.3695,1100.27
2023-11-02 00:00:00,126.3695,128.4301,126.1075,126.9056,1100.64
2023-11-02 04:00:00,126.9056,127.0566,125.0417,125.8644,1101.01
2023-11-02 08:00:00,125.8782,126.6351,125.1687,126.2124,1101.3937
2023-11-02 12:00:00,126.1987,126.5499,123.1678,123.5817,1101.75
2023-11-02 16:00:00,123.5817,124.9782,122.3187,124.8661,1102.12
2023-11-02 20:00:00,124.866,125.2628,123.769,124.6577,1102.49
2023-11-03 00:00:00,124.6576,124.7252,122.5567,123.7313,1102.86
2023-11-03 04:00:00,123.7312,123.8329,122.3544,122.9573,1103.23
2023-11-03 08:00:00,122.9573,123.5822,121.6765,122.1989,1103.6
2023-11-03 12:00:00,122.1989,124.3766,121.786,124.023,1103.97
2023-11-03 16:00:00,124.023,124.2815,122.4021,123.1918,1104.34
2023-11-03 20:00:00,123.1918,123.9885,122.981,123.8556,1104.71
2023-11-04 00:00:00,123.8556,124.155,123.5048,123.8275,1105.08
2023-11-04 04:00:00,123.8275,124.916,123.3361,124.0383,1105.45
2023-11-04 08:00:00,124.0383,124.5055,123.6749,123.8399,1105.82
2023-11-04 12:00:00,123.8399,124.2167,123.546,123.8311,1106.19
2023-11-04 16:00:00,123.8311,124.1863,123.7191,123.9054,1106.56
2023-11-04 20:00:00,123.9054,125.8258,123.7762,125.0875,1106.93
2023-11-05 00:00:00,125.0874,125.9863,124.5841,125.8543,1107.3
2023-11-05 04:00:00,125.8543,126.0068,124.9727,125.4456,1107.67
2023-11-05 08:00:00,125.4456,125.5892,124.8168,125.1728,1108.04
2023-11-05 12:00:00,125.1727,125.5304,123.9508,124.4483,1108.41
2023-11-05 16:00:00,124.4483,125.9098,124.342,124.824,1108.78
2023-11-05 20:00:00,124.8239,126.2717,122.8467,124.9084,1109.15
2023-11-06 00:00:00,124.9085,125.3395,124.2095,124.7889,1109.52
2023-11-06 04:00:00,124.7889,125.0052,123.8382,124.5261,1109.89
2023-11-06 08:00:00,124.5261,125.9019,124.1989,125.6953,1110.26
2023-11-06 12:00:00,125.6953,125.8079,124.4666,125.1548,1110.63
2023-11-06 16:00:00,125.1548,125.3124,124.1405,125.0611,1111.0
2023-11-06 20:00:00,125.0611,125.4512,124.4308,125.0305,1111.37
2023-11-07 00:00:00,125.0305,125.1066,124.0691,124.5771,1111.74
2023-11-07 04:00:00,124.5771,124.8153,124.1823,124.6438,1112.11
2023-11-07 08:00:00,124.6438,124.8301,123.2142,123.5383,1112.48
2023-11-07 12:00:00,123.5383,124.3484,123.1145,123.8715,1112.85
2023-11-07 16:00:00,123.8715,126.9842,123.2463,126.4857,1113.22
2023-11-07 20:00:00,126.4857,128.0841,125.5302,126.2899,1113.59
2023-11-08 00:00:00,126.29,126.4119,125.6404,125.8281,1113.96
2023-11-08 04:00:00,125.8282,126.2064,125.4146,125.6737,1114.33
2023-11-08 08:00:00,125.6737,126.4754,125.4794,126.0462,1114.7
2023-11-08 12:00:00,126.0462,126.5903,125.1728,125.6712,1115.07
2023-11-08 16:00:00,125.6711,127.659,125.476,127.085,1115.44
2023-11-08 20:00:00,127.0851,128.8618,126.2074,127.0948,1115.81
2023-11-09 00:00:00,127.0948,130.4458,126.7213,129.9976,1116.18
2023-11-09 04:00:00,129.9976,131.5657,129.8642,130.3353,1116.55
2023-11-09 08:00:00,130.3353,132.0156,130.2745,131.3081,1116.92
2023-11-09 12:00:00,131.3081,135.5198,131.0914,132.301,1117.29
2023-11-09 16:00:00,132.301,132.8044,126.9566,129.7972,1117.66
2023-11-09 20:00:00,129.7972,131.2827,128.8816,130.9348,1118.03
2023-11-10 00:00:00,130.9349,131.7625,129.9755,131.0497,1118.4
2023-11-10 04:00:00,131.0497,131.3652,129.9092,130.0033,1118.77
2023-11-10 08:00:00,130.0033,132.5764,129.5421,132.2549,1119.14
2023-11-10 12:00:00,132.2549,132.9795,131.3162,132.2943,1119.51
2023-11-10 16:00:00,132.2942,133.6745,132.2366,132.8074,1119.88
2023-11-10 20:00:00,132.8074,133.9278,132.2016,133.0773,1120.25
2023-11-11 00:00:00,133.0773,133.5077,131.5948,132.1438,1120.62
2023-11-11 04:00:00,132.1438,132.5323,131.6684,132.0241,1120.99
2023-11-11 08:00:00,132.0241,132.2519,131.6302,131.9603,1121.36
2023-11-11 12:00:00,131.9602,133.0298,131.7768,132.1824,1121.73
2023-11-11 16:00:00,132.1824,132.6756,132.059,132.5321,1122.1
2023-11-11 20:00:00,132.5321,132.6042,130.763,132.465,1122.47
2023-11-12 00:00:00,132.465,132.6934,130.9919,131.9612,1122.84
2023-11-12 04:00:00,131.9611,132.6617,131.6419,132.4577,1123.21
2023-11-12 08:00:00,132.4577,132.5234,132.0465,132.1992,1123.58
2023-11-12 12:00:00,132.1992,132.844,131.7054,132.5439,1123.95
2023-11-12 16:00:00,132.5439,132.7648,132.1366,132.3759,1124.32
2023-11-12 20:00:00,132.3758,132.7722,131.7309,132.23,1124.69
2023-11-13 00:00:00,132.23,133.5425,131.4236,131.6945,1125.06
2023-11-13 04:00:00,131.6945,132.2114,131.0772,131.8596,1125.43
2023-11-13 08:00:00,131.8595,132.2296,130.8545,131.3235,1125.8
2023-11-13 12:00:00,131.3235,131.8582,130.2889,131.4372,1126.17
2023-11-13 16:00:00,131.4372,132.1634,130.5278,131.4482,1126.54
2023-11-13 20:00:00,131.4482,131.6053,129.5716,130.0852,1126.91
2023-11-14 00:00:00,130.0852,130.2325,129.0621,130.0322,1127.28
2023-11-14 04:00:00,130.0322,131.0313,129.7433,130.8734,1127.65
2023-11-14 08:00:00,130.8734,131.1379,129.2269,129.3583,1128.02
2023-11-14 12:00:00,129.3583,130.956,127.9876,128.9584,1128.39
2023-11-14 16:00:00,128.9584,129.9721,124.1025,125.9149,1128.76
2023-11-14 20:00:00,125.9149,127.3175,125.5809,126.8325,1129.13
2023-11-15 00:00:00,126.8325,127.2901,126.1004,126.2288,1129.5
2023-11-15 04:00:00,126.2289,127.2744,126.1552,126.9241,1129.87
2023-11-15 08:00:00,126.9241,129.4776,126.8741,129.2932,1130.24
2023-11-15 12:00:00,129.2933,129.9696,128.392,129.8693,1130.61
2023-11-15 16:00:00,129.8693,134.8131,129.2898,133.785,1130.98
2023-11-15 20:00:00,133.785,135.5475,133.0447,135.063,1131.35
2023-11-16 00:00:00,135.063,135.3675,133.1556,133.6244,1131.72
2023-11-16 04:00:00,133.6245,134.2671,133.0485,133.5612,1132.09
2023-11-16 08:00:00,133.5612,133.992,132.3832,132.8841,1132.46
2023-11-16 12:00:00,132.8842,133.1928,129.2975,129.8821,1132.83
2023-11-16 16:00:00,129.8821,130.7751,126.5998,128.1518,1133.2
2023-11-16 20:00:00,128.1518,129.4587,127.1921,129.017,1133.57
2023-11-17 00:00:00,129.017,130.8871,128.7455,130.1603,1133.94
2023-11-17 04:00:00,130.1604,130.3439,128.9029,129.289,1134.31
2023-11-17 08:00:00,129.289,130.139,128.8153,129.7637,1134.68
2023-11-17 12:00:00,129.7637,130.6956,127.8881,128.5935,1135.05
2023-11-17 16:00:00,128.5934,131.3377,128.0596,129.5838,1135.42
2023-11-17 20:00:00,129.5838,131.0651,129.4825,130.6239,1135.79
2023-11-18 00:00:00,130.6238,130.6739,129.6688,129.7601,1136.16
2023-11-18 04:00:00,129.7601,130.0106,129.0207,129.9219,1136.53
2023-11-18 08:00:00,129.9219,130.4052,129.7225,129.8707,1136.9
2023-11-18 12:00:00,129.8706,130.9175,129.6241,130.8031,1137.27
2023-11-18 16:00:00,130.8031,131.5,130.5246,130.8564,1137.64
2023-11-18 20:00:00,130.8564,131.0065,129.9644,130.4604,1138.01
2023-11-19 00:00:00,130.4604,130.5294,129.7688,130.2928,1138.38
2023-11-19 04:00:00,130.2928,130.8704,130.1283,130.6152,1138.75
2023-11-19 08:00:00,130.6152,131.038,129.7537,130.052,1139.12
2023-11-19 12:00:00,130.052,130.5172,129.7597,130.461,1139.49
2023-11-19 16:00:00,130.461,132.0029,130.2071,131.8192,1139.86
2023-11-19 20:00:00,131.8192,133.835,131.2377,133.2851,1140.23
2023-11-20 00:00:00,133.285,133.4165,132.0879,132.4092,1140.6
2023-11-20 04:00:00,132.4092,132.9684,132.0945,132.8734,1140.97
2023-11-20 08:00:00,132.8734,133.5496,132.1692,132.5275,1141.34
2023-11-20 12:00:00,132.5275,133.8108,130.7989,133.6481,1141.71
2023-11-20 16:00:00,133.6481,134.7269,131.281,134.032,1142.08
2023-11-20 20:00:00,134.032,134.2123,132.9184,133.6023,1142.45
2023-11-21 00:00:00,133.6023,134.3682,133.0384,133.6597,1142.82
2023-11-21 04:00:00,133.6597,133.7643,132.8119,132.9998,1143.19
2023-11-21 08:00:00,132.9998,133.5425,132.4864,132.6255,1143.56
2023-11-21 12:00:00,132.6255,132.8717,129.2755,131.9122,1143.93
2023-11-21 16:00:00,131.9122,133.835,130.4528,131.9299,1144.3
2023-11-21 20:00:00,131.9299,132.6577,127.4382,127.5119,1144.67
2023-11-22 00:00:00,127.5119,129.8393,127.0708,129.7893,1145.04
2023-11-22 04:00:00,129.7893,130.4775,129.5447,130.0027,1145.41
2023-11-22 08:00:00,130.0027,131.2433,129.7787,130.0888,1145.78
2023-11-22 12:00:00,130.0888,130.8026,129.237,130.1502,1146.15
2023-11-22 16:00:00,130.1502,133.5896,129.7129,133.0358,1146.52
2023-11-22 20:00:00,133.0358,135.1233,132.7176,133.458,1146.89
2023-11-23 00:00:00,133.4581,133.9603,132.8075,133.0704,1147.26
2023-11-23 04:00:00,133.0704,133.5196,132.904,133.3184,1147.63
2023-11-23 08:00:00,133.3185,134.3825,132.5219,133.3213,1148.0
2023-11-23 12:00:00,133.3213,133.9421,131.4875,131.8276,1148.37
2023-11-23 16:00:00,131.8276,133.2999,131.6551,133.0052,1148.74
2023-11-23 20:00:00,133.0052,133.4248,132.6778,133.0511,1149.11
2023-11-24 00:00:00,133.0511,133.8157,132.8485,133.1274,1149.48
2023-11-24 04:00:00,133.1273,134.0776,133.0229,133.8671,1149.85
2023-11-24 08:00:00,133.8671,135.7453,133.4635,134.6484,1150.22
2023-11-24 12:00:00,134.6484,137.0958,134.0918,136.3577,1150.59
2023-11-24 16:00:00,136.3576,136.8639,133.9146,134.7344,1150.96
2023-11-24 20:00:00,134.7344,135.4176,134.0204,134.547,1151.33
2023-11-25 00:00:00,134.547,135.046,134.363,134.8482,1151.7
2023-11-25 04:00:00,134.8481,135.0016,134.5199,134.8639,1152.07
2023-11-25 08:00:00,134.8639,135.0085,134.06,134.3291,1152.44
2023-11-25 12:00:00,134.3291,134.6734,134.1632,134.5142,1152.81
2023-11-25 16:00:00,134.5142,135.0316,134.4485,134.9246,1153.18
2023-11-25 20:00:00,134.9246,135.2193,134.4905,134.7864,1153.55
2023-11-26 00:00:00,134.7864,134.8505,134.3136,134.6069,1153.92
2023-11-26 04:00:00,134.607,134.8827,134.4289,134.8189,1154.29
2023-11-26 08:00:00,134.8188,134.9575,134.3301,134.4247,1154.66
2023-11-26 12:00:00,134.4247,134.4747,132.9751,133.5607,1155.03
2023-11-26 16:00:00,133.5607,133.8358,132.4864,133.3572,1155.4
2023-11-26 20:00:00,133.3572,134.7198,133.0939,133.5975,1155.77
2023-11-27 00:00:00,133.5975,134.082,132.6648,133.1045,1156.14
2023-11-27 04:00:00,133.1046,133.5481,132.1332,133.0115,1156.51
2023-11-27 08:00:00,133.0116,133.7137,131.5945,132.1295,1156.88
2023-11-27 12:00:00,132.1295,132.408,130.9345,131.113,1157.25
2023-11-27 16:00:00,131.1129,132.5629,130.9059,131.5624,1157.62
2023-11-27 20:00:00,131.5624,133.0644,131.211,132.8671,1157.99
2023-11-28 00:00:00,132.8671,133.277,132.3168,132.4635,1158.36
2023-11-28 04:00:00,132.4634,132.5946,131.4818,132.3762,1158.73
2023-11-28 08:00:00,132.3762,132.986,131.7054,132.8982,1159.1
2023-11-28 12:00:00,132.8982,134.0786,132.4607,133.8321,1159.47
2023-11-28 16:00:00,133.8321,136.9638,133.7821,135.9765,1159.84
2023-11-28 20:00:00,135.9765,136.6344,134.345,134.9226,1160.21
2023-11-29 00:00:00,134.9227,135.9532,134.3699,135.3565,1160.58
2023-11-29 04:00:00,135.3565,136.4585,135.059,135.9138,1160.95
2023-11-29 08:00:00,135.9138,137.2243,135.0842,135.9422,1161.32
2023-11-29 12:00:00,135.9422,136.6178,133.9848,134.965,1161.69
2023-11-29 16:00:00,134.965,135.379,134.2702,135.12,1162.06
2023-11-29 20:00:00,135.12,135.2076,134.0235,135.0503,1162.43
2023-11-30 00:00:00,135.0503,135.8038,134.4016,135.7538,1162.8
2023-11-30 04:00:00,135.7538,136.1392,134.688,134.8303,1163.17
2023-11-30 08:00:00,134.8303,135.2808,133.9263,135.1591,1163.54
2023-11-30 12:00:00,135.1591,135.5009,133.735,134.2126,1163.91
2023-11-30 16:00:00,134.2126,134.9316,133.8599,134.6746,1164.28
2023-11-30 20:00:00,134.6746,134.941,134.1061,134.584,1164.65
2023-12-01 00:00:00,134.5841,135.9129,134.1484,135.7224,1165.02
2023-12-01 04:00:00,135.7224,136.8604,135.5997,136.4396,1165.39
2023-12-01 08:00:00,136.4396,138.5907,136.2859,137.6387,1165.76
2023-12-01 12:00:00,137.6387,137.8652,136.3001,137.044,1166.13
2023-12-01 16:00:00,137.0441,139.1829,136.928,138.2888,1166.5
2023-12-01 20:00:00,138.2888,138.8297,137.8199,138.0038,1166.87
2023-12-02 00:00:00,138.0038,138.4553,137.8078,138.3597,1167.24
2023-12-02 04:00:00,138.3597,138.569,138.025,138.075,1167.61
2023-12-02 08:00:00,138.075,138.4355,137.8417,138.2094,1167.98
2023-12-02 12:00:00,138.2095,138.7204,138.047,138.4648,1168.35
2023-12-02 16:00:00,138.4649,141.7016,138.0284,140.6348,1168.72
2023-12-02 20:00:00,140.6348,141.7449,140.1087,140.7431,1169.09
2023-12-03 00:00:00,140.7431,141.1684,140.067,140.4961,1169.46
2023-12-03 04:00:00,140.4961,140.9346,140.2116,140.8443,1169.83
2023-12-03 08:00:00,140.8443,141.1272,140.5135,140.8478,1170.2
2023-12-03 12:00:00,140.8478,142.0617,140.4469,141.8493,1170.57
2023-12-03 16:00:00,141.8493,142.1872,140.6205,141.1557,1170.94
2023-12-03 20:00:00,141.1694,143.6596,141.073,142.6188,1171.3237
2023-12-04 00:00:00,142.6051,145.9113,142.5551,145.2362,1171.68
2023-12-04 04:00:00,145.2362,148.9973,145.1514,147.8453,1172.05
2023-12-04 08:00:00,147.8453,150.4416,147.4683,148.398,1172.42
2023-12-04 12:00:00,148.398,149.583,146.7385,147.2361,1172.79
2023-12-04 16:00:00,147.236,150.0675,146.8622,149.7939,1173.16
2023-12-04 20:00:00,149.7939,151.3876,148.7819,149.8075,1173.53
2023-12-05 00:00:00,149.8075,149.8575,148.4414,149.2327,1173.9
2023-12-05 04:00:00,149.2327,149.6006,147.6986,148.1553,1174.27
2023-12-05 08:00:00,148.1553,149.0286,147.72,148.862,1174.64
2023-12-05 12:00:00,148.862,151.6623,148.6976,150.7964,1175.01
2023-12-05 16:00:00,150.7964,157.3812,150.2661,156.3122,1175.38
2023-12-05 20:00:00,156.3122,158.7654,154.7696,157.236,1175.75
2023-12-06 00:00:00,157.2378,157.5456,155.3748,156.0328,1176.12
2023-12-06 04:00:00,156.0465,156.5284,154.9546,155.8782,1176.5037
2023-12-06 08:00:00,155.8782,158.0985,154.5667,156.4145,1176.8737
2023-12-06 12:00:00,156.4008,158.0233,155.9317,156.2081,1177.23
2023-12-06 16:00:00,156.2081,157.5478,155.9629,156.9199,1177.6
2023-12-06 20:00:00,156.9199,157.2777,155.5002,156.1278,1177.97
2023-12-07 00:00:00,156.1278,157.0239,155.8898,156.7134,1178.34
2023-12-07 04:00:00,156.7135,157.1933,156.3472,156.5606,1178.71
2023-12-07 08:00:00,156.5606,156.6551,152.7186,154.0777,1179.08
2023-12-07 12:00:00,154.0777,156.7569,153.1963,155.7614,1179.45
2023-12-07 16:00:00,155.7614,156.1513,153.5653,154.1331,1179.82
2023-12-07 20:00:00,154.1331,155.0839,153.6422,154.3813,1180.19
2023-12-08 00:00:00,154.3813,155.3298,154.2883,154.7126,1180.56
2023-12-08 04:00:00,154.7126,155.419,153.7756,153.9991,1180.93
2023-12-08 08:00:00,153.9991,156.0602,153.6462,155.7394,1181.3
2023-12-08 12:00:00,155.7394,157.132,154.973,156.1216,1181.67
2023-12-08 16:00:00,156.1216,156.9174,155.6354,156.7786,1182.04
2023-12-08 20:00:00,156.7787,159.5218,156.7286,157.5845,1182.41
2023-12-09 00:00:00,157.5845,158.0278,157.08,157.4717,1182.78
2023-12-09 04:00:00,157.4717,158.3017,157.2592,157.6174,1183.15
2023-12-09 08:00:00,157.6174,157.7079,155.9255,156.3228,1183.52
2023-12-09 12:00:00,156.3228,157.5115,156.0023,157.1353,1183.89
2023-12-09 16:00:00,157.1353,157.3177,156.4868,156.7047,1184.26
2023-12-09 20:00:00,156.7047,157.3261,155.4421,155.9527,1184.63
2023-12-10 00:00:00,155.9526,156.5394,155.7543,156.4226,1185.0
2023-12-10 04:00:00,156.4226,157.0815,156.2977,156.8547,1185.37
2023-12-10 08:00:00,156.8547,157.1993,155.5112,156.0398,1185.74
2023-12-10 12:00:00,156.0398,156.9308,155.9678,156.631,1186.11
2023-12-10 16:00:00,156.631,156.7787,156.0325,156.2506,1186.48
2023-12-10 20:00:00,156.2506,157.1886,155.3654,156.2235,1186.85
2023-12-11 00:00:00,156.2235,156.327,144.0811,150.9437,1187.22
2023-12-11 04:00:00,150.9437,151.0346,148.4336,150.312,1187.59
2023-12-11 08:00:00,150.312,151.6056,149.7016,151.0665,1187.96
2023-12-11 12:00:00,151.0665,151.2817,148.5591,149.138,1188.33
2023-12-11 16:00:00,149.138,149.3794,143.446,145.4867,1188.7
2023-12-11 20:00:00,145.4867,147.5702,144.6305,147.1757,1189.07
2023-12-12 00:00:00,147.1757,149.6709,146.8577,148.8949,1189.44
2023-12-12 04:00:00,148.8949,150.1351,147.5637,149.5405,1189.81
2023-12-12 08:00:00,149.5405,150.2607,148.1679,148.3572,1190.18
2023-12-12 12:00:00,148.3572,150.1398,146.7964,147.5132,1190.55
2023-12-12 16:00:00,147.5131,147.9533,145.08,146.7639,1190.92
2023-12-12 20:00:00,146.7639,148.3017,146.3718,148.0283,1191.29
2023-12-13 00:00:00,148.0283,148.1268,144.6341,145.6629,1191.66
2023-12-13 04:00:00,145.6628,147.185,144.8968,146.6829,1192.03
2023-12-13 08:00:00,146.6829,147.3206,146.0546,146.2884,1192.4
2023-12-13 12:00:00,146.2884,149.7295,146.1646,149.6223,1192.77
2023-12-13 16:00:00,149.6222,153.0501,148.775,152.4579,1193.14
2023-12-13 20:00:00,152.4579,155.1522,151.8284,152.9396,1193.51
2023-12-14 00:00:00,152.9396,153.2733,152.1044,152.386,1193.88
2023-12-14 04:00:00,152.386,153.8493,152.2251,153.0464,1194.25
2023-12-14 08:00:00,153.0464,154.5667,152.2338,154.3596,1194.62
2023-12-14 12:00:00,154.3596,154.7691,147.6487,151.4385,1194.99
2023-12-14 16:00:00,151.4385,154.9552,151.3885,153.7427,1195.36
2023-12-14 20:00:00,153.7427,154.0979,152.827,153.4863,1195.73
2023-12-15 00:00:00,153.4863,153.7451,151.4986,152.6788,1196.1
2023-12-15 04:00:00,152.6788,152.988,151.6299,152.3365,1196.47
2023-12-15 08:00:00,152.3365,153.5508,152.0384,152.6078,1196.84
2023-12-15 12:00:00,152.6078,152.6978,148.5977,149.5166,1197.21
2023-12-15 16:00:00,149.5166,150.5759,148.705,150.182,1197.58
2023-12-15 20:00:00,150.182,150.8312,149.4215,149.6263,1197.95
2023-12-16 00:00:00,149.6262,151.3555,148.38,151.0301,1198.32
2023-12-16 04:00:00,151.0301,151.1637,150.2952,150.6336,1198.69
2023-12-16 08:00:00,150.6336,151.1006,150.1359,151.0237,1199.06
2023-12-16 12:00:00,151.0374,152.083,150.6699,152.0078,1199.4437
2023-12-16 16:00:00,152.0077,152.4874,150.9842,151.1078,1199.8137
2023-12-16 20:00:00,151.0941,151.3604,150.2118,150.8311,1200.17
2023-12-17 00:00:00,150.8311,150.9553,149.2905,149.5736,1200.54
2023-12-17 04:00:00,149.5736,150.1072,148.9745,149.4352,1200.91
2023-12-17 08:00:00,149.4352,149.9493,148.5811,149.6968,1201.28
2023-12-17 12:00:00,149.6968,149.9612,148.0411,149.1663,1201.65
2023-12-17 16:00:00,149.1663,151.4022,148.6618,150.2171,1202.02
2023-12-17 20:00:00,150.2171,150.5702,147.1207,147.6082,1202.39
2023-12-18 00:00:00,147.6082,147.9988,145.5117,146.596,1202.76
2023-12-18 04:00:00,146.596,147.4361,146.2181,146.7212,1203.13
2023-12-18 08:00:00,146.7212,147.2859,144.591,146.6467,1203.5
2023-12-18 12:00:00,146.6467,148.9973,145.8221,147.2205,1203.87
2023-12-18 16:00:00,147.2204,148.9456,146.7455,148.7729,1204.24
2023-12-18 20:00:00,148.7729,152.5928,148.2784,152.186,1204.61
2023-12-19 00:00:00,152.186,155.2299,151.8145,153.7001,1204.98
2023-12-19 04:00:00,153.7001,153.9249,152.6978,153.5358,1205.35
2023-12-19 08:00:00,153.5359,154.4156,153.1499,153.3216,1205.72
2023-12-19 12:00:00,153.3216,153.6035,150.6169,151.5762,1206.09
2023-12-19 16:00:00,151.5898,152.21,149.129,151.0729,1206.4737
2023-12-19 20:00:00,151.0729,151.789,150.2351,150.8376,1206.8437
2023-12-20 00:00:00,150.8239,151.6488,150.5242,151.3367,1207.2
2023-12-20 04:00:00,151.3367,153.6031,151.1312,153.1365,1207.57
2023-12-20 08:00:00,153.1365,153.45,152.1974,152.9232,1207.94
2023-12-20 12:00:00,152.9232,158.0341,152.4911,157.0715,1208.31
2023-12-20 16:00:00,157.0715,157.9163,155.0907,156.0398,1208.68
2023-12-20 20:00:00,156.0398,156.3546,154.178,155.7933,1209.05
2023-12-21 00:00:00,155.7933,156.065,154.3797,155.7235,1209.42
2023-12-21 04:00:00,155.7235,156.5883,154.9674,156.1343,1209.79
2023-12-21 08:00:00,156.1342,157.3812,155.4233,156.7304,1210.16
2023-12-21 12:00:00,156.7304,157.8891,154.7125,156.3465,1210.53
2023-12-21 16:00:00,156.3465,156.7665,154.6783,155.5074,1210.9
2023-12-21 20:00:00,155.5074,157.4497,155.3333,156.4814,1211.27
2023-12-22 00:00:00,156.4814,157.9199,155.9343,157.003,1211.64
2023-12-22 04:00:00,157.003,158.4453,155.2636,155.4916,1212.01
2023-12-22 08:00:00,155.4916,156.4508,155.0086,156.0966,1212.38
2023-12-22 12:00:00,156.0966,156.3445,154.8286,155.8011,1212.75
2023-12-22 16:00:00,155.8011,156.9959,155.0734,155.6929,1213.12
2023-12-22 20:00:00,155.6929,157.1963,155.5596,156.864,1213.49
2023-12-23 00:00:00,156.864,156.9841,154.9837,155.2849,1213.86
2023-12-23 04:00:00,155.2849,155.7761,154.3954,155.413,1214.23
2023-12-23 08:00:00,155.4129,155.8467,155.105,155.3611,1214.6
2023-12-23 12:00:00,155.3611,156.5107,155.3111,156.1048,1214.97
2023-12-23 16:00:00,156.1048,156.4893,155.8364,155.9178,1215.34
2023-12-23 20:00:00,155.9178,156.4391,155.6143,155.9119,1215.71
2023-12-24 00:00:00,155.9118,156.6947,155.5195,156.3839,1216.08
2023-12-24 04:00:00,156.3839,156.8318,154.7875,155.73,1216.45
2023-12-24 08:00:00,155.73,155.9353,154.8017,155.6694,1216.82
2023-12-24 12:00:00,155.6694,156.5395,155.3573,155.8336,1217.19
2023-12-24 16:00:00,155.8336,156.0036,155.319,155.6119,1217.56
2023-12-24 20:00:00,155.6119,155.6619,151.573,153.3765,1217.93
2023-12-25 00:00:00,153.3765,154.0226,152.3595,153.9519,1218.3
2023-12-25 04:00:00,153.9519,154.6525,153.7191,154.1494,1218.67
2023-12-25 08:00:00,154.1494,154.4952,153.5189,154.0173,1219.04
2023-12-25 12:00:00,154.0173,156.3192,153.6423,155.6116,1219.41
2023-12-25 16:00:00,155.6117,155.9899,154.5835,155.0988,1219.78
2023-12-25 20:00:00,155.0988,156.0289,154.5275,155.4622,1220.15
2023-12-26 00:00:00,155.4622,155.5713,154.6491,155.0175,1220.52
2023-12-26 04:00:00,155.0174,155.1488,151.7336,152.601,1220.89
2023-12-26 08:00:00,152.601,152.7362,150.3244,152.285,1221.26
2023-12-26 12:00:00,152.285,152.8421,150.6811,151.236,1221.63
2023-12-26 16:00:00,151.236,151.4383,148.4963,150.2285,1222.0
2023-12-26 20:00:00,150.2285,152.0009,149.9855,151.6549,1222.37
2023-12-27 00:00:00,151.6549,151.8197,150.1413,150.6764,1222.74
2023-12-27 04:00:00,150.6764,151.8229,150.5028,151.4655,1223.11
2023-12-27 08:00:00,151.4654,154.2417,151.2153,153.475,1223.48
2023-12-27 12:00:00,153.475,153.992,152.308,153.3378,1223.85
2023-12-27 16:00:00,153.3378,154.2239,152.8665,153.9575,1224.22
2023-12-27 20:00:00,153.9575,155.8721,153.7901,154.9368,1224.59
2023-12-28 00:00:00,154.9368,156.2666,154.4424,154.8639,1224.96
2023-12-28 04:00:00,154.8639,155.6857,152.6223,153.5823,1225.33
2023-12-28 08:00:00,153.5823,154.1424,152.8872,153.6208,1225.7
2023-12-28 12:00:00,153.6208,153.9029,151.2199,151.4304,1226.07
2023-12-28 16:00:00,151.4304,152.4768,150.6519,152.0178,1226.44
2023-12-28 20:00:00,152.0178,152.5506,150.9844,151.8505,1226.81
2023-12-29 00:00:00,151.8505,152.7433,150.1065,152.3274,1227.18
2023-12-29 04:00:00,152.3274,152.6245,150.5813,150.8144,1227.55
2023-12-29 08:00:00,150.8144,153.2214,150.7463,152.9146,1227.92
2023-12-29 12:00:00,152.9145,153.8528,150.1697,150.8064,1228.29
2023-12-29 16:00:00,150.8064,151.1418,148.5406,150.2549,1228.66
2023-12-29 20:00:00,150.2549,150.7455,147.2919,150.0781,1229.03
2023-12-30 00:00:00,150.0781,150.6357,149.1471,149.7422,1229.4
2023-12-30 04:00:00,149.7422,150.4601,149.541,149.6507,1229.77
2023-12-30 08:00:00,149.6507,149.8486,148.0779,149.4609,1230.14
2023-12-30 12:00:00,149.4609,151.4233,149.3708,151.177,1230.51
2023-12-30 16:00:00,151.177,152.0738,150.672,151.1276,1230.88
2023-12-30 20:00:00,151.1276,151.3136,150.0745,150.3397,1231.25
2023-12-31 00:00:00,150.3397,151.4358,149.6674,150.4671,1231.62
2023-12-31 04:00:00,150.4671,152.3616,150.3461,151.7554,1231.99
2023-12-31 08:00:00,151.7554,153.0965,151.1062,151.6885,1232.36
2023-12-31 12:00:00,151.6885,152.1949,151.0478,151.4702,1232.73
2023-12-31 16:00:00,151.4702,152.4572,151.3464,152.0477,1233.1
2023-12-31 20:00:00,152.0477,152.3165,149.989,150.8509,1233.47
2024-01-01 00:00:00,150.8509,152.6541,150.6101,151.0183,1233.84
2024-01-01 04:00:00,151.0183,151.673,150.4342,151.5961,1234.21
2024-01-01 08:00:00,151.5961,152.6091,151.4039,152.3016,1234.58
2024-01-01 12:00:00,152.3016,152.9113,151.8585,152.6329,1234.95
2024-01-01 16:00:00,152.6329,155.419,152.1596,155.2548,1235.32
2024-01-01 20:00:00,155.2548,157.6812,154.6469,157.615,1235.69
2024-01-02 00:00:00,157.615,162.3758,157.4537,161.9776,1236.06
2024-01-02 04:00:00,161.9776,162.8887,160.9272,162.1672,1236.43
2024-01-02 08:00:00,162.1672,163.7302,161.2056,162.0904,1236.8
2024-01-02 12:00:00,162.0904,163.4461,159.8974,161.2014,1237.17
2024-01-02 16:00:00,161.2014,162.0185,159.7463,160.6829,1237.54
2024-01-02 20:00:00,160.6829,161.6526,159.065,160.3526,1237.91
2024-01-03 00:00:00,160.3526,162.058,160.0001,161.4792,1238.28
2024-01-03 04:00:00,161.4793,161.965,160.2813,160.584,1238.65
2024-01-03 08:00:00,160.584,162.3758,155.1406,155.9144,1239.02
2024-01-03 12:00:00,155.9145,156.0112,145.3297,153.4069,1239.39
2024-01-03 16:00:00,153.448,155.5241,149.8303,152.009,1239.8011
2024-01-03 20:00:00,152.009,153.3776,151.6809,152.8958,1240.1711
2024-01-04 00:00:00,152.8958,154.2848,152.02,153.8147,1240.5411
2024-01-04 04:00:00,153.7736,154.4311,152.4898,152.5616,1240.87
2024-01-04 08:00:00,152.5753,154.3047,152.0016,154.0496,1241.2537
2024-01-04 12:00:00,154.0359,158.2017,153.7031,157.1568,1241.61
2024-01-04 16:00:00,157.1568,158.5853,156.1319,156.8192,1241.98
2024-01-04 20:00:00,156.8192,159.6273,156.5352,157.5135,1242.35
2024-01-05 00:00:00,157.5135,158.0376,151.3947,155.0665,1242.72
2024-01-05 04:00:00,155.0665,156.7604,154.0272,156.1805,1243.09
2024-01-05 08:00:00,156.1806,158.1832,154.9016,156.1587,1243.46
2024-01-05 12:00:00,156.1587,157.4171,153.7136,155.1907,1243.83
2024-01-05 16:00:00,155.1907,156.3397,153.7152,155.5474,1244.2
2024-01-05 20:00:00,155.5474,158.2997,155.4279,157.4921,1244.57
2024-01-06 00:00:00,157.4922,157.7894,156.2555,156.7286,1244.94
2024-01-06 04:00:00,156.7286,156.9213,154.7734,155.7372,1245.31
2024-01-06 08:00:00,155.7372,156.2078,155.3236,155.8041,1245.68
2024-01-06 12:00:00,155.8042,156.7393,155.2379,156.5006,1246.05
2024-01-06 16:00:00,156.5006,157.5545,156.3126,156.6404,1246.42
2024-01-06 20:00:00,156.6403,156.9531,155.5373,156.8614,1246.79
2024-01-07 00:00:00,156.8614,157.9495,156.3301,156.7619,1247.16
2024-01-07 04:00:00,156.7619,157.3812,156.3662,157.2599,1247.53
2024-01-07 08:00:00,157.2599,157.6231,156.4987,157.1924,1247.9
2024-01-07 12:00:00,157.1924,158.739,156.7288,157.1442,1248.27
2024-01-07 16:00:00,157.1442,157.961,155.8542,157.8477,1248.64
2024-01-07 20:00:00,157.8477,157.9874,155.3978,156.7212,1249.01
2024-01-08 00:00:00,156.7212,156.9745,153.9812,155.2556,1249.38
2024-01-08 04:00:00,155.2556,158.2439,154.8937,156.8837,1249.75
2024-01-08 08:00:00,156.8837,159.479,155.6463,159.2434,1250.12
2024-01-08 12:00:00,159.2434,161.7801,158.1731,160.4102,1250.49
2024-01-08 16:00:00,160.4102,168.6155,159.757,167.6036,1250.86
2024-01-08 20:00:00,167.6036,168.4663,166.3923,167.5026,1251.23
2024-01-09 00:00:00,167.5026,168.2624,164.8802,167.4167,1251.6
2024-01-09 04:00:00,167.4578,167.5543,166.2393,167.0958,1252.0111
2024-01-09 08:00:00,167.0548,167.2811,165.4193,166.3073,1252.34
2024-01-09 12:00:00,166.3073,167.9099,162.0975,167.2066,1252.71
2024-01-09 16:00:00,167.2066,167.6381,165.8434,167.2349,1253.08
2024-01-09 20:00:00,167.2349,171.195,159.5954,164.5021,1253.45
2024-01-10 00:00:00,164.5021,165.0485,162.7111,164.5274,1253.82
2024-01-10 04:00:00,164.5274,164.8232,163.1127,163.2462,1254.19
2024-01-10 08:00:00,163.2462,163.6641,160.492,162.3825,1254.56
2024-01-10 12:00:00,162.3825,162.9538,157.996,162.4914,1254.93
2024-01-10 16:00:00,162.4913,166.5357,161.1127,165.8548,1255.3
2024-01-10 20:00:00,165.8549,170.21,159.7785,166.4428,1255.67
2024-01-11 00:00:00,166.4429,166.8353,164.7732,165.9012,1256.04
2024-01-11 04:00:00,165.9012,165.9687,162.6972,164.4714,1256.41
2024-01-11 08:00:00,164.4714,168.2624,164.2452,167.8913,1256.78
2024-01-11 12:00:00,167.8913,174.7536,165.7121,166.9059,1257.15
2024-01-11 16:00:00,166.9058,167.806,162.6542,166.5795,1257.52
2024-01-11 20:00:00,166.5795,167.6381,164.3618,165.3196,1257.89
2024-01-12 00:00:00,165.3196,165.9989,163.6958,164.0882,1258.26
2024-01-12 04:00:00,164.0883,165.4654,163.141,164.1389,1258.63
2024-01-12 08:00:00,164.1389,165.1122,162.4092,163.9468,1259.0
2024-01-12 12:00:00,163.9468,164.5485,158.114,158.6227,1259.37
2024-01-12 16:00:00,158.6227,159.4357,154.1132,155.0927,1259.74
2024-01-12 20:00:00,155.0928,156.957,148.0054,152.6317,1260.11
2024-01-13 00:00:00,152.6317,153.4472,151.3451,152.0153,1260.48
2024-01-13 04:00:00,152.0153,154.3631,151.7723,153.7742,1260.85
2024-01-13 08:00:00,153.7742,154.3664,151.6055,152.0654,1261.22
2024-01-13 12:00:00,152.0655,154.3737,151.5909,153.958,1261.59
2024-01-13 16:00:00,153.958,154.1169,152.3736,152.6443,1261.96
2024-01-13 20:00:00,152.658,153.6133,152.2986,152.8782,1262.3437
2024-01-14 00:00:00,152.8782,153.0789,152.1004,152.2854,1262.7137
2024-01-14 04:00:00,152.2717,153.6709,151.7962,153.4477,1263.07
2024-01-14 08:00:00,153.4477,153.7387,152.4983,152.8003,1263.44
2024-01-14 12:00:00,152.8003,153.4756,152.3222,153.0657,1263.81
2024-01-14 16:00:00,153.0657,153.4955,152.0461,152.1939,1264.18
2024-01-14 20:00:00,152.1939,152.5506,148.7903,148.8844,1264.55
2024-01-15 00:00:00,148.8844,152.1725,148.7834,151.8585,1264.92
2024-01-15 04:00:00,151.8585,152.8314,151.5695,152.3893,1265.29
2024-01-15 08:00:00,152.3893,152.6541,151.7157,152.3294,1265.66
2024-01-15 12:00:00,152.3294,153.3071,150.3719,150.8346,1266.03
2024-01-15 16:00:00,150.8346,154.8854,150.6776,153.3807,1266.4
2024-01-15 20:00:00,153.3807,153.8652,151.01,151.6626,1266.77
2024-01-16 00:00:00,151.6626,153.241,151.4549,153.1377,1267.14
2024-01-16 04:00:00,153.2199,153.3466,152.0367,152.7439,1267.5922
2024-01-16 08:00:00,152.6617,154.005,152.3581,153.052,1267.88
2024-01-16 12:00:00,153.052,154.5797,149.9676,154.3083,1268.25
2024-01-16 16:00:00,154.3075,155.0052,152.7657,153.9995,1268.62
2024-01-16 20:00:00,153.9994,155.519,153.5734,153.899,1268.99
2024-01-17 00:00:00,153.899,154.1632,152.8038,152.8681,1269.36
2024-01-17 04:00:00,152.8818,153.2047,152.0134,152.1931,1269.7437
2024-01-17 08:00:00,152.1794,152.9237,151.8014,152.2658,1270.1
2024-01-17 12:00:00,152.2658,153.1929,151.0935,151.5616,1270.47
2024-01-17 16:00:00,151.5617,152.5506,150.5052,152.0194,1270.84
2024-01-17 20:00:00,152.0194,153.0162,151.3947,152.6081,1271.21
2024-01-18 00:00:00,152.6902,152.7699,151.6631,152.0336,1271.6622
2024-01-18 04:00:00,152.0884,153.3156,152.0276,153.2418,1272.087
2024-01-18 08:00:00,153.1047,153.2071,151.1723,151.7821,1272.32
2024-01-18 12:00:00,151.7959,152.7927,151.0652,152.0624,1272.7037
2024-01-18 16:00:00,152.0487,152.0987,145.6223,146.3513,1273.06
2024-01-18 20:00:00,146.3513,147.6309,145.0917,147.44,1273.43
2024-01-19 00:00:00,147.4538,147.6589,145.3515,146.4847,1273.8137
2024-01-19 04:00:00,146.471,148.3766,146.3601,147.2857,1274.17
2024-01-19 08:00:00,147.2858,148.14,146.733,147.9676,1274.54
2024-01-19 12:00:00,147.9676,148.0633,145.2156,145.896,1274.91
2024-01-19 16:00:00,145.896,149.8143,143.653,149.1766,1275.28
2024-01-19 20:00:00,149.1766,150.5916,148.0682,148.6228,1275.65
2024-01-20 00:00:00,148.6228,148.819,147.8495,148.5358,1276.02
2024-01-20 04:00:00,148.5358,149.083,148.2367,148.594,1276.39
2024-01-20 08:00:00,148.594,148.7072,147.8592,148.3438,1276.76
2024-01-20 12:00:00,148.3438,148.819,147.927,148.3056,1277.13
2024-01-20 16:00:00,148.3055,148.7652,148.0995,148.5298,1277.5
2024-01-20 20:00:00,148.5298,149.4346,148.3998,148.7548,1277.87
2024-01-21 00:00:00,148.7549,148.926,148.4688,148.7005,1278.24
2024-01-21 04:00:00,148.7006,148.7872,148.2348,148.5853,1278.61
2024-01-21 08:00:00,148.5852,149.2719,148.5352,148.8399,1278.98
2024-01-21 12:00:00,148.84,149.4661,148.38,148.613,1279.35
2024-01-21 16:00:00,148.613,148.9252,148.0946,148.8382,1279.72
2024-01-21 20:00:00,148.8381,149.2153,148.0089,148.342,1280.09
2024-01-22 00:00:00,148.342,148.782,146.4293,146.9746,1280.46
2024-01-22 04:00:00,146.9746,147.4674,145.0943,146.4275,1280.83
2024-01-22 08:00:00,146.4275,146.4911,143.9549,145.6152,1281.2
2024-01-22 12:00:00,145.6149,147.1924,143.9027,145.4582,1281.57
2024-01-22 16:00:00,145.4582,145.8757,140.6261,142.063,1281.94
2024-01-22 20:00:00,142.063,143.9784,140.7989,141.1629,1282.31
2024-01-23 00:00:00,141.1629,143.1781,140.9098,142.7056,1282.68
2024-01-23 04:00:00,142.7056,143.3846,141.459,141.9192,1283.05
2024-01-23 08:00:00,141.9192,142.2546,137.8628,138.5855,1283.42
2024-01-23 12:00:00,138.5855,140.8275,137.4989,139.8642,1283.79
2024-01-23 16:00:00,139.8642,141.5209,138.8196,139.6647,1284.16
2024-01-23 20:00:00,139.6647,142.4231,139.2007,142.3387,1284.53
2024-01-24 00:00:00,142.3524,143.6596,141.1352,141.3406,1284.9137
2024-01-24 04:00:00,141.3269,143.4389,141.0736,142.6366,1285.27
2024-01-24 08:00:00,142.6366,144.7341,142.1528,143.4509,1285.64
2024-01-24 12:00:00,143.4509,143.8203,141.8192,142.885,1286.01
2024-01-24 16:00:00,142.885,143.4925,141.2832,142.0014,1286.38
2024-01-24 20:00:00,142.0014,143.3788,140.8138,143.0069,1286.75
2024-01-25 00:00:00,143.0069,143.3921,142.3472,142.7469,1287.12
2024-01-25 04:00:00,142.7469,143.237,141.912,143.1678,1287.49
2024-01-25 08:00:00,143.1678,143.8252,142.5022,143.3393,1287.86
2024-01-25 12:00:00,143.3393,143.7666,141.3105,142.0056,1288.23
2024-01-25 16:00:00,142.0056,142.9143,141.0486,142.6657,1288.6
2024-01-25 20:00:00,142.6657,142.7397,141.3625,142.5652,1288.97
2024-01-26 00:00:00,142.5789,143.6418,142.0346,142.9586,1289.3537
2024-01-26 04:00:00,142.9586,143.5526,142.2997,142.6107,1289.7237
2024-01-26 08:00:00,142.597,147.5636,142.519,147.3045,1290.08
2024-01-26 12:00:00,147.3045,148.4194,145.9166,147.7807,1290.45
2024-01-26 16:00:00,147.7807,150.5806,147.6676,150.0693,1290.82
2024-01-26 20:00:00,150.0693,150.7698,149.0758,149.2096,1291.19
2024-01-27 00:00:00,149.2096,149.6508,148.7475,149.1793,1291.56
2024-01-27 04:00:00,149.1793,149.4968,148.3694,148.8051,1291.93
2024-01-27 08:00:00,148.8052,149.1757,147.6285,148.9874,1292.3
2024-01-27 12:00:00,148.9874,149.5142,148.7689,149.1757,1292.67
2024-01-27 16:00:00,149.1756,149.8395,148.8804,149.5198,1293.04
2024-01-27 20:00:00,149.5199,150.6028,149.4698,150.2696,1293.41
2024-01-28 00:00:00,150.2696,150.7597,149.5217,150.6663,1293.78
2024-01-28 04:00:00,150.6664,152.8956,150.6049,151.2264,1294.15
2024-01-28 08:00:00,151.2264,152.3794,150.9421,151.5231,1294.52
2024-01-28 12:00:00,151.5231,151.83,150.3442,150.7597,1294.89
2024-01-28 16:00:00,150.7597,151.1547,148.7942,149.0755,1295.26
2024-01-28 20:00:00,149.0755,150.1526,148.4364,149.9501,1295.63
2024-01-29 00:00:00,149.95,151.6873,149.3431,151.0208,1296.0
2024-01-29 04:00:00,151.0208,151.1214,149.7496,150.03,1296.37
2024-01-29 08:00:00,150.0299,151.2489,149.6505,150.7203,1296.74
2024-01-29 12:00:00,150.7203,152.1984,149.0931,152.1288,1297.11
2024-01-29 16:00:00,152.1288,154.5764,151.6373,153.3925,1297.48
2024-01-29 20:00:00,153.3925,154.6449,153.295,154.4868,1297.85
2024-01-30 00:00:00,154.4868,156.2658,153.8345,155.261,1298.22
2024-01-30 04:00:00,155.261,155.4907,154.2818,154.6849,1298.59
2024-01-30 08:00:00,154.6849,155.472,154.1266,155.3253,1298.96
2024-01-30 12:00:00,155.3253,156.6048,153.764,154.7465,1299.33
2024-01-30 16:00:00,154.7465,155.5938,154.156,155.3618,1299.7
2024-01-30 20:00:00,155.3619,156.1682,152.2294,153.1967,1300.07
2024-01-31 00:00:00,153.1967,153.8413,152.1263,153.1574,1300.44
2024-01-31 04:00:00,153.1573,153.7705,152.897,153.5853,1300.81
2024-01-31 08:00:00,153.599,153.7956,151.0694,152.1647,1301.1937
2024-01-31 12:00:00,152.151,155.1159,151.6491,154.6951,1301.55
2024-01-31 16:00:00,154.6951,156.1151,153.5035,154.6007,1301.92
2024-01-31 20:00:00,154.7377,154.8821,150.9139,152.0455,1302.427
2024-02-01 00:00:00,152.0455,152.4794,149.5134,150.0321,1302.797
2024-02-01 04:00:00,149.8951,150.9595,149.3966,150.5177,1303.03
2024-02-01 08:00:00,150.5176,151.0705,149.8839,150.1515,1303.4
2024-02-01 12:00:00,150.1515,153.2663,149.5926,151.6806,1303.77
2024-02-01 16:00:00,151.6806,154.4741,151.0879,154.1879,1304.14
2024-02-01 20:00:00,154.1879,154.4555,152.9034,153.7027,1304.51
2024-02-02 00:00:00,153.7028,155.0003,153.4501,153.5397,1304.88
2024-02-02 04:00:00,153.5397,154.424,153.156,153.7168,1305.25
2024-02-02 08:00:00,153.7169,154.1668,153.1467,153.9363,1305.62
2024-02-02 12:00:00,153.9363,154.3487,151.74,154.2705,1305.99
2024-02-02 16:00:00,154.2706,155.1978,152.583,153.6279,1306.36
2024-02-02 20:00:00,153.628,154.306,153.0018,154.1204,1306.73
2024-02-03 00:00:00,154.1203,154.8126,153.8634,154.0274,1307.1
2024-02-03 04:00:00,154.0274,154.2515,153.4995,153.5961,1307.47
2024-02-03 08:00:00,153.5961,153.9038,153.2629,153.3891,1307.84
2024-02-03 12:00:00,153.3891,154.1347,152.9287,153.8316,1308.21
2024-02-03 16:00:00,153.8316,154.4201,153.4149,153.6248,1308.58
2024-02-03 20:00:00,153.6248,153.8303,153.1903,153.4464,1308.95
2024-02-04 00:00:00,153.4464,153.7023,152.9288,153.5037,1309.32
2024-02-04 04:00:00,153.5037,153.5609,152.3582,152.854,1309.69
2024-02-04 08:00:00,152.854,153.8815,152.435,153.6213,1310.06
2024-02-04 12:00:00,153.6212,153.8698,152.8057,153.2042,1310.43
2024-02-04 16:00:00,153.2042,153.3491,151.8341,152.1098,1310.8
2024-02-04 20:00:00,152.192,153.4881,150.6635,152.0009,1311.2522
2024-02-05 00:00:00,152.0009,152.5723,150.7922,152.4841,1311.6222
2024-02-05 04:00:00,152.4019,154.0861,152.0796,153.6633,1311.91
2024-02-05 08:00:00,153.6632,154.4165,153.1947,154.0992,1312.28
2024-02-05 12:00:00,154.1814,155.5717,152.0124,152.2191,1312.7322
2024-02-05 16:00:00,152.1369,152.9918,151.5766,152.5697,1313.02
2024-02-05 20:00:00,152.5697,152.7375,150.9684,152.3676,1313.39
2024-02-06 00:00:00,152.3676,153.3142,151.837,152.8757,1313.76
2024-02-06 04:00:00,152.8756,153.1954,152.1688,153.0144,1314.13
2024-02-06 08:00:00,153.0144,153.8846,152.1817,152.7895,1314.5
2024-02-06 12:00:00,152.7895,154.4233,152.1367,154.2805,1314.87
2024-02-06 16:00:00,154.2805,154.8838,153.3568,154.4014,1315.24
2024-02-06 20:00:00,154.4015,154.6056,153.4735,153.7599,1315.61
2024-02-07 00:00:00,153.7599,154.1418,152.6005,152.6933,1315.98
2024-02-07 04:00:00,152.6933,153.6391,152.6243,153.1144,1316.35
2024-02-07 08:00:00,153.1144,154.1704,152.7789,153.151,1316.72
2024-02-07 12:00:00,153.151,154.6164,152.9662,153.6604,1317.09
2024-02-07 16:00:00,153.6604,155.9898,153.4059,155.6026,1317.46
2024-02-07 20:00:00,155.6026,158.439,155.5526,158.2217,1317.83
2024-02-08 00:00:00,158.2217,159.8072,158.1057,158.9045,1318.2
2024-02-08 04:00:00,158.9044,159.2855,158.4478,158.8055,1318.57
2024-02-08 08:00:00,158.8055,160.1818,158.7555,159.4681,1318.94
2024-02-08 12:00:00,159.4681,162.2586,159.0864,162.0843,1319.31
2024-02-08 16:00:00,162.0843,162.3687,160.0996,161.5557,1319.68
2024-02-08 20:00:00,161.5557,162.7836,161.3019,161.5718,1320.05
2024-02-09 00:00:00,161.5719,165.5306,161.3558,164.3263,1320.42
2024-02-09 04:00:00,164.3263,165.676,163.5423,164.8303,1320.79
2024-02-09 08:00:00,164.8303,168.7971,164.7786,168.3195,1321.16
2024-02-09 12:00:00,168.3195,170.2939,166.3857,168.248,1321.53
2024-02-09 16:00:00,168.248,172.0084,168.1053,169.4949,1321.9
2024-02-09 20:00:00,169.4949,170.2006,167.7554,168.1509,1322.27
2024-02-10 00:00:00,168.151,169.5253,167.7874,169.0209,1322.64
2024-02-10 04:00:00,169.0209,169.2614,168.146,168.2185,1323.01
2024-02-10 08:00:00,168.2185,168.7048,166.9137,168.3266,1323.38
2024-02-10 12:00:00,168.3266,169.0773,168.0034,168.9383,1323.75
2024-02-10 16:00:00,168.9383,170.0819,168.1785,169.572,1324.12
2024-02-10 20:00:00,169.572,171.9013,169.2483,170.3568,1324.49
2024-02-11 00:00:00,170.3568,173.282,169.615,173.0986,1324.86
2024-02-11 04:00:00,173.0986,173.4092,171.4128,171.8853,1325.23
2024-02-11 08:00:00,171.8853,172.8603,170.9178,172.7137,1325.6
2024-02-11 12:00:00,172.7137,172.9683,170.9516,171.7815,1325.97
2024-02-11 16:00:00,171.7815,172.7015,171.0107,172.258,1326.34
2024-02-11 20:00:00,172.258,172.6327,171.092,172.3151,1326.71
2024-02-12 00:00:00,172.3151,174.2446,171.2288,171.7622,1327.08
2024-02-12 04:00:00,171.7622,172.6586,170.3237,171.9726,1327.45
2024-02-12 08:00:00,171.9726,172.4049,170.1603,170.8989,1327.82
2024-02-12 12:00:00,170.8989,178.2517,170.6276,178.0868,1328.19
2024-02-12 16:00:00,178.0868,179.6246,176.0904,176.7105,1328.56
2024-02-12 20:00:00,176.7105,179.3969,176.6605,178.0849,1328.93
2024-02-13 00:00:00,178.0849,179.7451,177.3466,177.6308,1329.3
2024-02-13 04:00:00,177.6309,178.8505,177.5808,178.3197,1329.67
2024-02-13 08:00:00,178.3197,179.3112,177.0814,178.3377,1330.04
2024-02-13 12:00:00,178.3377,178.4158,172.6219,173.8402,1330.41
2024-02-13 16:00:00,173.8402,175.8193,172.2685,174.9435,1330.78
2024-02-13 20:00:00,174.9435,177.6273,174.8021,177.3083,1331.15
2024-02-14 00:00:00,177.3083,177.4059,175.9505,176.6626,1331.52
2024-02-14 04:00:00,176.6626,177.992,175.5652,177.8054,1331.89
2024-02-14 08:00:00,177.8054,184.5773,177.4067,183.9281,1332.26
2024-02-14 12:00:00,183.9281,185.7212,182.8832,184.0525,1332.63
2024-02-14 16:00:00,184.0525,184.6734,182.612,184.3665,1333.0
2024-02-14 20:00:00,184.3665,185.1657,183.553,184.7845,1333.37
2024-02-15 00:00:00,184.7845,187.3491,184.4577,186.7401,1333.74
2024-02-15 04:00:00,186.7401,186.8658,184.1595,184.7183,1334.11
2024-02-15 08:00:00,184.7183,187.3423,184.2166,186.6926,1334.48
2024-02-15 12:00:00,186.6926,188.4786,184.471,185.3306,1334.85
2024-02-15 16:00:00,185.3306,186.9209,184.4842,185.5224,1335.22
2024-02-15 20:00:00,185.5224,185.6049,183.0179,185.0871,1335.59
2024-02-16 00:00:00,185.0872,186.7354,184.7646,186.5151,1335.96
2024-02-16 04:00:00,186.5151,186.7899,184.395,184.5591,1336.33
2024-02-16 08:00:00,184.5591,187.1202,183.9169,186.2782,1336.7
2024-02-16 12:00:00,186.2783,187.6062,184.0128,185.1157,1337.07
2024-02-16 16:00:00,185.1294,186.453,184.2481,184.6595,1337.4537
2024-02-16 20:00:00,184.6595,186.3225,184.3412,185.9717,1337.8237
2024-02-17 00:00:00,185.958,186.1461,184.9188,185.4038,1338.18
2024-02-17 04:00:00,185.4038,185.7705,184.7232,185.1989,1338.55
2024-02-17 08:00:00,185.199,185.249,183.6815,184.411,1338.92
2024-02-17 12:00:00,184.411,184.6223,180.5598,181.8926,1339.29
2024-02-17 16:00:00,181.8926,183.5817,180.974,183.3548,1339.66
2024-02-17 20:00:00,183.3549,185.6729,182.9786,184.2403,1340.03
2024-02-18 00:00:00,184.2403,184.8481,182.4802,183.6601,1340.4
2024-02-18 04:00:00,183.6601,184.6755,183.3444,184.3419,1340.77
2024-02-18 08:00:00,184.3419,185.8114,184.1952,184.9159,1341.14
2024-02-18 12:00:00,184.9159,185.3818,183.8064,184.7089,1341.51
2024-02-18 16:00:00,184.709,185.4965,184.2068,184.6523,1341.88
2024-02-18 20:00:00,184.6524,186.9102,183.9933,186.0064,1342.25
2024-02-19 00:00:00,186.0064,187.095,185.1257,185.7429,1342.62
2024-02-19 04:00:00,185.7429,187.309,185.4268,186.921,1342.99
2024-02-19 08:00:00,186.921,187.1707,185.6919,186.7148,1343.36
2024-02-19 12:00:00,186.7148,187.1853,185.5616,185.9719,1343.73
2024-02-19 16:00:00,185.9719,186.3858,184.3129,184.8753,1344.1
2024-02-19 20:00:00,184.8753,185.9577,184.4132,184.7116,1344.47
2024-02-20 00:00:00,184.7116,184.9659,183.0072,184.0177,1344.84
2024-02-20 04:00:00,184.0177,185.7076,183.7171,184.9419,1345.21
2024-02-20 08:00:00,184.9419,186.9209,183.8955,186.5384,1345.58
2024-02-20 12:00:00,186.5384,189.0793,183.1106,184.3736,1345.95
2024-02-20 16:00:00,184.3736,186.0587,181.0427,185.876,1346.32
2024-02-20 20:00:00,185.8759,187.4108,185.1124,186.4386,1346.69
2024-02-21 00:00:00,186.4386,186.8739,185.4257,185.5224,1347.06
2024-02-21 04:00:00,185.5224,185.9698,183.5118,183.9763,1347.43
2024-02-21 08:00:00,183.9763,184.8055,181.2305,181.8247,1347.8
2024-02-21 12:00:00,181.8247,183.5755,180.5598,182.5042,1348.17
2024-02-21 16:00:00,182.5042,183.5226,180.6464,182.1546,1348.54
2024-02-21 20:00:00,182.1545,185.3869,181.4071,184.9779,1348.91
2024-02-22 00:00:00,184.9779,185.1306,182.446,184.0386,1349.28
2024-02-22 04:00:00,184.0386,185.2453,183.1534,184.9003,1349.65
2024-02-22 08:00:00,184.9003,185.687,183.7444,184.1668,1350.02
2024-02-22 12:00:00,184.1669,184.6129,181.6864,184.0968,1350.39
2024-02-22 16:00:00,184.0968,184.6734,183.3247,183.7671,1350.76
2024-02-22 20:00:00,183.7671,185.7999,182.5542,182.9766,1351.13
2024-02-23 00:00:00,182.9766,183.9546,181.7946,182.3044,1351.5
2024-02-23 04:00:00,182.3044,183.1461,181.5016,181.6478,1351.87
2024-02-23 08:00:00,181.6478,182.9367,181.2912,182.7288,1352.24
2024-02-23 12:00:00,182.7287,183.1873,181.1853,181.6305,1352.61
2024-02-23 16:00:00,181.6305,182.694,180.5753,182.3012,1352.98
2024-02-23 20:00:00,182.3012,182.5757,180.1888,181.0349,1353.35
2024-02-24 00:00:00,181.0349,181.6664,180.4171,181.4124,1353.72
2024-02-24 04:00:00,181.4124,182.3682,181.2786,182.1927,1354.09
2024-02-24 08:00:00,182.1927,182.6115,181.73,182.375,1354.46
2024-02-24 12:00:00,182.375,182.6413,182.013,182.3021,1354.83
2024-02-24 16:00:00,182.3021,184.4878,182.2365,183.9351,1355.2
2024-02-24 20:00:00,183.9351,184.3737,183.4597,183.9748,1355.57
2024-02-25 00:00:00,183.9748,185.2039,183.4634,184.1774,1355.94
2024-02-25 04:00:00,184.1774,184.8518,183.7136,184.5138,1356.31
2024-02-25 08:00:00,184.5138,184.772,183.7947,184.2488,1356.68
2024-02-25 12:00:00,184.2488,184.7804,183.4555,183.8171,1357.05
2024-02-25 16:00:00,183.8171,184.6336,182.8959,184.3485,1357.42
2024-02-25 20:00:00,184.3485,185.4174,184.1841,184.5479,1357.79
2024-02-26 00:00:00,184.5479,184.8392,183.3247,183.9298,1358.16
2024-02-26 04:00:00,183.9298,184.1313,182.9258,182.9939,1358.53
2024-02-26 08:00:00,182.9939,183.3343,181.546,182.2688,1358.9
2024-02-26 12:00:00,182.2688,188.59,181.7442,188.5203,1359.27
2024-02-26 16:00:00,188.5204,194.5271,188.1527,194.3883,1359.64
2024-02-26 20:00:00,194.3882,195.947,193.5216,194.3503,1360.01
2024-02-27 00:00:00,194.3503,203.6667,194.2063,198.5998,1360.38
2024-02-27 04:00:00,198.5998,201.4339,198.2234,199.9964,1360.75
2024-02-27 08:00:00,199.9965,202.754,199.8206,201.6686,1361.12
2024-02-27 12:00:00,201.6686,204.8907,201.367,202.4459,1361.49
2024-02-27 16:00:00,202.4459,205.5015,200.4813,204.5651,1361.86
2024-02-27 20:00:00,204.5651,204.684,201.8043,203.4865,1362.23
2024-02-28 00:00:00,203.4865,203.7639,202.2039,203.055,1362.6
2024-02-28 04:00:00,203.055,208.325,202.9257,207.781,1362.97
2024-02-28 08:00:00,207.781,212.3011,207.4813,210.2784,1363.34
2024-02-28 12:00:00,210.2784,218.958,210.0499,217.5032,1363.71
2024-02-28 16:00:00,217.5032,228.3765,209.3682,217.4492,1364.08
2024-02-28 20:00:00,217.4492,223.5496,213.2839,222.7328,1364.45
2024-02-29 00:00:00,222.7329,222.8047,217.6489,219.6263,1364.82
2024-02-29 04:00:00,219.6263,227.2218,218.7673,223.7142,1365.19
2024-02-29 08:00:00,223.7142,226.0252,221.5376,224.5306,1365.56
2024-02-29 12:00:00,224.5306,226.7064,221.3236,223.9313,1365.93
2024-02-29 16:00:00,223.9312,224.3783,215.3072,219.7642,1366.3
2024-02-29 20:00:00,219.7642,222.2597,216.0898,218.0909,1366.67
2024-03-01 00:00:00,218.091,220.3458,216.7781,218.0015,1367.04
2024-03-01 04:00:00,218.0015,220.4308,217.7917,219.172,1367.41
2024-03-01 08:00:00,219.172,222.1101,218.7034,220.7051,1367.78
2024-03-01 12:00:00,220.705,223.6567,218.0411,218.5655,1368.15
2024-03-01 16:00:00,218.5654,223.0048,218.4085,221.9601,1368.52
2024-03-01 20:00:00,221.9601,225.2164,221.9101,222.5751,1000.0
2024-03-02 00:00:00,222.5751,222.7867,220.9594,222.2881,1000.37
2024-03-02 04:00:00,222.2881,222.3381,220.2576,221.2335,1000.74
2024-03-02 08:00:00,221.2335,221.6801,219.8609,220.5716,1001.11
2024-03-02 12:00:00,220.5716,221.8399,219.5755,220.375,1001.48
2024-03-02 16:00:00,220.375,221.6507,219.8034,221.6007,1001.85
2024-03-02 20:00:00,221.6007,221.9548,220.0175,221.1459,1002.22
2024-03-03 00:00:00,221.1459,221.2413,219.8655,220.9454,1002.59
2024-03-03 04:00:00,220.9454,221.598,218.7153,219.7571,1002.96
2024-03-03 08:00:00,219.7571,220.8523,218.9787,220.5887,1003.33
2024-03-03 12:00:00,220.5887,223.5252,220.503,221.7786,1003.7
2024-03-03 16:00:00,221.7786,224.7696,221.4552,223.7956,1004.07
2024-03-03 20:00:00,223.7956,225.6361,223.2105,225.1655,1004.44
2024-03-04 00:00:00,225.1655,229.3334,222.2115,226.3954,1004.81
2024-03-04 04:00:00,226.3954,229.4467,225.4581,228.5641,1005.18
2024-03-04 08:00:00,228.5641,233.9241,228.2769,232.7146,1005.55
2024-03-04 12:00:00,232.7146,237.5819,230.1804,237.073,1005.92
2024-03-04 16:00:00,237.073,240.9522,235.5519,240.4751,1006.29
2024-03-04 20:00:00,240.475,244.4271,238.108,243.4735,1006.66
2024-03-05 00:00:00,243.4735,245.0971,240.889,243.0034,1007.03
2024-03-05 04:00:00,243.0034,244.0188,232.1616,235.9242,1007.4
2024-03-05 08:00:00,235.9242,239.6144,233.6819,237.8031,1007.77
2024-03-05 12:00:00,237.8032,246.2145,236.7317,238.2196,1008.14
2024-03-05 16:00:00,238.2196,239.0663,210.4563,219.0899,1008.51
2024-03-05 20:00:00,219.0899,229.6867,218.1727,227.3418,1008.88
2024-03-06 00:00:00,227.3418,228.8989,223.9209,225.6979,1009.25
2024-03-06 04:00:00,225.6979,238.227,225.6479,237.875,1009.62
2024-03-06 08:00:00,237.875,241.3665,235.5602,240.1042,1009.99
2024-03-06 12:00:00,240.1042,241.1924,230.6486,237.1781,1010.36
2024-03-06 16:00:00,237.1781,240.7382,236.2005,238.0998,1010.73
2024-03-06 20:00:00,238.0999,240.3764,234.3919,235.7258,1011.1
2024-03-07 00:00:00,235.7258,237.1809,233.8098,234.9169,1011.47
2024-03-07 04:00:00,234.9169,237.1851,234.1901,236.8451,1011.84
2024-03-07 08:00:00,236.8451,240.0611,236.6286,238.6916,1012.21
2024-03-07 12:00:00,238.6916,242.2865,237.3421,239.9569,1012.58
2024-03-07 16:00:00,239.9569,242.5755,239.0221,240.806,1012.95
2024-03-07 20:00:00,240.806,242.3427,238.3026,238.3984,1013.32
2024-03-08 00:00:00,238.3984,239.9932,238.1123,239.5861,1013.69
2024-03-08 04:00:00,239.5861,241.3641,238.2023,239.8249,1014.06
2024-03-08 08:00:00,239.8249,241.7671,239.1174,241.6736,1014.43
2024-03-08 12:00:00,241.6736,249.7464,239.5144,241.2326,1014.8
2024-03-08 16:00:00,241.2326,245.7293,235.7066,245.6792,1015.17
2024-03-08 20:00:00,245.6793,247.5666,241.8604,243.0399,1015.54
2024-03-09 00:00:00,243.04,243.6422,242.0513,243.4793,1015.91
2024-03-09 04:00:00,243.4793,244.5773,243.0223,243.6266,1016.28
2024-03-09 08:00:00,243.6266,244.2634,242.3112,243.6671,1016.65
2024-03-09 12:00:00,243.6672,244.5059,242.9037,243.6251,1017.02
2024-03-09 16:00:00,243.625,243.8063,242.5469,243.2872,1017.39
2024-03-09 20:00:00,243.2872,244.1922,243.2372,243.7145,1017.76
2024-03-10 00:00:00,243.7145,246.9851,243.2604,246.6525,1018.13
2024-03-10 04:00:00,246.6524,248.5672,246.2023,247.403,1018.5
2024-03-10 08:00:00,247.403,249.3811,246.6924,248.1925,1018.87
2024-03-10 12:00:00,248.1925,249.1875,244.8341,246.8595,1019.24
2024-03-10 16:00:00,246.8595,248.9565,246.5137,247.5922,1019.61
2024-03-10 20:00:00,247.5922,247.8913,242.8849,246.0071,1019.98
2024-03-11 00:00:00,246.0071,246.0571,239.0683,244.7532,1020.35
2024-03-11 04:00:00,244.7532,254.4128,244.1377,253.371,1020.72
2024-03-11 08:00:00,253.371,257.7246,253.321,255.0378,1021.09
2024-03-11 12:00:00,255.0378,259.2758,254.3349,256.903,1021.46
2024-03-11 16:00:00,256.903,259.7714,255.9611,256.7602,1021.83
2024-03-11 20:00:00,256.7602,259.593,256.2335,257.1459,1022.2
2024-03-12 00:00:00,257.1459,258.5955,254.6767,255.508,1022.57
2024-03-12 04:00:00,255.5217,258.198,254.3372,257.313,1022.9537
2024-03-12 08:00:00,257.2993,258.2587,254.6339,256.9523,1023.31
2024-03-12 12:00:00,256.9523,260.4849,252.5362,255.8092,1023.68
2024-03-12 16:00:00,255.8092,256.3076,244.7617,254.5483,1024.05
2024-03-12 20:00:00,254.5483,255.312,251.8507,254.9123,1024.42
2024-03-13 00:00:00,254.9122,257.6943,254.4388,257.0722,1024.79
2024-03-13 04:00:00,257.0722,261.135,256.5319,259.9181,1025.16
2024-03-13 08:00:00,259.9181,262.8047,259.7427,260.6682,1025.53
2024-03-13 12:00:00,260.6682,261.127,255.5134,259.1325,1025.9
2024-03-13 16:00:00,259.1325,261.8912,258.0659,261.6808,1026.27
2024-03-13 20:00:00,261.6808,261.9484,259.6291,260.6932,1026.64
2024-03-14 00:00:00,260.6932,261.5134,258.6011,261.3877,1027.01
2024-03-14 04:00:00,261.3877,263.2569,259.2432,261.234,1027.38
2024-03-14 08:00:00,261.234,262.369,259.0542,260.021,1027.75
2024-03-14 12:00:00,260.0211,260.6531,251.6216,252.7432,1028.12
2024-03-14 16:00:00,252.7568,254.9973,244.5406,247.659,1028.5037
2024-03-14 20:00:00,247.659,255.896,247.2118,254.701,1028.8737
2024-03-15 00:00:00,254.6873,258.4146,237.9054,243.396,1029.23
2024-03-15 04:00:00,243.396,245.7189,238.6403,244.1962,1029.6
2024-03-15 08:00:00,244.1962,244.7874,233.9846,241.7327,1029.97
2024-03-15 12:00:00,241.7326,245.3108,240.4948,243.1572,1030.34
2024-03-15 16:00:00,243.1572,252.101,240.8345,246.036,1030.71
2024-03-15 20:00:00,246.036,248.8902,240.4555,247.9477,1031.08
2024-03-16 00:00:00,247.9477,249.9355,245.8719,246.8783,1031.45
2024-03-16 04:00:00,246.8782,247.8588,244.6874,247.7073,1031.82
2024-03-16 08:00:00,247.7073,247.7708,241.5677,243.5102,1032.19
2024-03-16 12:00:00,243.5102,244.4275,240.8487,243.9725,1032.56
2024-03-16 16:00:00,243.9725,244.1022,237.802,238.7136,1032.93
2024-03-16 20:00:00,238.7273,241.0141,231.0729,232.9803,1033.3137
2024-03-17 00:00:00,232.9666,237.568,232.2801,237.3846,1033.67
2024-03-17 04:00:00,237.3846,237.5095,230.178,234.1655,1034.04
2024-03-17 08:00:00,234.1655,240.9166,232.8787,238.8705,1034.41
2024-03-17 12:00:00,238.8705,243.0445,236.9704,242.4738,1034.78
2024-03-17 16:00:00,242.4738,245.1219,241.7258,244.5117,1035.15
2024-03-17 20:00:00,244.5117,245.8734,242.3804,244.0007,1035.52
2024-03-18 00:00:00,244.0006,244.1666,238.2657,242.497,1035.89
2024-03-18 04:00:00,242.497,246.0575,241.4909,243.376,1036.26
2024-03-18 08:00:00,243.376,244.3734,240.0496,243.5009,1036.63
2024-03-18 12:00:00,243.5009,244.8866,237.6545,240.696,1037.0
2024-03-18 16:00:00,240.696,242.9306,237.4281,238.8009,1037.37
2024-03-18 20:00:00,238.8009,242.6433,238.7509,241.2055,1037.74
2024-03-19 00:00:00,241.2055,243.0896,231.3446,235.0193,1038.11
2024-03-19 04:00:00,235.0193,235.4264,226.7674,230.8388,1038.48
2024-03-19 08:00:00,230.8526,230.9256,222.9566,225.0628,1038.8637
2024-03-19 12:00:00,225.0491,228.9116,222.6068,228.5114,1039.22
2024-03-19 16:00:00,228.5114,234.6412,228.1679,229.7249,1039.59
2024-03-19 20:00:00,229.725,230.1607,219.5537,220.9679,1039.96
2024-03-20 00:00:00,220.968,226.4721,219.9497,220.6947,1040.33
2024-03-20 04:00:00,220.6947,225.5182,216.771,224.6085,1040.7
2024-03-20 08:00:00,224.6085,228.2257,223.4245,226.1607,1041.07
2024-03-20 12:00:00,226.1608,229.7857,224.9465,226.9007,1041.44
2024-03-20 16:00:00,226.9007,235.5117,221.2198,234.6927,1041.81
2024-03-20 20:00:00,234.6927,243.0036,234.1859,242.0279,1042.18
2024-03-21 00:00:00,242.0279,243.5048,236.6247,237.7965,1042.55
2024-03-21 04:00:00,237.7965,240.2566,235.6692,238.9764,1042.92
2024-03-21 08:00:00,238.9764,241.4322,237.7306,239.1862,1043.29
2024-03-21 12:00:00,239.1863,241.5538,235.0048,237.4516,1043.66
2024-03-21 16:00:00,237.4516,239.0793,231.3839,232.6923,1044.03
2024-03-21 20:00:00,232.6922,235.3214,230.1638,233.6824,1044.4
2024-03-22 00:00:00,233.6824,236.0825,232.2722,235.3974,1044.77
2024-03-22 04:00:00,235.3974,237.8293,234.5435,236.0967,1045.14
2024-03-22 08:00:00,236.0967,236.8071,228.5109,229.1609,1045.51
2024-03-22 12:00:00,229.1609,230.7812,223.2858,227.8878,1045.88
2024-03-22 16:00:00,227.8878,228.8263,223.8763,227.8517,1046.25
2024-03-22 20:00:00,227.8518,228.301,222.0688,227.601,1046.62
2024-03-23 00:00:00,227.601,229.714,224.7089,226.7425,1046.99
2024-03-23 04:00:00,226.7425,231.4304,226.5159,230.3793,1047.36
2024-03-23 08:00:00,230.3793,231.4344,228.9408,230.5727,1047.73
2024-03-23 12:00:00,230.5727,233.4235,229.2688,232.2653,1048.1
2024-03-23 16:00:00,232.2653,235.5081,231.0815,231.4406,1048.47
2024-03-23 20:00:00,231.4406,232.6575,227.7829,228.2908,1048.84
2024-03-24 00:00:00,228.2909,230.9564,228.0012,228.1944,1049.21
2024-03-24 04:00:00,228.1944,230.4579,227.4641,230.4079,1049.58
2024-03-24 08:00:00,230.4079,233.2593,229.9746,233.0857,1049.95
2024-03-24 12:00:00,233.0856,235.2448,232.4765,234.2963,1050.32
2024-03-24 16:00:00,234.2963,235.6757,230.4171,234.9016,1050.69
2024-03-24 20:00:00,234.9016,241.3222,234.4506,239.7784,1051.06
2024-03-25 00:00:00,239.7785,240.3279,236.7854,240.2779,1051.43
2024-03-25 04:00:00,240.2779,241.7193,237.9447,238.3913,1051.8
2024-03-25 08:00:00,238.3913,240.3073,238.079,238.352,1052.17
2024-03-25 12:00:00,238.352,249.7821,238.1944,248.9902,1052.54
2024-03-25 16:00:00,248.9902,253.3497,247.6849,253.1601,1052.91
2024-03-25 20:00:00,253.1601,253.8848,248.1198,249.304,1053.28
2024-03-26 00:00:00,249.3862,252.0262,248.811,251.3238,1053.7322
2024-03-26 04:00:00,251.2416,255.3515,250.6107,251.4673,1054.02
2024-03-26 08:00:00,251.4673,254.3486,250.6405,252.205,1054.39
2024-03-26 12:00:00,252.205,253.8371,247.1134,250.624,1054.76
2024-03-26 16:00:00,250.624,251.5623,247.5843,247.8686,1055.13
2024-03-26 20:00:00,247.8686,250.8714,247.5476,249.6893,1055.5
2024-03-27 00:00:00,249.6892,252.4208,249.1113,251.1163,1055.87
2024-03-27 04:00:00,251.2533,252.0525,248.5347,248.8915,1056.377
2024-03-27 08:00:00,248.7546,251.0663,247.5665,250.5195,1056.61
2024-03-27 12:00:00,250.5195,256.0951,244.452,245.715,1056.98
2024-03-27 16:00:00,245.7149,247.6629,243.8283,244.9229,1057.35
2024-03-27 20:00:00,244.923,248.4894,244.7945,247.8412,1057.72
2024-03-28 00:00:00,247.8412,249.7107,245.7706,247.1991,1058.09
2024-03-28 04:00:00,247.1991,251.4582,247.1134,251.1557,1058.46
2024-03-28 08:00:00,251.1557,253.2164,250.7254,252.041,1058.83
2024-03-28 12:00:00,252.041,255.3192,250.9263,254.3357,1059.2
2024-03-28 16:00:00,254.3356,254.4913,251.1234,252.5799,1059.57
2024-03-28 20:00:00,252.5799,253.6138,251.6154,252.5169,1059.94
2024-03-29 00:00:00,252.5169,253.0506,250.6598,251.3097,1060.31
2024-03-29 04:00:00,251.3098,251.7042,248.7771,248.9971,1060.68
2024-03-29 08:00:00,249.0109,250.9303,248.1474,250.2552,1061.0637
2024-03-29 12:00:00,250.2415,252.0512,246.1466,246.8066,1061.42
2024-03-29 16:00:00,246.8066,248.5905,246.395,248.5405,1061.79
2024-03-29 20:00:00,248.5405,249.4842,247.1491,249.1989,1062.16
2024-03-30 00:00:00,249.1988,250.4166,248.6475,248.9258,1062.53
2024-03-30 04:00:00,248.9258,250.9276,248.8115,249.2047,1062.9
2024-03-30 08:00:00,249.2047,250.4373,249.0091,250.3869,1063.27
2024-03-30 12:00:00,250.3869,250.7423,249.4176,249.732,1063.64
2024-03-30 16:00:00,249.732,250.7812,248.5048,249.3623,1064.01
2024-03-30 20:00:00,249.3623,249.4123,248.041,248.2415,1064.38
2024-03-31 00:00:00,248.2414,250.3738,248.123,249.4346,1064.75
2024-03-31 04:00:00,249.4345,251.4232,249.2345,250.8085,1065.12
2024-03-31 08:00:00,250.8222,251.4725,250.223,251.0657,1065.5037
2024-03-31 12:00:00,251.0657,252.5039,250.7294,251.1055,1065.8737
2024-03-31 16:00:00,251.0918,254.1603,250.8303,253.3835,1066.23
2024-03-31 20:00:00,253.4246,254.6965,252.0062,254.3397,1066.6411
2024-04-01 00:00:00,254.2986,254.378,251.539,251.8299,1066.97
2024-04-01 04:00:00,251.8299,252.0968,245.7149,248.287,1067.34
2024-04-01 08:00:00,248.287,249.0685,246.7044,247.8056,1067.71
2024-04-01 12:00:00,247.8056,250.0675,243.123,243.4429,1068.08
2024-04-01 16:00:00,243.4429,249.1265,242.7711,248.4763,1068.45
2024-04-01 20:00:00,248.4763,249.4253,247.2834,248.4827,1068.82
2024-04-02 00:00:00,248.4827,248.6199,235.4117,237.9732,1069.19
2024-04-02 04:00:00,237.9732,239.5074,235.8425,237.0867,1069.56
2024-04-02 08:00:00,237.0867,238.0271,232.1116,234.1156,1069.93
2024-04-02 12:00:00,234.1156,236.403,230.3763,231.5016,1070.3
2024-04-02 16:00:00,231.5016,236.2252,230.2386,235.1581,1070.67
2024-04-02 20:00:00,235.1581,235.9398,232.5576,233.5494,1071.04
2024-04-03 00:00:00,233.5494,236.5423,230.0355,236.2672,1071.41
2024-04-03 04:00:00,236.2672,237.2379,235.1263,235.9468,1071.78
2024-04-03 08:00:00,235.9468,237.8034,233.7637,235.6749,1072.15
2024-04-03 12:00:00,235.6748,238.7355,234.1095,234.8766,1072.52
2024-04-03 16:00:00,234.8767,237.4738,233.4553,234.6911,1072.89
2024-04-03 20:00:00,234.6911,236.5727,233.5445,235.3307,1073.26
2024-04-04 00:00:00,235.3306,236.7776,233.4657,234.106,1073.63
2024-04-04 04:00:00,234.106,236.5474,232.0742,235.7885,1074.0
2024-04-04 08:00:00,235.7884,237.1848,235.5116,236.7234,1074.37
2024-04-04 12:00:00,236.7235,242.3889,236.591,241.341,1074.74
2024-04-04 16:00:00,241.3411,247.3201,240.8576,244.3807,1075.11
2024-04-04 20:00:00,244.3944,244.6782,240.1346,244.3508,1075.4937
2024-04-05 00:00:00,244.3371,245.3464,240.5336,242.1116,1075.85
2024-04-05 04:00:00,242.1117,242.7468,236.7674,238.7822,1076.22
2024-04-05 08:00:00,238.7822,241.5204,236.7781,237.167,1076.59
2024-04-05 12:00:00,237.167,244.6685,235.2424,243.2769,1076.96
2024-04-05 16:00:00,243.2769,244.0026,240.1066,240.5005,1077.33
2024-04-05 20:00:00,240.5006,242.528,240.1994,241.9569,1077.7
2024-04-06 00:00:00,241.957,242.8795,240.5769,241.8406,1078.07
2024-04-06 04:00:00,241.8405,243.4751,241.127,242.5684,1078.44
2024-04-06 08:00:00,242.5684,243.075,241.1741,241.413,1078.81
2024-04-06 12:00:00,241.413,243.7136,240.8622,242.9679,1079.18
2024-04-06 16:00:00,242.9679,244.3739,242.3643,243.5244,1079.55
2024-04-06 20:00:00,243.5244,248.6833,243.1414,245.7934,1079.92
2024-04-07 00:00:00,245.7934,248.9865,245.4866,247.6202,1080.29
2024-04-07 04:00:00,247.6202,247.9768,246.307,247.4631,1080.66
2024-04-07 08:00:00,247.4631,248.1945,246.8245,247.4381,1081.03
2024-04-07 12:00:00,247.4381,249.3755,246.8637,248.1043,1081.4
2024-04-07 16:00:00,248.1043,250.9461,245.5785,246.4071,1081.77
2024-04-07 20:00:00,246.4071,247.9169,245.7613,247.4502,1082.14
2024-04-08 00:00:00,247.4502,249.2149,246.2687,247.8018,1082.51
2024-04-08 04:00:00,247.8018,252.8145,247.1134,252.2245,1082.88
2024-04-08 08:00:00,252.2656,259.2773,252.0136,258.3497,1083.2911
2024-04-08 12:00:00,258.3086,259.7642,254.1243,256.0609,1083.62
2024-04-08 16:00:00,256.0609,257.2885,254.32,256.0325,1083.99
2024-04-08 20:00:00,256.0325,256.9173,255.0348,255.5116,1084.36
2024-04-09 00:00:00,255.5116,256.0546,252.6551,254.3164,1084.73
2024-04-09 04:00:00,254.3164,254.5619,250.0745,251.102,1085.1
2024-04-09 08:00:00,251.102,253.0117,248.1716,252.5678,1085.47
2024-04-09 12:00:00,252.5677,253.2676,244.4556,247.1063,1085.84
2024-04-09 16:00:00,247.1063,247.3561,243.2961,246.1672,1086.21
2024-04-09 20:00:00,246.1673,247.7828,245.7166,246.6853,1086.58
2024-04-10 00:00:00,246.6853,248.3342,244.2116,246.7003,1086.95
2024-04-10 04:00:00,246.7003,248.0518,246.1343,247.3642,1087.32
2024-04-10 08:00:00,247.3641,247.4142,244.7944,246.3179,1087.69
2024-04-10 12:00:00,246.3179,246.9433,240.8273,244.9419,1088.06
2024-04-10 16:00:00,244.9419,250.1349,244.5305,250.0317,1088.43
2024-04-10 20:00:00,250.0729,254.0047,248.2285,252.0246,1088.8411
2024-04-11 00:00:00,252.0246,253.612,250.7404,252.8116,1089.2111
2024-04-11 04:00:00,252.7705,254.441,251.031,252.3578,1089.54
2024-04-11 08:00:00,252.3578,254.2639,249.2586,249.672,1089.91
2024-04-11 12:00:00,249.672,253.7064,248.1381,249.7321,1090.28
2024-04-11 16:00:00,249.7321,251.6719,248.1654,251.372,1090.65
2024-04-11 20:00:00,251.372,252.4438,248.9859,249.7543,1091.02
2024-04-12 00:00:00,249.7543,253.3387,249.69,253.2186,1091.39
2024-04-12 04:00:00,253.2186,254.1612,251.7014,252.4578,1091.76
2024-04-12 08:00:00,252.4577,253.2498,251.5001,252.9572,1092.13
2024-04-12 12:00:00,252.9572,253.2624,246.9598,247.4035,1092.5
2024-04-12 16:00:00,247.4035,248.2837,232.1539,238.4727,1092.87
2024-04-12 20:00:00,238.4727,240.649,237.8406,239.445,1093.24
2024-04-13 00:00:00,239.445,239.6786,234.4529,239.602,1093.61
2024-04-13 04:00:00,239.602,242.3936,239.0245,240.6223,1093.98
2024-04-13 08:00:00,240.6223,242.0258,239.3033,240.3136,1094.35
2024-04-13 12:00:00,240.3136,242.3829,239.5857,241.441,1094.72
2024-04-13 16:00:00,241.4409,241.7651,227.3846,231.1378,1095.09
2024-04-13 20:00:00,231.1378,234.1135,216.3627,228.0571,1095.46
2024-04-14 00:00:00,228.0572,229.4606,221.6193,226.3199,1095.83
2024-04-14 04:00:00,226.3199,231.4908,226.1145,229.9829,1096.2
2024-04-14 08:00:00,229.9829,231.5445,227.7608,228.9189,1096.57
2024-04-14 12:00:00,228.9189,231.4035,226.2699,228.9721,1096.94
2024-04-14 16:00:00,228.9721,231.0424,223.1879,228.928,1097.31
2024-04-14 20:00:00,228.928,234.9409,225.8734,234.2552,1097.68
2024-04-15 00:00:00,234.2553,235.0388,231.6193,232.3871,1098.05
2024-04-15 04:00:00,232.3871,237.591,230.7132,236.4029,1098.42
2024-04-15 08:00:00,236.4029,238.605,234.724,234.9626,1098.79
2024-04-15 12:00:00,234.9626,236.9351,227.5986,230.3558,1099.16
2024-04-15 16:00:00,230.3557,231.4741,222.1202,225.8331,1099.53
2024-04-15 20:00:00,225.8331,227.0672,223.396,226.2572,1099.9
2024-04-16 00:00:00,226.2572,228.0186,223.817,224.6019,1100.27
2024-04-16 04:00:00,224.6019,227.6629,219.9996,226.6004,1100.64
2024-04-16 08:00:00,226.6004,227.1635,219.7142,225.097,1101.01
2024-04-16 12:00:00,225.0969,226.3179,220.1973,220.3429,1101.38
2024-04-16 16:00:00,220.3429,225.8105,220.0497,223.765,1101.75
2024-04-16 20:00:00,223.765,229.6786,223.1213,227.5894,1102.12
2024-04-17 00:00:00,227.5894,229.4289,226.7822,227.7629,1102.49
2024-04-17 04:00:00,227.7629,230.1567,225.3575,225.8214,1102.86
2024-04-17 08:00:00,225.8215,226.9062,223.0718,223.3141,1103.23
2024-04-17 12:00:00,223.3141,224.7192,213.6065,215.144,1103.6
2024-04-17 16:00:00,215.144,221.0858,212.8579,217.7034,1103.97
2024-04-17 20:00:00,217.7034,220.396,216.7781,218.6132,1104.34
2024-04-18 00:00:00,218.6132,222.0615,217.3593,221.1485,1104.71
2024-04-18 04:00:00,221.1484,221.5105,216.8721,218.259,1105.08
2024-04-18 08:00:00,218.259,225.0667,217.0885,223.3244,1105.45
2024-04-18 12:00:00,223.3381,228.8079,219.6591,226.5517,1105.8337
2024-04-18 16:00:00,226.538,227.8991,222.2473,226.4608,1106.19
2024-04-18 20:00:00,226.4608,227.7548,225.2896,226.4359,1106.56
2024-04-19 00:00:00,226.436,226.486,212.5791,220.4247,1106.93
2024-04-19 04:00:00,220.4247,232.5827,220.2125,230.2786,1107.3
2024-04-19 08:00:00,230.2786,233.5495,228.6266,231.4329,1107.67
2024-04-19 12:00:00,231.4329,233.5158,227.6363,229.8861,1108.04
2024-04-19 16:00:00,229.8862,231.261,226.5161,229.4868,1108.41
2024-04-19 20:00:00,229.4869,230.139,224.5444,227.6772,1108.78
2024-04-20 00:00:00,227.6772,229.3162,225.0302,228.1695,1109.15
2024-04-20 04:00:00,228.1695,229.3347,227.6184,228.1881,1109.52
2024-04-20 08:00:00,228.1881,228.3337,225.6971,227.2818,1109.89
2024-04-20 12:00:00,227.2818,231.8027,226.7632,231.2103,1110.26
2024-04-20 16:00:00,231.2103,233.4389,229.9052,231.4176,1110.63
2024-04-20 20:00:00,231.4176,232.0556,230.2565,231.6821,1111.0
2024-04-21 00:00:00,231.6821,234.4255,230.4456,232.5006,1111.37
2024-04-21 04:00:00,232.5006,232.8169,231.2875,232.4316,1111.74
2024-04-21 08:00:00,232.4316,233.5172,230.9991,232.7289,1112.11
2024-04-21 12:00:00,232.7427,233.2971,231.0682,232.0636,1112.4937
2024-04-21 16:00:00,232.05,232.2577,229.1238,230.2458,1112.85
2024-04-21 20:00:00,230.2458,232.5405,229.5697,231.6841,1113.22
2024-04-22 00:00:00,231.6841,235.8352,230.0603,234.4039,1113.59
2024-04-22 04:00:00,234.4038,237.2234,233.6608,235.3903,1113.96
2024-04-22 08:00:00,235.3904,236.241,234.3485,235.0245,1114.33
2024-04-22 12:00:00,235.0245,237.2153,234.0805,235.4416,1114.7
2024-04-22 16:00:00,235.4417,238.4524,235.1031,237.3338,1115.07
2024-04-22 20:00:00,237.3338,239.9082,236.6321,238.3847,1115.44
2024-04-23 00:00:00,238.3847,239.7322,236.9085,237.0136,1115.81
2024-04-23 04:00:00,237.0136,237.8163,235.483,235.8177,1116.18
2024-04-23 08:00:00,235.8177,236.6192,234.8849,235.6186,1116.55
2024-04-23 12:00:00,235.6186,239.5431,234.5762,236.9585,1116.92
2024-04-23 16:00:00,236.9585,238.7439,236.6636,237.1899,1117.29
2024-04-23 20:00:00,237.1899,237.2418,235.3403,236.9387,1117.66
2024-04-24 00:00:00,236.9387,238.7225,236.803,237.6313,1118.03
2024-04-24 04:00:00,237.6313,239.3305,237.3823,237.7125,1118.4
2024-04-24 08:00:00,237.7124,238.1624,236.1361,237.5006,1118.77
2024-04-24 12:00:00,237.5006,238.141,230.1282,230.5031,1119.14
2024-04-24 16:00:00,230.5031,232.504,227.3371,228.2411,1119.51
2024-04-24 20:00:00,228.241,229.9744,226.871,229.3596,1119.88
2024-04-25 00:00:00,229.3596,231.0217,227.777,229.3326,1120.25
2024-04-25 04:00:00,229.3326,229.7956,227.6488,228.3906,1120.62
2024-04-25 08:00:00,228.3906,229.0614,225.912,227.8314,1120.99
2024-04-25 12:00:00,227.8314,229.4574,223.9739,228.8114,1121.36
2024-04-25 16:00:00,228.8114,231.8549,228.1747,230.9919,1121.73
2024-04-25 20:00:00,230.9919,233.007,229.8739,230.1043,1122.1
2024-04-26 00:00:00,230.1043,230.7401,227.887,229.6866,1122.47
2024-04-26 04:00:00,229.6866,230.5556,228.2765,229.3145,1122.84
2024-04-26 08:00:00,229.3145,230.4511,228.4898,229.197,1123.21
2024-04-26 12:00:00,229.1971,231.3019,225.7702,226.5542,1123.58
2024-04-26 16:00:00,226.5542,228.9562,225.846,227.4062,1123.95
2024-04-26 20:00:00,227.4063,228.7593,227.1677,227.506,1124.32
2024-04-27 00:00:00,227.5059,228.1032,222.5371,225.0514,1124.69
2024-04-27 04:00:00,225.0514,225.4332,224.0239,224.6405,1125.06
2024-04-27 08:00:00,224.6406,225.0229,223.5436,224.267,1125.43
2024-04-27 12:00:00,224.267,226.2663,224.0321,224.5867,1125.8
2024-04-27 16:00:00,224.5867,227.1278,223.817,226.0151,1126.17
2024-04-27 20:00:00,226.0151,226.7909,225.2725,226.407,1126.54
2024-04-28 00:00:00,226.407,229.6965,226.3388,228.4036,1126.91
2024-04-28 04:00:00,228.4036,228.5905,227.5629,228.025,1127.28
2024-04-28 08:00:00,228.025,228.3025,225.9417,226.4856,1127.65
2024-04-28 12:00:00,226.4856,227.9094,226.1916,226.6854,1128.02
2024-04-28 16:00:00,226.6854,228.2908,226.4327,227.365,1128.39
2024-04-28 20:00:00,227.365,227.47,223.9276,225.1821,1128.76
2024-04-29 00:00:00,225.1821,226.1184,221.6783,222.189,1129.13
2024-04-29 04:00:00,222.1891,223.5224,220.867,222.6182,1129.5
2024-04-29 08:00:00,222.6182,223.6429,221.7834,222.1046,1129.87
2024-04-29 12:00:00,222.1046,225.2095,220.3048,224.8983,1130.24
2024-04-29 16:00:00,224.8983,225.5999,223.0905,224.7138,1130.61
2024-04-29 20:00:00,224.7138,229.1911,224.0667,227.8484,1130.98
2024-04-30 00:00:00,227.8484,230.9951,224.6935,227.0706,1131.35
2024-04-30 04:00:00,227.0706,227.3372,224.9575,225.2895,1131.72
2024-04-30 08:00:00,225.2895,225.6794,217.5737,218.353,1132.09
2024-04-30 12:00:00,218.3529,219.6692,215.9548,216.8989,1132.46
2024-04-30 16:00:00,216.8989,217.4865,211.122,211.5336,1132.83
2024-04-30 20:00:00,211.5336,217.9259,211.4187,216.4535,1133.2
2024-05-01 00:00:00,216.4535,217.1087,212.5433,214.9338,1133.57
2024-05-01 04:00:00,214.9338,215.3943,203.66,205.137,1133.94
2024-05-01 08:00:00,205.1371,206.6462,201.7079,206.5586,1134.31
2024-05-01 12:00:00,206.5723,207.9688,202.1557,202.9603,1134.6937
2024-05-01 16:00:00,202.9603,212.2218,201.9794,203.2045,1135.0637
2024-05-01 20:00:00,203.1908,209.0234,202.4471,208.2229,1135.42
2024-05-02 00:00:00,208.2229,209.1491,202.9887,204.9333,1135.79
2024-05-02 04:00:00,204.9333,206.7753,204.0257,205.7831,1136.16
2024-05-02 08:00:00,205.7831,209.4309,205.3052,208.9175,1136.53
2024-05-02 12:00:00,208.9175,212.1617,207.6629,211.4308,1136.9
2024-05-02 16:00:00,211.4309,212.5909,210.2365,211.7411,1137.27
2024-05-02 20:00:00,211.741,212.7682,209.1456,210.7047,1137.64
2024-05-03 00:00:00,210.7047,214.1025,209.7653,213.0582,1138.01
2024-05-03 04:00:00,213.0582,213.5529,210.6583,211.1689,1138.38
2024-05-03 08:00:00,211.1689,212.5915,209.9031,211.527,1138.75
2024-05-03 12:00:00,211.527,221.6538,210.4099,220.0879,1139.12
2024-05-03 16:00:00,220.0879,221.8834,219.4759,221.4314,1139.49
2024-05-03 20:00:00,221.4314,225.9969,221.0485,224.3379,1139.86
2024-05-04 00:00:00,224.3379,226.9321,223.0714,223.7742,1140.23
2024-05-04 04:00:00,223.7742,226.4143,223.5886,224.6127,1140.6
2024-05-04 08:00:00,224.6127,230.303,224.439,227.8745,1140.97
2024-05-04 12:00:00,227.8745,228.9408,226.2591,226.9321,1141.34
2024-05-04 16:00:00,226.9321,228.4472,225.7812,228.0453,1141.71
2024-05-04 20:00:00,228.0452,229.2354,226.671,227.9413,1142.08
2024-05-05 00:00:00,227.9413,229.0472,224.0744,225.6006,1142.45
2024-05-05 04:00:00,225.6006,228.2302,225.1346,227.3877,1142.82
2024-05-05 08:00:00,227.3877,228.1523,226.6337,227.8257,1143.19
2024-05-05 12:00:00,227.8257,230.6811,226.9169,229.8557,1143.56
2024-05-05 16:00:00,229.8557,230.3553,227.6022,227.8981,1143.93
2024-05-05 20:00:00,227.8981,229.1881,226.7855,228.3693,1144.3
2024-05-06 00:00:00,228.3693,230.0354,227.2368,227.8505,1144.67
2024-05-06 04:00:00,227.8505,230.4742,227.4514,230.2556,1145.04
2024-05-06 08:00:00,230.2556,233.7279,227.6178,229.0527,1145.41
2024-05-06 12:00:00,229.0527,229.5176,224.3864,227.0136,1145.78
2024-05-06 16:00:00,227.0136,227.476,223.6386,225.5437,1146.15
2024-05-06 20:00:00,225.5437,226.9917,224.8942,225.3482,1146.52
2024-05-07 00:00:00,225.3482,228.2594,224.1116,225.6133,1146.89
2024-05-07 04:00:00,225.6133,227.8525,225.0398,227.1481,1147.26
2024-05-07 08:00:00,227.1481,229.8835,225.9861,226.5085,1147.63
2024-05-07 12:00:00,226.5085,229.5181,224.89,227.4006,1148.0
2024-05-07 16:00:00,227.4006,228.0035,223.9593,224.973,1148.37
2024-05-07 20:00:00,224.9729,225.5138,222.0724,222.3046,1148.74
2024-05-08 00:00:00,222.3046,224.7132,221.5373,224.3807,1149.11
2024-05-08 04:00:00,224.3807,224.881,221.2129,221.9333,1149.48
2024-05-08 08:00:00,221.9333,223.0953,221.2911,222.0596,1149.85
2024-05-08 12:00:00,222.0596,224.1952,220.2886,222.1655,1150.22
2024-05-08 16:00:00,222.1655,223.9526,220.9608,221.8315,1150.59
2024-05-08 20:00:00,221.8315,222.129,217.1741,218.3123,1150.96
2024-05-09 00:00:00,218.3123,220.5526,218.0886,220.0511,1151.33
2024-05-09 04:00:00,220.0511,220.4585,218.0339,218.5268,1151.7
2024-05-09 08:00:00,218.5268,219.2686,216.2537,217.8163,1152.07
2024-05-09 12:00:00,217.8163,222.258,217.1534,221.7587,1152.44
2024-05-09 16:00:00,221.7587,223.6268,220.2494,222.8142,1152.81
2024-05-09 20:00:00,222.8142,226.3395,222.3769,225.0229,1153.18
2024-05-10 00:00:00,225.0229,225.1443,223.5033,224.4598,1153.55
2024-05-10 04:00:00,224.4598,226.1646,223.4974,225.0372,1153.92
2024-05-10 08:00:00,225.0372,225.9505,223.9953,225.8278,1154.29
2024-05-10 12:00:00,225.8278,226.4825,216.4677,217.3669,1154.66
2024-05-10 16:00:00,217.3669,218.7255,214.6736,216.6139,1155.03
2024-05-10 20:00:00,216.6139,217.6844,215.6361,216.9101,1155.4
2024-05-11 00:00:00,216.9101,218.0171,216.325,216.6672,1155.77
2024-05-11 04:00:00,216.6672,217.9591,216.5462,217.6897,1156.14
2024-05-11 08:00:00,217.6898,217.8833,215.7438,216.4963,1156.51
2024-05-11 12:00:00,216.4963,219.511,216.3034,218.2451,1156.88
2024-05-11 16:00:00,218.2451,219.1367,217.6307,218.1374,1157.25
2024-05-11 20:00:00,218.1374,218.2238,216.6586,217.0029,1157.62
2024-05-12 00:00:00,217.0029,218.0449,216.8744,217.3739,1157.99
2024-05-12 04:00:00,217.374,218.1018,216.1823,216.9815,1158.36
2024-05-12 08:00:00,216.9815,218.9815,216.8278,218.1445,1158.73
2024-05-12 12:00:00,218.1445,219.7683,217.8947,219.1185,1159.1
2024-05-12 16:00:00,219.1185,220.8417,217.9649,219.0725,1159.47
2024-05-12 20:00:00,219.0725,219.6409,217.2546,219.3503,1159.84
2024-05-13 00:00:00,219.3504,220.5706,216.6789,218.2302,1160.21
2024-05-13 04:00:00,218.2302,222.8467,216.8523,222.3842,1160.58
2024-05-13 08:00:00,222.3841,225.863,222.3341,223.8242,1160.95
2024-05-13 12:00:00,223.8241,225.5224,222.566,224.766,1161.32
2024-05-13 16:00:00,224.766,226.4143,223.1618,225.375,1161.69
2024-05-13 20:00:00,225.375,225.4995,223.6941,224.5451,1162.06
2024-05-14 00:00:00,224.5451,225.2311,222.5798,222.9339,1162.43
2024-05-14 04:00:00,222.9339,224.0266,219.0162,221.3175,1162.8
2024-05-14 08:00:00,221.3175,221.4047,219.432,220.4726,1163.17
2024-05-14 12:00:00,220.4726,222.3115,218.083,220.4335,1163.54
2024-05-14 16:00:00,220.4335,220.586,218.1421,219.7518,1163.91
2024-05-14 20:00:00,219.7518,220.492,219.259,219.6839,1164.28
2024-05-15 00:00:00,219.6839,221.3607,218.7134,221.0128,1164.65
2024-05-15 04:00:00,221.0128,222.2402,220.4926,221.8871,1165.02
2024-05-15 08:00:00,221.8871,224.8069,220.8673,222.858,1165.39
2024-05-15 12:00:00,222.858,232.1483,222.5755,230.9134,1165.76
2024-05-15 16:00:00,230.9134,237.007,230.8451,235.4839,1166.13
2024-05-15 20:00:00,235.4839,237.0963,234.477,236.1984,1166.5
2024-05-16 00:00:00,236.1984,237.8877,234.507,235.3739,1166.87
2024-05-16 04:00:00,235.3739,236.5036,234.1734,235.9705,1167.24
2024-05-16 08:00:00,235.9705,237.6012,235.4117,237.259,1167.61
2024-05-16 12:00:00,237.2591,238.1945,233.1338,234.8155,1167.98
2024-05-16 16:00:00,234.8155,234.8962,230.4269,232.5607,1168.35
2024-05-16 20:00:00,232.5606,233.7279,232.0224,232.7332,1168.72
2024-05-17 00:00:00,232.7332,235.1601,232.2236,233.9794,1169.09
2024-05-17 04:00:00,233.9794,237.2955,233.1552,236.8421,1169.46
2024-05-17 08:00:00,236.8421,237.5246,235.6571,236.2394,1169.83
2024-05-17 12:00:00,236.2394,240.689,234.7981,239.7253,1170.2
2024-05-17 16:00:00,239.7253,240.1496,236.1775,239.2005,1170.57
2024-05-17 20:00:00,239.2005,239.3994,237.801,239.1149,1170.94
2024-05-18 00:00:00,239.1149,239.4213,238.0001,238.8332,1171.31
2024-05-18 04:00:00,238.8333,239.938,238.016,238.6261,1171.68
2024-05-18 08:00:00,238.6262,240.5063,238.4085,239.71,1172.05
2024-05-18 12:00:00,239.71,239.8926,237.5522,238.4001,1172.42
2024-05-18 16:00:00,238.4001,239.0526,237.9875,238.7175,1172.79
2024-05-18 20:00:00,238.7175,239.2217,238.3014,238.7267,1173.16
2024-05-19 00:00:00,238.7267,240.1294,238.3991,239.6365,1173.53
2024-05-19 04:00:00,239.6365,240.2546,238.731,240.1867,1173.9
2024-05-19 08:00:00,240.1867,241.5766,238.8009,240.2066,1174.27
2024-05-19 12:00:00,240.2066,240.2566,237.8269,238.6364,1174.64
2024-05-19 16:00:00,238.6364,239.0436,234.9024,235.583,1175.01
2024-05-19 20:00:00,235.583,237.1635,235.4117,236.4392,1175.38
2024-05-20 00:00:00,236.4392,238.2547,235.6268,237.8706,1175.75
2024-05-20 04:00:00,237.8705,240.1352,236.4093,238.4054,1176.12
2024-05-20 08:00:00,238.4055,240.3244,238.0874,239.0086,1176.49
2024-05-20 12:00:00,239.0086,240.8167,238.0996,240.5276,1176.86
2024-05-20 16:00:00,240.5277,249.7821,240.3151,249.732,1177.23
2024-05-20 20:00:00,249.7321,255.189,245.7779,254.893,1177.6
2024-05-21 00:00:00,254.893,256.8424,252.2008,254.3129,1177.97
2024-05-21 04:00:00,254.3128,254.756,252.6322,252.8655,1178.34
2024-05-21 08:00:00,252.8655,255.044,252.6775,253.7635,1178.71
2024-05-21 12:00:00,253.7635,254.9733,248.5583,249.1148,1179.08
2024-05-21 16:00:00,249.1149,250.7205,246.6958,247.1848,1179.45
2024-05-21 20:00:00,247.1848,251.1298,246.9727,250.2613,1179.82
2024-05-22 00:00:00,250.2613,251.0971,249.0498,249.5741,1180.19
2024-05-22 04:00:00,249.5741,249.9957,246.7031,248.7153,1180.56
2024-05-22 08:00:00,248.7153,250.7637,248.3835,248.7907,1180.93
2024-05-22 12:00:00,248.7907,251.8905,247.6674,251.3585,1181.3
2024-05-22 16:00:00,251.3585,252.1581,246.9302,248.4387,1181.67
2024-05-22 20:00:00,248.4387,249.6965,245.5515,246.7589,1182.04
2024-05-23 00:00:00,246.7589,248.4509,246.7089,247.7561,1182.41
2024-05-23 04:00:00,247.7561,249.2913,247.353,248.7832,1182.78
2024-05-23 08:00:00,248.7833,249.9997,247.9697,249.6704,1183.15
2024-05-23 12:00:00,249.6704,250.125,241.1589,242.868,1183.52
2024-05-23 16:00:00,242.868,243.2461,238.1398,239.7427,1183.89
2024-05-23 20:00:00,239.7427,243.9519,236.5253,242.4886,1184.26
2024-05-24 00:00:00,242.4886,242.7095,241.2198,242.211,1184.63
2024-05-24 04:00:00,242.211,242.3714,238.3236,239.5856,1185.0
2024-05-24 08:00:00,239.5856,240.9479,237.5527,240.2779,1185.37
2024-05-24 12:00:00,240.2779,244.1453,238.7009,243.7616,1185.74
2024-05-24 16:00:00,243.7616,247.1064,242.2771,246.5782,1186.11
2024-05-24 20:00:00,246.5782,246.9779,244.4196,244.559,1186.48
2024-05-25 00:00:00,244.559,245.8934,244.3307,245.3006,1186.85
2024-05-25 04:00:00,245.3005,245.6147,244.7429,245.2866,1187.22
2024-05-25 08:00:00,245.2866,248.3907,245.2197,246.5379,1187.59
2024-05-25 12:00:00,246.5379,247.2847,245.5709,245.9162,1187.96
2024-05-25 16:00:00,245.9161,247.1658,245.5775,246.7186,1188.33
2024-05-25 20:00:00,246.7186,247.4867,246.2929,247.2011,1188.7
2024-05-26 00:00:00,247.2011,247.3536,245.4308,246.4271,1189.07
2024-05-26 04:00:00,246.4271,247.7677,245.8584,247.378,1189.44
2024-05-26 08:00:00,247.3917,248.234,246.0374,246.6595,1189.8237
2024-05-26 12:00:00,246.6595,247.6516,244.9459,245.6359,1190.1937
2024-05-26 16:00:00,245.6221,246.1187,245.016,245.8203,1190.55
2024-05-26 20:00:00,245.8203,245.899,243.0036,244.408,1190.92
2024-05-27 00:00:00,244.408,247.2776,244.264,245.7129,1191.29
2024-05-27 04:00:00,245.7129,245.8639,243.6955,244.8921,1191.66
2024-05-27 08:00:00,244.8921,246.0154,243.4388,244.1461,1192.03
2024-05-27 12:00:00,244.1461,251.6383,243.9168,251.0658,1192.4
2024-05-27 16:00:00,251.0659,252.235,246.3606,247.0921,1192.77
2024-05-27 20:00:00,247.0921,249.3821,246.746,247.7215,1193.14
2024-05-28 00:00:00,247.7215,248.3258,241.6657,242.7763,1193.51
2024-05-28 04:00:00,242.7763,243.1249,240.7154,241.5052,1193.88
2024-05-28 08:00:00,241.5189,245.8811,241.0698,244.0015,1194.2637
2024-05-28 12:00:00,243.9878,244.6447,240.8687,243.9314,1194.62
2024-05-28 16:00:00,243.9314,244.7815,239.9707,244.1106,1194.99
2024-05-28 20:00:00,244.1105,245.0061,242.9894,244.0182,1195.36
2024-05-29 00:00:00,244.0182,245.9398,243.496,245.5559,1195.73
2024-05-29 04:00:00,245.5559,245.985,242.3198,242.4074,1196.1
2024-05-29 08:00:00,242.4074,242.7658,241.1282,241.7535,1196.47
2024-05-29 12:00:00,241.7672,243.6595,239.9289,240.3956,1196.8537
2024-05-29 16:00:00,240.3819,241.7264,239.424,239.981,1197.21
2024-05-29 20:00:00,239.981,242.0264,239.5192,241.3568,1197.58
2024-05-30 00:00:00,241.3568,243.3603,240.662,243.0186,1197.95
2024-05-30 04:00:00,243.0186,244.1556,240.7931,241.1147,1198.32
2024-05-30 08:00:00,241.1148,243.0036,239.4359,241.944,1198.69
2024-05-30 12:00:00,241.944,245.5948,241.6728,244.4904,1199.06
2024-05-30 16:00:00,244.4904,247.9983,243.9168,244.9266,1199.43
2024-05-30 20:00:00,244.9266,244.9922,242.7253,243.8533,1199.8
2024-05-31 00:00:00,243.8533,245.2503,243.5244,244.5084,1200.17
2024-05-31 04:00:00,244.5084,244.9813,242.818,243.2212,1200.54
2024-05-31 08:00:00,243.2212,244.2915,242.1045,243.8446,1200.91
2024-05-31 12:00:00,243.8446,246.3718,239.6928,239.7984,1201.28
2024-05-31 16:00:00,239.7984,242.6433,237.802,241.4588,1201.65
2024-05-31 20:00:00,241.4588,241.9262,239.8326,240.9558,1202.02
2024-06-01 00:00:00,240.9558,241.7804,240.5078,241.5812,1202.39
2024-06-01 04:00:00,241.5812,241.969,241.0315,241.2843,1202.76
2024-06-01 08:00:00,241.2842,241.7906,241.1613,241.3859,1203.13
2024-06-01 12:00:00,241.3859,242.192,241.2625,241.4955,1203.5
2024-06-01 16:00:00,241.4955,242.2901,240.9654,241.7184,1203.87
2024-06-01 20:00:00,241.7184,242.2366,241.4766,241.7651,1204.24
2024-06-02 00:00:00,241.765,242.3277,241.2744,241.8458,1204.61
2024-06-02 04:00:00,241.8458,242.1745,241.5494,241.6015,1204.98
2024-06-02 08:00:00,241.6015,243.7888,240.2893,243.4942,1205.35
2024-06-02 12:00:00,243.4942,244.288,241.8334,243.1041,1205.72
2024-06-02 16:00:00,243.1041,243.3604,239.8978,241.6584,1206.09
2024-06-02 20:00:00,241.6584,242.5898,241.0401,241.7607,1206.46
2024-06-03 00:00:00,241.7607,245.4794,241.1644,243.9626,1206.83
2024-06-03 04:00:00,243.9625,247.0029,243.5647,245.8316,1207.2
2024-06-03 08:00:00,245.8316,247.4025,245.4866,246.4499,1207.57
2024-06-03 12:00:00,246.4499,250.8095,244.3307,248.3595,1207.94
2024-06-03 16:00:00,248.3595,248.7675,245.401,246.8923,1208.31
2024-06-03 20:00:00,246.8923,248.0317,245.153,245.4863,1208.68
2024-06-04 00:00:00,245.4862,247.5345,244.7941,246.7717,1209.05
2024-06-04 04:00:00,246.7717,247.1716,245.2072,246.2131,1209.42
2024-06-04 08:00:00,246.2131,246.8994,244.5708,246.007,1209.79
2024-06-04 12:00:00,246.0069,251.4945,245.557,251.3197,1210.16
2024-06-04 16:00:00,251.3197,253.576,250.0121,251.2433,1210.53
2024-06-04 20:00:00,251.2433,252.4078,250.2838,251.6509,1210.9
2024-06-05 00:00:00,251.6508,254.3308,251.193,253.1127,1211.27
2024-06-05 04:00:00,253.1127,254.7025,252.6294,254.0132,1211.64
2024-06-05 08:00:00,254.0132,254.2187,252.1602,253.1987,1212.01
2024-06-05 12:00:00,253.2398,255.9999,251.0919,255.41,1212.4211
2024-06-05 16:00:00,255.3689,256.0539,252.7902,254.2984,1212.75
2024-06-05 20:00:00,254.2984,254.6257,252.1794,253.685,1213.12
2024-06-06 00:00:00,253.685,254.1953,252.8929,253.4781,1213.49
2024-06-06 04:00:00,253.4781,253.7295,252.5362,253.3763,1213.86
2024-06-06 08:00:00,253.3762,254.0796,252.7591,253.9062,1214.23
2024-06-06 12:00:00,253.9062,255.847,253.2497,254.37,1214.6
2024-06-06 16:00:00,254.37,254.7051,251.2875,251.4427,1214.97
2024-06-06 20:00:00,251.4427,253.203,250.1018,252.5828,1215.34
2024-06-07 00:00:00,252.5828,253.4039,252.0495,253.2629,1215.71
2024-06-07 04:00:00,253.2629,254.955,253.2129,253.6921,1216.08
2024-06-07 08:00:00,253.6921,255.847,253.4213,255.797,1216.45
2024-06-07 12:00:00,255.8792,256.9888,252.0233,253.7798,1216.9022
2024-06-07 16:00:00,253.6976,254.0949,244.0453,247.0742,1217.19
2024-06-07 20:00:00,247.0742,248.3049,246.0378,247.4331,1217.56
2024-06-08 00:00:00,247.4331,248.0875,247.1394,247.7057,1217.93
2024-06-08 04:00:00,247.7057,248.2915,246.9427,248.2415,1218.3
2024-06-08 08:00:00,248.2415,248.2915,247.2496,247.47,1218.67
2024-06-08 12:00:00,247.47,247.9674,246.7139,247.6986,1219.04
2024-06-08 16:00:00,247.6986,247.9626,247.157,247.8056,1219.41
2024-06-08 20:00:00,247.8056,247.9097,247.1501,247.2721,1219.78
2024-06-09 00:00:00,247.2721,247.4521,246.5791,247.0898,1220.15
2024-06-09 04:00:00,247.0898,247.7332,246.9519,247.2192,1220.52
2024-06-09 08:00:00,247.2192,247.6315,247.1257,247.4762,1220.89
2024-06-09 12:00:00,247.4762,248.9865,247.0064,247.9791,1221.26
2024-06-09 16:00:00,247.9791,249.2724,247.8983,248.6984,1221.63
2024-06-09 20:00:00,248.6984,249.1454,248.2205,248.4768,1222.0
2024-06-10 00:00:00,248.4768,249.0733,247.6343,248.3521,1222.37
2024-06-10 04:00:00,248.3521,248.6315,247.0063,247.249,1222.74
2024-06-10 08:00:00,247.249,248.1767,246.7291,247.8551,1223.11
2024-06-10 12:00:00,247.8551,250.4811,246.8337,249.968,1223.48
2024-06-10 16:00:00,249.968,250.2855,247.4945,247.9155,1223.85
2024-06-10 20:00:00,247.9155,248.7136,247.3077,248.091,1224.22
2024-06-11 00:00:00,248.091,248.3194,242.1901,244.2522,1224.59
2024-06-11 04:00:00,244.2522,244.3022,240.1387,241.0634,1224.96
2024-06-11 08:00:00,241.0634,241.4428,238.0232,238.6369,1225.33
2024-06-11 12:00:00,238.6368,240.0742,235.5936,236.3339,1225.7
2024-06-11 16:00:00,236.3339,241.1722,235.987,240.4813,1226.07
2024-06-11 20:00:00,240.4814,241.1778,239.5997,240.1504,1226.44
2024-06-12 00:00:00,240.1503,241.2061,238.6403,240.4813,1226.81
2024-06-12 04:00:00,240.4813,241.3086,239.6784,240.6476,1227.18
2024-06-12 08:00:00,240.6477,242.8574,240.2387,241.8064,1227.55
2024-06-12 12:00:00,241.8064,249.7785,241.605,248.7831,1227.92
2024-06-12 16:00:00,248.7831,249.2912,239.8712,240.9305,1228.29
2024-06-12 20:00:00,240.9305,245.028,240.4545,243.5387,1228.66
2024-06-13 00:00:00,243.5386,244.0512,238.8722,240.7237,1229.03
2024-06-13 04:00:00,240.7237,241.6815,240.0506,241.6151,1229.4
2024-06-13 08:00:00,241.6151,242.5441,239.5786,241.6693,1229.77
2024-06-13 12:00:00,241.6693,244.2498,236.7273,237.1385,1230.14
2024-06-13 16:00:00,237.1385,239.3651,236.3099,237.6165,1230.51
2024-06-13 20:00:00,237.6165,239.0079,237.3055,238.2195,1230.88
2024-06-14 00:00:00,238.2195,239.1767,237.1241,238.116,1231.25
2024-06-14 04:00:00,238.116,239.8689,237.9367,238.6903,1231.62
2024-06-14 08:00:00,238.6903,239.9937,238.0745,239.1577,1231.99
2024-06-14 12:00:00,239.1577,240.4001,236.6413,236.8602,1232.36
2024-06-14 16:00:00,236.8602,237.3668,232.1223,233.7493,1232.73
2024-06-14 20:00:00,233.7493,237.7504,233.5565,235.6186,1233.1
2024-06-15 00:00:00,235.6186,236.5463,235.2957,236.4173,1233.47
2024-06-15 04:00:00,236.4173,236.9981,235.6464,235.7363,1233.84
2024-06-15 08:00:00,235.7363,236.7532,235.6863,236.6031,1234.21
2024-06-15 12:00:00,236.6031,237.2187,235.9605,236.5891,1234.58
2024-06-15 16:00:00,236.5891,236.796,235.6666,236.0136,1234.95
2024-06-15 20:00:00,236.0136,236.5383,234.9019,236.276,1235.32
2024-06-16 00:00:00,236.276,236.474,235.6848,235.9825,1235.69
2024-06-16 04:00:00,235.9825,236.7966,235.5348,236.4117,1236.06
2024-06-16 08:00:00,236.4117,238.2587,236.0271,237.2199,1236.43
2024-06-16 12:00:00,237.2199,238.3433,237.1241,238.0047,1236.8
2024-06-16 16:00:00,238.0047,238.1685,237.274,237.4685,1237.17
2024-06-16 20:00:00,237.4685,239.0746,237.0528,237.8765,1237.54
2024-06-17 00:00:00,237.8764,238.7714,235.9646,236.2537,1237.91
2024-06-17 04:00:00,236.2537,237.5369,235.1964,236.0753,1238.28
2024-06-17 08:00:00,236.0753,236.6449,233.8277,234.8095,1238.65
2024-06-17 12:00:00,234.8095,234.8977,232.3079,233.2069,1239.02
2024-06-17 16:00:00,233.2069,240.1453,232.3364,237.9304,1239.39
2024-06-17 20:00:00,237.9304,238.2398,235.9968,237.2609,1239.76
2024-06-18 00:00:00,237.2609,237.6102,230.3064,233.6779,1240.13
2024-06-18 04:00:00,233.6779,234.9604,233.0722,234.2933,1240.5
2024-06-18 08:00:00,234.2933,234.6198,232.2008,233.1998,1240.87
2024-06-18 12:00:00,233.1998,233.4923,229.208,230.8452,1241.24
2024-06-18 16:00:00,230.8452,231.6048,228.4905,229.797,1241.61
2024-06-18 20:00:00,229.797,233.0322,228.9119,232.5195,1241.98
2024-06-19 00:00:00,232.5195,234.0986,231.1684,233.3354,1242.35
2024-06-19 04:00:00,233.3354,234.5396,232.4079,233.0603,1242.72
2024-06-19 08:00:00,233.0603,233.8848,231.8441,232.6433,1243.09
2024-06-19 12:00:00,232.6433,233.0501,230.9746,231.6158,1243.46
2024-06-19 16:00:00,231.6158,232.9586,231.1012,231.4731,1243.83
2024-06-19 20:00:00,231.4732,232.2572,230.6525,231.8026,1244.2
2024-06-20 00:00:00,231.8026,233.3975,231.1973,232.5719,1244.57
2024-06-20 04:00:00,232.5719,235.3953,232.097,234.9581,1244.94
2024-06-20 08:00:00,234.9581,237.2346,233.84,236.0676,1245.31
2024-06-20 12:00:00,236.0677,236.5837,230.6242,231.292,1245.68
2024-06-20 16:00:00,231.292,232.719,230.2713,232.0724,1246.05
2024-06-20 20:00:00,232.0724,232.658,231.3043,231.4302,1246.42
2024-06-21 00:00:00,231.4302,232.1819,229.5073,230.1322,1246.79
2024-06-21 04:00:00,230.1322,231.0132,228.957,229.0458,1247.16
2024-06-21 08:00:00,229.0458,229.7041,226.5738,227.5059,1247.53
2024-06-21 12:00:00,227.506,229.6608,226.0622,227.3704,1247.9
2024-06-21 16:00:00,227.3704,229.3217,226.3684,229.1542,1248.27
2024-06-21 20:00:00,229.1542,230.0181,227.6632,228.8386,1248.64
2024-06-22 00:00:00,228.8386,229.5985,228.076,229.4947,1249.01
2024-06-22 04:00:00,229.4947,230.3039,229.1793,230.1816,1249.38
2024-06-22 08:00:00,230.1816,230.3273,229.0415,229.2728,1249.75
2024-06-22 12:00:00,229.2728,229.7957,229.156,229.422,1250.12
2024-06-22 16:00:00,229.422,229.6679,229.056,229.3789,1250.49
2024-06-22 20:00:00,229.3789,229.5538,229.1541,229.2612,1250.86
2024-06-23 00:00:00,229.2612,230.2352,229.2112,229.8111,1251.23
2024-06-23 04:00:00,229.8111,229.9213,229.5233,229.808,1251.6
2024-06-23 08:00:00,229.8491,229.9776,229.2196,229.5857,1252.0111
2024-06-23 12:00:00,229.5447,229.9073,228.4527,228.6618,1252.34
2024-06-23 16:00:00,228.6619,229.0458,227.986,228.8608,1252.71
2024-06-23 20:00:00,228.8608,228.9437,225.345,225.5081,1253.08
2024-06-24 00:00:00,225.5081,226.1282,223.6208,224.2665,1253.45
2024-06-24 04:00:00,224.2665,224.6376,221.7146,222.8181,1253.82
2024-06-24 08:00:00,222.8181,224.7218,216.0289,218.6652,1254.19
2024-06-24 12:00:00,218.6652,220.171,216.3976,217.0671,1254.56
2024-06-24 16:00:00,217.0808,217.8459,210.6591,211.5964,1254.9437
2024-06-24 20:00:00,211.5827,215.6855,208.305,215.1024,1255.3
2024-06-25 00:00:00,215.1024,219.8102,214.9232,218.7032,1255.67
2024-06-25 04:00:00,218.7032,219.1721,216.2345,216.5004,1256.04
2024-06-25 08:00:00,216.5004,219.7542,216.3893,218.2931,1256.41
2024-06-25 12:00:00,218.2931,221.7193,217.4068,220.5134,1256.78
2024-06-25 16:00:00,220.5134,222.7397,218.0566,221.1037,1257.15
2024-06-25 20:00:00,221.1037,221.821,219.9426,220.4992,1257.52
2024-06-26 00:00:00,220.4992,222.9816,219.8693,220.9632,1257.89
2024-06-26 04:00:00,220.9632,221.2056,219.4288,220.1924,1258.26
2024-06-26 08:00:00,220.1924,220.3658,218.1075,219.2122,1258.63
2024-06-26 12:00:00,219.2122,221.1699,218.2258,219.2928,1259.0
2024-06-26 16:00:00,219.2928,219.6252,216.558,217.6237,1259.37
2024-06-26 20:00:00,217.6237,218.229,216.5462,217.142,1259.74
2024-06-27 00:00:00,217.142,218.7439,216.7343,217.7568,1260.11
2024-06-27 04:00:00,217.7568,218.3586,216.1703,216.8888,1260.48
2024-06-27 08:00:00,216.8888,219.2975,216.634,218.323,1260.85
2024-06-27 12:00:00,218.3229,222.6298,218.1252,219.6786,1261.22
2024-06-27 16:00:00,219.6786,221.2966,219.0424,219.2291,1261.59
2024-06-27 20:00:00,219.2291,220.2421,218.7815,220.1441,1261.96
2024-06-28 00:00:00,220.144,222.0451,219.2589,220.5782,1262.33
2024-06-28 04:00:00,220.5782,220.6505,218.4156,218.8724,1262.7
2024-06-28 08:00:00,218.8724,220.5004,218.3304,220.0853,1263.07
2024-06-28 12:00:00,220.0853,220.7953,216.6853,217.8449,1263.44
2024-06-28 16:00:00,217.8449,218.1003,214.2894,214.4975,1263.81
2024-06-28 20:00:00,214.4975,215.7115,214.2308,215.5824,1264.18
2024-06-29 00:00:00,215.5824,217.7068,215.3752,216.7746,1264.55
2024-06-29 04:00:00,216.7746,218.1968,216.5193,217.8102,1264.92
2024-06-29 08:00:00,217.8102,218.4728,217.1813,217.9887,1265.29
2024-06-29 12:00:00,217.9887,218.3255,217.3941,218.0018,1265.66
2024-06-29 16:00:00,218.0018,218.116,217.2708,217.8284,1266.03
2024-06-29 20:00:00,217.8284,217.9947,217.0011,217.5761,1266.4
2024-06-30 00:00:00,217.5761,217.952,216.6494,217.2609,1266.77
2024-06-30 04:00:00,217.2609,220.4635,216.5469,219.5074,1267.14
2024-06-30 08:00:00,219.5074,220.2197,218.976,219.6215,1267.51
2024-06-30 12:00:00,219.6215,220.7418,218.8081,220.1848,1267.88
2024-06-30 16:00:00,220.1848,221.633,219.6786,221.287,1268.25
2024-06-30 20:00:00,221.287,225.0185,220.5533,223.9455,1268.62
2024-07-01 00:00:00,223.9455,227.7283,223.1866,226.3204,1268.99
2024-07-01 04:00:00,226.3204,226.4747,225.5052,225.7501,1269.36
2024-07-01 08:00:00,225.7501,225.9326,223.2571,223.5533,1269.73
2024-07-01 12:00:00,223.5533,225.4015,222.9151,225.233,1270.1
2024-07-01 16:00:00,225.233,227.8833,224.5903,225.5679,1270.47
2024-07-01 20:00:00,225.5679,226.3197,224.0118,224.4021,1270.84
2024-07-02 00:00:00,224.4021,225.8393,223.9505,225.2536,1271.21
2024-07-02 04:00:00,225.2536,225.6858,223.2105,223.4388,1271.58
2024-07-02 08:00:00,223.4389,224.3315,222.5727,224.1595,1271.95
2024-07-02 12:00:00,224.1595,225.3511,220.5124,221.006,1272.32
2024-07-02 16:00:00,221.006,222.557,220.4501,220.974,1272.69
2024-07-02 20:00:00,220.974,221.8879,220.6973,221.6746,1273.06
2024-07-03 00:00:00,221.6745,222.2614,216.1466,217.5808,1273.43
2024-07-03 04:00:00,217.5809,218.3224,216.9172,217.1599,1273.8
2024-07-03 08:00:00,217.1599,217.5959,212.579,215.4332,1274.17
2024-07-03 12:00:00,215.4332,216.7468,213.1223,214.7205,1274.54
2024-07-03 16:00:00,214.7205,216.4448,212.8145,212.8827,1274.91
2024-07-03 20:00:00,212.8827,215.4433,211.8655,214.8002,1275.28
2024-07-04 00:00:00,214.8002,215.8834,206.1574,210.8524,1275.65
2024-07-04 04:00:00,210.8524,211.0736,207.2419,207.7057,1276.02
2024-07-04 08:00:00,207.7057,208.7767,203.132,206.0716,1276.39
2024-07-04 12:00:00,206.0716,208.2202,202.4863,207.4203,1276.76
2024-07-04 16:00:00,207.4203,209.3834,205.9871,207.9327,1277.13
2024-07-04 20:00:00,207.9327,209.8718,202.8252,203.5317,1277.5
2024-07-05 00:00:00,203.5317,205.3512,196.1681,197.0314,1277.87
2024-07-05 04:00:00,197.0315,197.5396,190.7665,194.1312,1278.24
2024-07-05 08:00:00,194.1312,198.587,192.2437,197.9537,1278.61
2024-07-05 12:00:00,197.9537,202.2552,195.5563,202.1474,1278.98
2024-07-05 16:00:00,202.1509,203.546,198.9484,201.4461,1279.35
2024-07-05 20:00:00,201.4461,202.9252,200.8595,202.0289,1279.72
2024-07-06 00:00:00,202.0289,203.3961,200.3439,201.2484,1280.09
2024-07-06 04:00:00,201.2483,202.2755,199.7999,201.9476,1280.46
2024-07-06 08:00:00,201.9476,202.9621,201.2939,202.3951,1280.83
2024-07-06 12:00:00,202.3951,204.9769,201.5195,204.4877,1281.2
2024-07-06 16:00:00,204.4877,207.374,203.966,206.4142,1281.57
2024-07-06 20:00:00,206.4142,208.6655,206.182,207.7419,1281.94
2024-07-07 00:00:00,207.7419,208.5744,206.2929,206.7905,1282.31
2024-07-07 04:00:00,206.7905,206.9989,203.565,204.6732,1282.68
2024-07-07 08:00:00,204.6732,206.6559,204.5553,204.9944,1283.05
2024-07-07 12:00:00,204.9944,205.6545,201.7459,202.7304,1283.42
2024-07-07 16:00:00,202.7304,204.8018,202.4312,203.8923,1283.79
2024-07-07 20:00:00,203.8923,204.5417,198.7523,199.2784,1284.16
2024-07-08 00:00:00,199.2784,199.918,193.5286,196.7889,1284.53
2024-07-08 04:00:00,196.7889,199.4789,196.0383,199.2577,1284.9
2024-07-08 08:00:00,199.2577,207.8154,198.812,203.9027,1285.27
2024-07-08 12:00:00,203.9027,205.6191,195.4545,198.9349,1285.64
2024-07-08 16:00:00,198.9349,201.887,197.6869,201.4885,1286.01
2024-07-08 20:00:00,201.4885,203.3032,200.4492,202.3351,1286.38
2024-07-09 00:00:00,202.3351,204.6971,200.7683,203.9539,1286.75
2024-07-09 04:00:00,203.9539,206.0932,203.3443,203.7701,1287.12
2024-07-09 08:00:00,203.7701,206.6141,203.3889,204.8802,1287.49
2024-07-09 12:00:00,204.8802,207.4385,202.9572,205.055,1287.86
2024-07-09 16:00:00,205.055,208.0269,204.595,206.4286,1288.23
2024-07-09 20:00:00,206.4286,207.8984,205.8159,207.0992,1288.6
2024-07-10 00:00:00,207.0992,207.7129,204.406,207.5631,1288.97
2024-07-10 04:00:00,207.563,212.2152,207.513,210.4099,1289.34
2024-07-10 08:00:00,210.4099,210.6556,207.9827,208.6761,1289.71
2024-07-10 12:00:00,208.6761,208.933,204.984,205.8495,1290.08
2024-07-10 16:00:00,205.8495,207.0418,204.5656,204.7519,1290.45
2024-07-10 20:00:00,204.7519,206.5413,203.8662,205.9428,1290.82
2024-07-11 00:00:00,205.9428,208.4231,203.4816,205.3797,1291.19
2024-07-11 04:00:00,205.3797,208.0411,205.0452,207.6041,1291.56
2024-07-11 08:00:00,207.6041,210.312,207.0564,209.6964,1291.93
2024-07-11 12:00:00,209.6964,212.8574,204.2543,204.7875,1292.3
2024-07-11 16:00:00,204.7875,206.973,203.9383,204.7018,1292.67
2024-07-11 20:00:00,204.7018,205.6723,203.8384,204.5659,1293.04
2024-07-12 00:00:00,204.5659,205.4434,201.671,203.0465,1293.41
2024-07-12 04:00:00,203.0465,204.8878,202.2925,203.7348,1293.78
2024-07-12 08:00:00,203.7348,204.596,202.4722,204.0794,1294.15
2024-07-12 12:00:00,204.0794,207.9627,203.3033,207.6843,1294.52
2024-07-12 16:00:00,207.6843,208.8498,205.0871,205.4082,1294.89
2024-07-12 20:00:00,205.4082,206.6359,203.8386,206.5252,1295.26
2024-07-13 00:00:00,206.5252,206.9405,206.0232,206.2573,1295.63
2024-07-13 04:00:00,206.2573,207.7417,206.0026,207.5285,1296.0
2024-07-13 08:00:00,207.5285,210.0211,206.5161,208.826,1296.37
2024-07-13 12:00:00,208.826,210.1798,208.4206,209.8842,1296.74
2024-07-13 16:00:00,209.8842,210.4132,208.915,209.1484,1297.11
2024-07-13 20:00:00,209.1484,213.5709,207.899,211.2163,1297.48
2024-07-14 00:00:00,211.2163,213.5281,211.1306,212.1515,1297.85
2024-07-14 04:00:00,212.1515,215.2641,211.9321,214.2773,1298.22
2024-07-14 08:00:00,214.2773,215.5331,213.6636,214.4096,1298.59
2024-07-14 12:00:00,214.4096,214.9485,212.1034,214.3557,1298.96
2024-07-14 16:00:00,214.3557,214.766,213.6285,213.7563,1299.33
2024-07-14 20:00:00,213.7564,219.1745,213.578,216.9027,1299.7
2024-07-15 00:00:00,216.9027,224.0811,216.2619,223.5026,1300.07
2024-07-15 04:00:00,223.5026,225.1085,222.6861,224.1885,1300.44
2024-07-15 08:00:00,224.1885,225.6783,222.1759,222.811,1300.81
2024-07-15 12:00:00,222.811,225.979,222.7277,224.8516,1301.18
2024-07-15 16:00:00,224.8517,227.7348,224.1809,225.979,1301.55
2024-07-15 20:00:00,225.979,231.5873,225.6067,230.9099,1301.92
2024-07-16 00:00:00,230.9096,231.7853,229.8327,231.0098,1302.29
2024-07-16 04:00:00,231.0098,231.9225,223.7163,224.3843,1302.66
2024-07-16 08:00:00,224.3843,227.9205,222.4728,227.4207,1303.03
2024-07-16 12:00:00,227.4207,231.8044,224.9366,231.4597,1303.4
2024-07-16 16:00:00,231.4597,232.6576,228.6745,232.4843,1303.77
2024-07-16 20:00:00,232.4842,233.3318,228.6867,232.051,1304.14
2024-07-17 00:00:00,232.051,235.9706,231.6026,234.3973,1304.51
2024-07-17 04:00:00,234.3973,235.4872,232.5527,232.8145,1304.88
2024-07-17 08:00:00,232.8145,233.7279,230.2743,230.9084,1305.25
2024-07-17 12:00:00,230.9084,233.3711,230.1937,230.9094,1305.62
2024-07-17 16:00:00,230.9094,231.1128,227.7556,230.4163,1305.99
2024-07-17 20:00:00,230.4163,230.7771,228.4834,228.6404,1306.36
2024-07-18 00:00:00,228.6404,232.4196,227.9554,231.4127,1306.73
2024-07-18 04:00:00,231.4128,232.1635,229.7119,230.7096,1307.1
2024-07-18 08:00:00,230.7096,231.7657,229.8531,231.0307,1307.47
2024-07-18 12:00:00,231.0307,232.3411,226.1359,226.6787,1307.84
2024-07-18 16:00:00,226.6787,228.2284,225.5597,226.7389,1308.21
2024-07-18 20:00:00,226.7389,228.8132,226.2722,228.2834,1308.58
2024-07-19 00:00:00,228.2834,229.6916,225.7815,229.4859,1308.95
2024-07-19 04:00:00,229.4859,230.1103,226.8494,227.2348,1309.32
2024-07-19 08:00:00,227.2348,229.0285,226.1681,228.7403,1309.69
2024-07-19 12:00:00,228.7403,235.1121,228.2963,234.8793,1310.06
2024-07-19 16:00:00,234.8793,240.4564,234.7967,239.5903,1310.43
2024-07-19 20:00:00,239.5903,240.3366,237.61,237.8163,1310.8
2024-07-20 00:00:00,237.8163,238.445,236.2053,237.6094,1311.17
2024-07-20 04:00:00,237.6094,238.277,236.9671,237.4677,1311.54
2024-07-20 08:00:00,237.4676,238.127,237.0486,237.1873,1311.91
2024-07-20 12:00:00,237.1873,238.4799,236.3878,238.4049,1312.28
2024-07-20 16:00:00,238.4049,241.2127,237.8341,239.8284,1312.65
2024-07-20 20:00:00,239.8284,240.6134,238.2333,239.5286,1313.02
2024-07-21 00:00:00,239.5286,240.6355,238.8437,239.6405,1313.39
2024-07-21 04:00:00,239.6405,239.866,237.524,237.9661,1313.76
2024-07-21 08:00:00,237.9661,239.3032,237.8376,238.6011,1314.13
2024-07-21 12:00:00,238.6011,240.863,237.6093,239.6144,1314.5
2024-07-21 16:00:00,239.6144,241.623,234.6161,240.5349,1314.87
2024-07-21 20:00:00,240.5349,243.955,239.9593,243.1867,1315.24
2024-07-22 00:00:00,243.1868,244.3399,241.6682,242.1688,1315.61
2024-07-22 04:00:00,242.1688,242.6326,239.4153,239.8712,1315.98
2024-07-22 08:00:00,239.8713,241.2163,238.7798,240.8702,1316.35
2024-07-22 12:00:00,240.8702,242.477,237.4094,239.2571,1316.72
2024-07-22 16:00:00,239.2571,243.5388,238.2599,243.4248,1317.09
2024-07-22 20:00:00,243.4248,243.5602,239.7788,240.9273,1317.46
2024-07-23 00:00:00,240.9272,241.7585,239.6356,240.7203,1317.83
2024-07-23 04:00:00,240.7202,240.9559,236.3264,237.5166,1318.2
2024-07-23 08:00:00,237.5166,239.6715,237.0314,237.8734,1318.57
2024-07-23 12:00:00,237.8734,240.3245,235.2761,237.5452,1318.94
2024-07-23 16:00:00,237.5452,238.2944,233.4177,233.8063,1319.31
2024-07-23 20:00:00,233.8063,235.7043,233.5299,235.2334,1319.68
2024-07-24 00:00:00,235.2333,236.0326,233.5452,235.6497,1320.05
2024-07-24 04:00:00,235.6497,235.7971,234.0203,235.7399,1320.42
2024-07-24 08:00:00,235.7399,237.6522,235.4402,236.7745,1320.79
2024-07-24 12:00:00,236.7745,239.4432,235.747,236.0896,1321.16
2024-07-24 16:00:00,236.0896,238.0431,233.838,234.2201,1321.53
2024-07-24 20:00:00,234.2202,235.7495,232.2401,233.2355,1321.9
2024-07-25 00:00:00,233.2355,234.156,227.7806,228.6604,1322.27
2024-07-25 04:00:00,228.6603,229.7678,227.5629,228.8045,1322.64
2024-07-25 08:00:00,228.8045,230.0889,227.8412,228.669,1323.01
2024-07-25 12:00:00,228.669,231.9619,226.3382,231.148,1323.38
2024-07-25 16:00:00,231.148,232.6141,229.6623,230.7953,1323.75
2024-07-25 20:00:00,230.7953,236.1377,229.7927,234.748,1324.12
2024-07-26 00:00:00,234.748,240.7917,234.4221,239.1791,1324.49
2024-07-26 04:00:00,239.1791,239.7571,238.5184,238.6388,1324.86
2024-07-26 08:00:00,238.6388,240.8559,238.5888,240.178,1325.23
2024-07-26 12:00:00,240.178,242.6469,238.594,241.0272,1325.6
2024-07-26 16:00:00,241.0271,243.1606,240.0605,242.5612,1325.97
2024-07-26 20:00:00,242.5612,243.3604,240.4545,242.2686,1326.34
2024-07-27 00:00:00,242.2687,242.9379,241.2269,241.8762,1326.71
2024-07-27 04:00:00,241.8762,243.7007,241.7717,242.7277,1327.08
2024-07-27 08:00:00,242.7277,243.6302,242.1624,243.3456,1327.45
2024-07-27 12:00:00,243.3456,247.6415,243.2441,245.6079,1327.82
2024-07-27 16:00:00,245.6079,246.1789,241.3292,243.4745,1328.19
2024-07-27 20:00:00,243.4745,246.8671,237.7306,242.2276,1328.56
2024-07-28 00:00:00,242.2276,243.6652,239.9088,242.3862,1328.93
2024-07-28 04:00:00,242.3862,242.7331,239.2171,241.0302,1329.3
2024-07-28 08:00:00,241.0302,242.6469,239.7641,242.0118,1329.67
2024-07-28 12:00:00,242.0118,243.0868,241.04,241.3304,1330.04
2024-07-28 16:00:00,241.3304,243.7829,241.2055,242.9964,1330.41
2024-07-28 20:00:00,242.9964,243.6381,241.8391,243.4883,1330.78
2024-07-29 00:00:00,243.4883,249.0686,243.1462,247.4048,1331.15
2024-07-29 04:00:00,247.4048,249.3825,247.053,248.0482,1331.52
2024-07-29 08:00:00,248.0482,249.2063,247.4523,248.2337,1331.89
2024-07-29 12:00:00,248.2337,250.0674,241.3636,242.9679,1332.26
2024-07-29 16:00:00,242.9679,243.0678,236.9386,240.1104,1332.63
2024-07-29 20:00:00,240.1241,241.0682,237.5659,238.2748,1333.0137
2024-07-30 00:00:00,238.2611,238.6726,234.9193,237.6379,1333.37
2024-07-30 04:00:00,237.6379,239.0793,236.5622,238.858,1333.74
2024-07-30 08:00:00,238.858,239.079,236.8549,237.5095,1334.11
2024-07-30 12:00:00,237.5095,238.8938,233.8241,236.2323,1334.48
2024-07-30 16:00:00,236.2323,237.4739,233.8297,235.2156,1334.85
2024-07-30 20:00:00,235.2156,236.7849,232.9239,236.1324,1335.22
2024-07-31 00:00:00,236.1324,236.9861,234.9905,235.6686,1335.59
2024-07-31 04:00:00,235.6686,237.4895,233.6136,236.2608,1335.96
2024-07-31 08:00:00,236.2608,236.846,235.2495,235.7971,1336.33
2024-07-31 12:00:00,235.7971,238.5414,235.2806,236.8173,1336.7
2024-07-31 16:00:00,236.8173,238.4953,231.6912,232.8103,1337.07
2024-07-31 20:00:00,232.8103,233.4496,230.1673,230.5669,1337.44
2024-08-01 00:00:00,230.567,231.3779,227.3846,228.0982,1337.81
2024-08-01 04:00:00,228.0982,230.1175,226.7923,229.4987,1338.18
2024-08-01 08:00:00,229.4988,230.8788,229.3463,230.7319,1338.55
2024-08-01 12:00:00,230.732,231.7642,223.5175,224.4257,1338.92
2024-08-01 16:00:00,224.4286,226.6277,222.2187,226.2644,1339.29
2024-08-01 20:00:00,226.2644,234.2979,225.9098,233.1571,1339.66
2024-08-02 00:00:00,233.1571,234.0709,227.092,230.4998,1340.03
2024-08-02 04:00:00,230.4997,230.7139,227.589,228.9118,1340.4
2024-08-02 08:00:00,228.9118,231.8513,228.4334,230.6811,1340.77
2024-08-02 12:00:00,230.6811,233.8135,222.6857,226.243,1341.14
2024-08-02 16:00:00,226.243,226.9895,222.9786,223.4516,1341.51
2024-08-02 20:00:00,223.4516,225.4769,218.3942,219.4015,1341.88
2024-08-03 00:00:00,219.4015,221.1521,215.8077,220.8202,1342.25
2024-08-03 04:00:00,220.8202,221.175,218.9936,219.9855,1342.62
2024-08-03 08:00:00,219.9855,221.2498,219.2072,220.9036,1342.99
2024-08-03 12:00:00,220.9036,221.9484,216.9791,217.192,1343.36
2024-08-03 16:00:00,217.192,218.7011,213.7207,214.9337,1343.73
2024-08-03 20:00:00,214.9337,217.1383,213.4709,216.5462,1344.1
2024-08-04 00:00:00,216.5462,218.0933,215.1477,216.6782,1344.47
2024-08-04 04:00:00,216.6782,217.4544,214.9336,215.3903,1344.84
2024-08-04 08:00:00,215.3903,217.6737,214.2971,217.2526,1345.21
2024-08-04 12:00:00,217.2526,218.0217,210.2958,210.7953,1345.58
2024-08-04 16:00:00,210.7953,212.3123,203.7413,211.4077,1345.95
2024-08-04 20:00:00,211.4077,212.6184,206.8773,207.4952,1346.32
2024-08-05 00:00:00,207.4952,208.0611,186.5361,192.2611,1346.69
2024-08-05 04:00:00,192.2611,194.7579,174.7625,187.9205,1347.06
2024-08-05 08:00:00,187.9205,189.9119,180.59,183.1606,1347.43
2024-08-05 12:00:00,183.1606,196.1967,176.6991,193.796,1347.8
2024-08-05 16:00:00,193.7959,198.4086,187.4453,190.7599,1348.17
2024-08-05 20:00:00,190.7599,196.9816,190.6811,192.7176,1348.54
2024-08-06 00:00:00,192.7176,200.8203,192.4221,198.5931,1348.91
2024-08-06 04:00:00,198.5931,200.4403,197.0778,199.7856,1349.28
2024-08-06 08:00:00,199.7786,200.2709,194.7411,196.9673,1349.65
2024-08-06 12:00:00,196.9673,201.996,193.9274,201.2341,1350.02
2024-08-06 16:00:00,201.2341,203.5495,200.5733,202.5166,1350.39
2024-08-06 20:00:00,202.5326,203.1734,199.0221,199.8642,1350.76
2024-08-07 00:00:00,199.8641,204.4307,198.1584,202.8609,1351.13
2024-08-07 04:00:00,202.861,204.2952,201.6789,203.0711,1351.5
2024-08-07 08:00:00,203.0711,206.0292,202.8409,203.2226,1351.87
2024-08-07 12:00:00,203.2226,205.1143,198.487,200.1228,1352.24
2024-08-07 16:00:00,200.1228,200.9059,195.0134,195.3591,1352.61
2024-08-07 20:00:00,195.3653,198.2882,194.5934,196.6967,1352.98
2024-08-08 00:00:00,196.6953,205.6735,195.2048,203.5307,1353.35
2024-08-08 04:00:00,203.5307,204.9528,202.1276,204.0436,1353.72
2024-08-08 08:00:00,204.0435,205.7937,203.2266,204.4967,1354.09
2024-08-08 12:00:00,204.4967,212.3401,202.233,212.0155,1354.46
2024-08-08 16:00:00,212.0155,213.6173,211.2861,211.9673,1354.83
2024-08-08 20:00:00,211.9673,223.8996,211.4993,220.071,1355.2
2024-08-09 00:00:00,220.071,220.3293,216.5747,218.9023,1355.57
2024-08-09 04:00:00,218.9023,219.0675,216.1061,217.1369,1355.94
2024-08-09 08:00:00,217.137,218.424,214.6131,216.3937,1356.31
2024-08-09 12:00:00,216.3937,218.0843,212.3471,213.379,1356.68
2024-08-09 16:00:00,213.3791,216.7818,212.9358,216.4871,1357.05
2024-08-09 20:00:00,216.4884,217.6238,213.682,217.0457,1357.42
2024-08-10 00:00:00,217.0457,219.3525,214.9552,215.6181,1357.79
2024-08-10 04:00:00,215.6181,217.1453,214.8694,217.06,1358.16
2024-08-10 08:00:00,217.06,218.0898,216.1536,217.3414,1358.53
2024-08-10 12:00:00,217.3414,217.4952,215.4331,215.8966,1358.9
2024-08-10 16:00:00,215.8966,218.3752,215.4331,217.6824,1359.27
2024-08-10 20:00:00,217.6823,218.2445,216.7081,217.3508,1359.64
2024-08-11 00:00:00,217.3508,219.0391,217.1884,217.9269,1360.01
2024-08-11 04:00:00,217.9269,218.642,217.1504,218.5405,1360.38
2024-08-11 08:00:00,218.5405,220.7347,215.5223,216.4433,1360.75
2024-08-11 12:00:00,216.4433,216.8213,213.7956,214.5102,1361.12
2024-08-11 16:00:00,214.5102,215.3547,212.3741,212.7043,1361.49
2024-08-11 20:00:00,212.718,212.9581,207.9075,209.4768,1361.8737
2024-08-12 00:00:00,209.4631,210.8536,207.2278,208.7386,1362.23
2024-08-12 04:00:00,208.7386,210.4844,205.5944,209.3276,1362.6
2024-08-12 08:00:00,209.3276,214.0704,207.3195,213.527,1362.97
2024-08-12 12:00:00,213.527,216.6429,206.1573,214.7959,1363.34
2024-08-12 16:00:00,214.8096,215.6194,208.4562,210.6591,1363.7237
2024-08-12 20:00:00,210.6591,213.2136,208.8655,211.7388,1364.0937
2024-08-13 00:00:00,211.7251,213.8324,209.8924,210.6312,1364.45
2024-08-13 04:00:00,210.6312,212.2366,209.8328,211.3377,1364.82
2024-08-13 08:00:00,211.3377,211.7229,208.2725,209.882,1365.19
2024-08-13 12:00:00,209.882,213.3094,209.4023,212.1733,1365.56
2024-08-13 16:00:00,212.1733,219.7361,212.0304,216.982,1365.93
2024-08-13 20:00:00,216.9821,218.1691,215.3965,216.1508,1366.3
2024-08-14 00:00:00,216.1508,218.7542,215.5223,217.4554,1366.67
2024-08-14 04:00:00,217.4554,218.2523,216.2797,217.3169,1367.04
2024-08-14 08:00:00,217.3169,219.2898,216.2908,218.6828,1367.41
2024-08-14 12:00:00,218.6828,220.5277,209.8089,212.0428,1367.78
2024-08-14 16:00:00,212.0428,212.1889,209.0651,210.1001,1368.15
2024-08-14 20:00:00,210.1001,211.1949,208.4163,209.3589,1368.52
2024-08-15 00:00:00,209.3589,210.697,206.9065,208.5012,1000.0
2024-08-15 04:00:00,208.5013,209.2506,205.8501,207.1362,1000.37
2024-08-15 08:00:00,207.1362,210.0848,206.7455,209.58,1000.74
2024-08-15 12:00:00,209.58,213.3475,208.7703,212.9246,1001.11
2024-08-15 16:00:00,212.9246,213.5687,202.1616,203.5226,1001.48
2024-08-15 20:00:00,203.5186,206.5606,200.0159,205.2835,1001.85
2024-08-16 00:00:00,205.2835,208.817,203.6551,206.5284,1002.22
2024-08-16 04:00:00,206.5284,209.3496,206.159,208.5512,1002.59
2024-08-16 08:00:00,208.5512,209.4092,207.6511,208.3479,1002.96
2024-08-16 12:00:00,208.3479,210.2359,205.1809,207.1744,1003.33
2024-08-16 16:00:00,207.1744,213.4559,206.8709,212.9265,1003.7
2024-08-16 20:00:00,212.9265,213.0918,209.3824,210.0411,1004.07
2024-08-17 00:00:00,210.0547,211.9406,209.6853,211.0672,1004.4537
2024-08-17 04:00:00,211.0671,211.4921,210.6376,211.3869,1004.8237
2024-08-17 08:00:00,211.3732,212.2408,210.6525,210.9777,1005.18
2024-08-17 12:00:00,210.9777,212.8749,210.7962,211.8731,1005.55
2024-08-17 16:00:00,211.8731,213.0358,211.4884,212.1766,1005.92
2024-08-17 20:00:00,212.1766,212.3223,210.844,212.2437,1006.29
2024-08-18 00:00:00,212.2437,215.0301,211.5087,211.6922,1006.66
2024-08-18 04:00:00,211.6922,213.0286,211.3538,212.5341,1007.03
2024-08-18 08:00:00,212.5341,214.8196,211.9939,214.1417,1007.4
2024-08-18 12:00:00,214.1417,215.1228,212.8282,213.5708,1007.77
2024-08-18 16:00:00,213.5708,213.9128,211.7839,213.0157,1008.14
2024-08-18 20:00:00,213.0157,213.6415,208.3297,208.4455,1008.51
2024-08-19 00:00:00,208.4455,209.6959,207.6202,209.5496,1008.88
2024-08-19 04:00:00,209.5496,209.6323,208.1534,208.7125,1009.25
2024-08-19 08:00:00,208.7125,209.3661,206.112,208.337,1009.62
2024-08-19 12:00:00,208.337,210.4314,206.9771,208.8447,1009.99
2024-08-19 16:00:00,208.8447,211.5731,208.2265,210.3726,1010.36
2024-08-19 20:00:00,210.3727,212.7419,210.1316,212.0529,1010.73
2024-08-20 00:00:00,212.0529,217.3545,211.7346,216.265,1011.1
2024-08-20 04:00:00,216.2651,219.1007,216.0612,217.3537,1011.47
2024-08-20 08:00:00,217.3537,217.5845,215.4399,215.907,1011.84
2024-08-20 12:00:00,215.907,217.5167,209.2969,209.866,1012.21
2024-08-20 16:00:00,209.866,212.6693,208.8267,212.315,1012.58
2024-08-20 20:00:00,212.3151,213.1168,209.7333,210.5377,1012.95
2024-08-21 00:00:00,210.5377,212.3936,209.666,211.6301,1013.32
2024-08-21 04:00:00,211.6301,213.1768,211.0918,213.0286,1013.69
2024-08-21 08:00:00,213.0286,213.8354,210.7448,211.7769,1014.06
2024-08-21 12:00:00,211.7769,214.8266,209.9033,212.3144,1014.43
2024-08-21 16:00:00,212.3143,219.9041,211.7763,219.6572,1014.8
2024-08-21 20:00:00,219.6572,220.6024,217.2245,218.1803,1015.17
2024-08-22 00:00:00,218.1803,218.4906,213.0245,216.0143,1015.54
2024-08-22 04:00:00,216.0143,218.0812,215.6471,217.5677,1015.91
2024-08-22 08:00:00,217.5677,219.1007,216.8686,218.8227,1016.28
2024-08-22 12:00:00,218.8227,219.0942,214.3628,215.5095,1016.65
2024-08-22 16:00:00,215.5095,216.2473,214.4734,215.1549,1017.02
2024-08-22 20:00:00,215.1548,216.6315,215.0335,215.3969,1017.39
2024-08-23 00:00:00,215.3969,217.5604,215.2267,216.1728,1017.76
2024-08-23 04:00:00,216.1728,218.9856,216.0848,217.8708,1018.13
2024-08-23 08:00:00,217.8708,218.878,216.4717,216.7021,1018.5
2024-08-23 12:00:00,216.7021,222.3842,216.6521,219.5254,1018.87
2024-08-23 16:00:00,219.5253,227.7313,218.8223,227.0023,1019.24
2024-08-23 20:00:00,227.0023,231.7835,226.4362,228.4593,1019.61
2024-08-24 00:00:00,228.4593,229.1139,226.9443,227.7271,1019.98
2024-08-24 04:00:00,227.7271,229.5609,227.6414,229.4503,1020.35
2024-08-24 08:00:00,229.4503,230.1406,227.8055,227.9876,1020.72
2024-08-24 12:00:00,227.9875,229.247,227.8198,228.2408,1021.09
2024-08-24 16:00:00,228.2408,229.9605,227.9325,229.0778,1021.46
2024-08-24 20:00:00,229.0778,229.5466,226.6033,228.8866,1021.83
2024-08-25 00:00:00,228.8867,230.1854,228.2765,228.6868,1022.2
2024-08-25 04:00:00,228.6868,229.0757,227.5121,227.8565,1022.57
2024-08-25 08:00:00,227.8702,228.4258,227.4813,227.8903,1022.9537
2024-08-25 12:00:00,227.8767,229.4039,227.5808,228.798,1023.31
2024-08-25 16:00:00,228.798,229.2636,228.2765,228.9951,1023.68
2024-08-25 20:00:00,228.9951,231.9441,228.7135,229.1113,1024.05
2024-08-26 00:00:00,229.1113,230.0925,227.5273,228.7367,1024.42
2024-08-26 04:00:00,228.7367,229.1089,226.2073,226.9958,1024.79
2024-08-26 08:00:00,226.9958,228.5163,225.4971,227.8234,1025.16
2024-08-26 12:00:00,227.8234,228.23,224.9265,226.6587,1025.53
2024-08-26 16:00:00,226.6588,227.944,225.394,225.9825,1025.9
2024-08-26 20:00:00,225.9825,226.7981,223.9953,224.1666,1026.27
2024-08-27 00:00:00,224.1666,225.5652,223.4852,224.6518,1026.64
2024-08-27 04:00:00,224.6518,225.5224,223.6424,224.4103,1027.01
2024-08-27 08:00:00,224.4104,224.8089,221.9618,222.679,1027.38
2024-08-27 12:00:00,222.6789,223.0072,219.2612,220.1536,1027.75
2024-08-27 16:00:00,220.1536,221.9432,219.4243,221.5552,1028.12
2024-08-27 20:00:00,221.5552,221.6052,206.9922,211.969,1028.49
2024-08-28 00:00:00,211.969,212.8574,210.1428,212.7325,1028.86
2024-08-28 04:00:00,212.7325,212.8966,208.7117,209.0649,1029.23
2024-08-28 08:00:00,209.0649,214.9444,208.7772,213.8242,1029.6
2024-08-28 12:00:00,213.8241,214.6769,208.4516,210.4885,1029.97
2024-08-28 16:00:00,210.4885,213.5709,206.3714,210.1276,1030.34
2024-08-28 20:00:00,210.1276,212.6862,209.0935,210.613,1030.71
2024-08-29 00:00:00,210.613,211.6801,210.0049,210.9919,1031.08
2024-08-29 04:00:00,210.9919,213.2641,210.6161,212.5715,1031.45
2024-08-29 08:00:00,212.5715,215.8078,211.7727,214.2953,1031.82
2024-08-29 12:00:00,214.2953,218.2694,213.9704,216.8388,1032.19
2024-08-29 16:00:00,216.8388,217.531,210.1353,211.4089,1032.56
2024-08-29 20:00:00,211.4089,212.8159,209.4149,211.7693,1032.93
2024-08-30 00:00:00,211.7692,212.2782,210.0806,210.6027,1033.3
2024-08-30 04:00:00,210.6026,212.6179,209.3147,211.4556,1033.67
2024-08-30 08:00:00,211.4694,212.9582,211.419,211.9149,1034.0537
2024-08-30 12:00:00,211.9012,213.9065,206.6782,207.2597,1034.41
2024-08-30 16:00:00,207.2598,211.862,205.8045,209.4183,1034.78
2024-08-30 20:00:00,209.4183,211.6048,209.3682,210.9308,1035.15
2024-08-31 00:00:00,210.9308,212.188,210.6896,211.3162,1035.52
2024-08-31 04:00:00,211.3162,211.7871,210.5923,210.8274,1035.89
2024-08-31 08:00:00,210.8274,211.2124,209.8387,210.9201,1036.26
2024-08-31 12:00:00,210.9201,211.4091,210.0537,210.5118,1036.63
2024-08-31 16:00:00,210.5118,211.038,209.5252,209.9747,1037.0
2024-08-31 20:00:00,209.9747,211.0441,209.594,210.3957,1037.37
2024-09-01 00:00:00,210.3957,210.8117,207.8556,208.791,1037.74
2024-09-01 04:00:00,208.791,209.1113,206.0753,208.6285,1038.11
2024-09-01 08:00:00,208.6285,208.7718,206.3,207.7789,1038.48
2024-09-01 12:00:00,207.7789,208.2566,204.0203,207.695,1038.85
2024-09-01 16:00:00,207.695,209.7854,206.3867,208.7546,1039.22
2024-09-01 20:00:00,208.7546,209.314,204.0346,204.4302,1039.59
2024-09-02 00:00:00,204.4299,206.1401,203.7599,206.0005,1039.96
2024-09-02 04:00:00,206.0004,206.928,204.5949,205.3083,1040.33
2024-09-02 08:00:00,205.3083,209.3995,205.1588,208.4264,1040.7
2024-09-02 12:00:00,208.4264,209.8535,207.2419,208.8402,1041.07
2024-09-02 16:00:00,208.8402,209.3492,207.9166,208.4906,1041.44
2024-09-02 20:00:00,208.4907,212.0572,208.243,210.9598,1041.81
2024-09-03 00:00:00,210.9598,213.427,210.5156,210.8844,1042.18
2024-09-03 04:00:00,210.8845,211.4625,209.9818,210.888,1042.55
2024-09-03 08:00:00,210.8881,211.2364,209.4288,210.7453,1042.92
2024-09-03 12:00:00,210.7454,211.7871,205.3297,205.9398,1043.29
2024-09-03 16:00:00,205.9398,207.8666,205.4046,207.085,1043.66
2024-09-03 20:00:00,207.0849,207.8521,204.7838,205.0933,1044.03
2024-09-04 00:00:00,205.0933,206.7694,198.33,202.1188,1044.4
2024-09-04 04:00:00,202.1188,202.9787,200.4527,202.4471,1044.77
2024-09-04 08:00:00,202.4471,203.082,201.3518,201.8299,1045.14
2024-09-04 12:00:00,201.8299,207.6181,200.405,207.3989,1045.51
2024-09-04 16:00:00,207.3989,208.8224,205.6079,207.1278,1045.88
2024-09-04 20:00:00,207.1278,208.3622,206.1304,206.817,1046.25
2024-09-05 00:00:00,206.817,208.1377,202.9146,203.8364,1046.62
2024-09-05 04:00:00,203.8364,204.4418,201.6682,203.9066,1046.99
2024-09-05 08:00:00,203.9066,204.2309,201.9583,202.2759,1047.36
2024-09-05 12:00:00,202.2759,204.6519,199.0846,199.7001,1047.73
2024-09-05 16:00:00,199.7001,202.3687,199.0221,199.9998,1048.1
2024-09-05 20:00:00,199.9997,200.7631,198.4643,200.4278,1048.47
2024-09-06 00:00:00,200.4278,202.8998,199.6964,201.8834,1048.84
2024-09-06 04:00:00,201.8834,202.5039,197.167,199.0874,1049.21
2024-09-06 08:00:00,199.0874,200.7708,198.4478,199.7824,1049.58
2024-09-06 12:00:00,199.7824,203.4318,191.9155,192.811,1049.95
2024-09-06 16:00:00,192.811,194.2524,189.9873,190.989,1050.32
2024-09-06 20:00:00,190.9889,192.5934,187.4274,192.5183,1050.69
2024-09-07 00:00:00,192.5183,193.0417,191.6926,192.0044,1051.06
2024-09-07 04:00:00,192.0044,194.1467,191.9369,193.6708,1051.43
2024-09-07 08:00:00,193.6708,194.4592,193.2006,193.8135,1051.8
2024-09-07 12:00:00,193.8135,195.658,193.7635,195.4332,1052.17
2024-09-07 16:00:00,195.4332,195.7329,192.6005,194.0918,1052.54
2024-09-07 20:00:00,194.0918,194.263,191.9369,193.2243,1052.91
2024-09-08 00:00:00,193.2243,194.5164,192.472,194.0882,1053.28
2024-09-08 04:00:00,194.0881,194.7518,193.532,194.2068,1053.65
2024-09-08 08:00:00,194.2068,195.2793,193.8705,194.6343,1054.02
2024-09-08 12:00:00,194.6343,194.7233,191.3161,191.5338,1054.39
2024-09-08 16:00:00,191.5338,194.5952,191.2769,193.8528,1054.76
2024-09-08 20:00:00,193.8528,197.4026,193.2569,195.7541,1055.13
2024-09-09 00:00:00,195.7541,197.5889,195.0574,196.6283,1055.5
2024-09-09 04:00:00,196.6283,196.8032,194.7123,196.1253,1055.87
2024-09-09 08:00:00,196.1253,198.2481,196.0254,197.163,1056.24
2024-09-09 12:00:00,197.163,199.1186,195.4688,197.5952,1056.61
2024-09-09 16:00:00,197.5951,204.0347,197.4115,203.6727,1056.98
2024-09-09 20:00:00,203.6727,207.2848,202.6254,203.5031,1057.35
2024-09-10 00:00:00,203.5031,203.6364,201.601,201.6577,1057.72
2024-09-10 04:00:00,201.6577,204.4379,201.1142,204.133,1058.09
2024-09-10 08:00:00,204.133,204.7518,202.8703,204.1667,1058.46
2024-09-10 12:00:00,204.1667,205.0764,201.5277,201.9119,1058.83
2024-09-10 16:00:00,201.912,207.1291,201.7549,206.7497,1059.2
2024-09-10 20:00:00,206.7497,206.8852,204.9194,205.6222,1059.57
2024-09-11 00:00:00,205.6222,206.079,202.1663,202.7095,1059.94
2024-09-11 04:00:00,202.7095,202.7595,200.0924,202.3258,1060.31
2024-09-11 08:00:00,202.3258,203.0316,200.8976,202.6326,1060.68
2024-09-11 12:00:00,202.6463,204.0115,198.1268,202.3011,1061.0637
2024-09-11 16:00:00,202.2873,206.9056,202.0403,205.4421,1061.42
2024-09-11 20:00:00,205.4421,205.8179,204.0564,204.5591,1061.79
2024-09-12 00:00:00,204.5591,208.6477,204.4592,207.7511,1062.16
2024-09-12 04:00:00,207.7511,208.5069,206.2868,207.4138,1062.53
2024-09-12 08:00:00,207.4137,208.2195,206.4927,207.1277,1062.9
2024-09-12 12:00:00,207.1278,209.0686,204.5349,205.18,1063.27
2024-09-12 16:00:00,205.18,208.5798,205.0657,208.3051,1063.64
2024-09-12 20:00:00,208.3051,208.3551,206.0899,207.3929,1064.01
2024-09-13 00:00:00,207.3929,208.0069,206.152,206.3713,1064.38
2024-09-13 04:00:00,206.3713,207.462,205.9504,207.3108,1064.75
2024-09-13 08:00:00,207.3108,208.2195,206.2109,206.461,1065.12
2024-09-13 12:00:00,206.461,213.1213,205.5602,212.8694,1065.49
2024-09-13 16:00:00,212.8782,214.1162,211.5653,213.1564,1065.8737
2024-09-13 20:00:00,213.1427,216.3358,212.6982,215.8327,1066.23
2024-09-14 00:00:00,215.8327,216.2839,215.0248,215.2311,1066.6
2024-09-14 04:00:00,215.2312,215.3484,213.6493,214.5489,1066.97
2024-09-14 08:00:00,214.5489,214.6626,212.6004,213.0086,1067.34
2024-09-14 12:00:00,213.0086,214.1417,212.6718,213.6137,1067.71
2024-09-14 16:00:00,213.6136,214.0468,211.8655,213.3782,1068.08
2024-09-14 20:00:00,213.3783,214.5846,213.1998,214.0312,1068.45
2024-09-15 00:00:00,214.0312,215.1052,213.9562,214.6124,1068.82
2024-09-15 04:00:00,214.6124,214.8767,214.1234,214.7553,1069.19
2024-09-15 08:00:00,214.7553,214.8339,213.578,214.0579,1069.56
2024-09-15 12:00:00,214.0579,215.5181,213.5458,215.2527,1069.93
2024-09-15 16:00:00,215.2527,215.3642,212.961,213.6216,1070.3
2024-09-15 20:00:00,213.6216,213.8888,209.3363,210.9594,1070.67
2024-09-16 00:00:00,210.9594,211.2902,207.2704,208.9726,1071.04
2024-09-16 04:00:00,208.9726,210.4314,207.9859,210.1713,1071.41
2024-09-16 08:00:00,210.1713,211.1783,208.6761,209.2897,1071.78
2024-09-16 12:00:00,209.2897,209.789,205.2775,206.4988,1072.15
2024-09-16 16:00:00,206.4988,207.9121,205.0632,206.721,1072.52
2024-09-16 20:00:00,206.721,208.4336,205.4724,207.6843,1072.89
2024-09-17 00:00:00,207.6843,208.1981,205.4795,207.1349,1073.26
2024-09-17 04:00:00,207.1349,209.7503,206.9708,209.4017,1073.63
2024-09-17 08:00:00,209.4017,211.6087,209.1411,210.7774,1074.0
2024-09-17 12:00:00,210.7774,218.8153,209.9819,218.1071,1074.37
2024-09-17 16:00:00,218.107,218.6048,212.6442,213.9419,1074.74
2024-09-17 20:00:00,213.9418,215.6196,212.9908,215.1763,1075.11
2024-09-18 00:00:00,215.1763,216.8495,213.4873,215.8755,1075.48
2024-09-18 04:00:00,215.8755,216.5664,214.7184,215.583,1075.85
2024-09-18 08:00:00,215.583,215.633,211.6831,213.5067,1076.22
2024-09-18 12:00:00,213.5067,214.6769,211.5395,212.0196,1076.59
2024-09-18 16:00:00,212.0196,218.8103,211.0621,214.2629,1076.96
2024-09-18 20:00:00,214.2629,220.4787,212.1284,220.335,1077.33
2024-09-19 00:00:00,220.335,223.3444,219.5537,221.6122,1077.7
2024-09-19 04:00:00,221.6122,221.8834,220.4777,221.5266,1078.07
2024-09-19 08:00:00,221.5266,223.8368,220.7423,223.4939,1078.44
2024-09-19 12:00:00,223.4939,226.5957,223.2181,225.3084,1078.81
2024-09-19 16:00:00,225.3084,227.8413,224.4948,225.6579,1079.18
2024-09-19 20:00:00,225.6579,225.7155,223.4602,224.5733,1079.55
2024-09-20 00:00:00,224.5734,227.4846,223.3032,227.4066,1079.92
2024-09-20 04:00:00,227.4066,228.8521,226.1014,226.6311,1080.29
2024-09-20 08:00:00,226.6312,227.3062,225.0315,226.3286,1080.66
2024-09-20 12:00:00,226.3286,226.751,223.1174,225.3082,1081.03
2024-09-20 16:00:00,225.3082,225.8149,222.3899,224.0779,1081.4
2024-09-20 20:00:00,224.0779,225.8791,223.6718,225.4761,1081.77
2024-09-21 00:00:00,225.4761,225.9161,224.0541,224.3649,1082.14
2024-09-21 04:00:00,224.3649,225.2869,223.8455,225.0836,1082.51
2024-09-21 08:00:00,225.0836,225.2941,224.5876,225.0791,1082.88
2024-09-21 12:00:00,225.0791,225.9006,224.8406,225.3582,1083.25
2024-09-21 16:00:00,225.3582,226.2359,225.0157,225.4852,1083.62
2024-09-21 20:00:00,225.4852,226.8064,224.9158,226.0038,1083.99
2024-09-22 00:00:00,226.0039,226.4143,224.1024,225.137,1084.36
2024-09-22 04:00:00,225.137,225.5224,224.1309,224.5305,1084.73
2024-09-22 08:00:00,224.5305,224.9337,223.0854,223.9883,1085.1
2024-09-22 12:00:00,223.9883,224.5591,222.6723,223.5178,1085.47
2024-09-22 16:00:00,223.5178,225.6276,222.8109,225.3297,1085.84
2024-09-22 20:00:00,225.3297,228.3765,222.4182,226.8237,1086.21
2024-09-23 00:00:00,226.8237,231.0375,223.0633,229.5894,1086.58
2024-09-23 04:00:00,229.5894,230.0002,226.1359,226.7168,1086.95
2024-09-23 08:00:00,226.7169,227.3419,225.7791,226.3109,1087.32
2024-09-23 12:00:00,226.3109,227.6844,224.9227,226.9636,1087.69
2024-09-23 16:00:00,226.9636,227.7556,225.062,225.824,1088.06
2024-09-23 20:00:00,225.8292,226.5534,225.0253,225.9718,1088.43
2024-09-24 00:00:00,225.9718,226.2402,223.6386,225.2012,1088.8
2024-09-24 04:00:00,225.2013,226.8424,224.3521,226.7564,1089.17
2024-09-24 08:00:00,226.7565,228.191,226.0646,226.4654,1089.54
2024-09-24 12:00:00,226.4654,227.5488,223.7495,225.3296,1089.91
2024-09-24 16:00:00,225.3296,229.7143,225.0229,229.3694,1090.28
2024-09-24 20:00:00,229.3695,230.831,228.1575,229.2637,1090.65
2024-09-25 00:00:00,229.2637,231.2947,228.2423,229.9676,1091.02
2024-09-25 04:00:00,229.9676,230.0184,227.0117,227.7675,1091.39
2024-09-25 08:00:00,227.7676,228.0735,226.1634,227.7486,1091.76
2024-09-25 12:00:00,227.7486,228.3729,225.7198,226.5272,1092.13
2024-09-25 16:00:00,226.5272,227.1992,224.7089,225.4064,1092.5
2024-09-25 20:00:00,225.4064,226.7775,224.5201,225.3012,1092.87
2024-09-26 00:00:00,225.3012,226.7496,223.5316,226.5938,1093.24
2024-09-26 04:00:00,226.5939,227.9284,225.9219,227.7987,1093.61
2024-09-26 08:00:00,227.7987,230.1603,226.834,229.7321,1093.98
2024-09-26 12:00:00,229.732,233.9062,228.8116,232.7112,1094.35
2024-09-26 16:00:00,232.7112,234.9373,230.7497,230.8632,1094.72
2024-09-26 20:00:00,230.8633,232.8146,230.5366,232.5148,1095.09
2024-09-27 00:00:00,232.5148,233.4603,231.2015,233.1998,1095.46
2024-09-27 04:00:00,233.1998,233.9062,232.2008,233.5352,1095.83
2024-09-27 08:00:00,233.5352,235.4617,233.067,233.4544,1096.2
2024-09-27 12:00:00,233.4544,237.2883,232.9654,235.4831,1096.57
2024-09-27 16:00:00,235.4831,236.796,233.7135,234.2415,1096.94
2024-09-27 20:00:00,234.2415,235.3761,234.0738,234.6409,1097.31
2024-09-28 00:00:00,234.6409,236.4392,234.4127,235.6891,1097.68
2024-09-28 04:00:00,235.6891,235.8221,234.477,234.8338,1098.05
2024-09-28 08:00:00,234.8338,234.8838,233.4602,234.741,1098.42
2024-09-28 12:00:00,234.741,234.8552,233.3504,234.1029,1098.79
2024-09-28 16:00:00,234.1029,234.8805,233.6014,234.477,1099.16
2024-09-28 20:00:00,234.477,235.448,233.3853,234.9551,1099.53
2024-09-29 00:00:00,234.9551,235.4546,234.1533,234.8049,1099.9
2024-09-29 04:00:00,234.805,234.855,233.3853,233.5958,1100.27
2024-09-29 08:00:00,233.5958,234.5127,233.3888,234.3626,1100.64
2024-09-29 12:00:00,234.3626,234.9765,233.8998,234.5745,1101.01
2024-09-29 16:00:00,234.5745,235.4124,234.1773,235.3148,1101.38
2024-09-29 20:00:00,235.3147,235.7832,233.7278,234.0418,1101.75
2024-09-30 00:00:00,234.0418,234.1517,228.9543,230.3018,1102.12
2024-09-30 04:00:00,230.3155,231.0659,229.3961,230.3452,1102.5037
2024-09-30 08:00:00,230.3315,230.4314,225.5996,227.6823,1102.86
2024-09-30 12:00:00,227.6823,228.9511,226.5212,226.7618,1103.23
2024-09-30 16:00:00,226.7618,227.4426,224.9087,226.4999,1103.6
2024-09-30 20:00:00,226.4999,227.877,224.1962,225.9276,1103.97
2024-10-01 00:00:00,225.9276,227.4632,224.7328,227.34,1104.34
2024-10-01 04:00:00,227.3399,228.8425,227.0352,228.4903,1104.71
2024-10-01 08:00:00,228.4903,228.7974,227.2343,227.3775,1105.08
2024-10-01 12:00:00,227.3775,227.6985,220.4777,223.4348,1105.45
2024-10-01 16:00:00,223.4348,224.0195,217.9019,220.3207,1105.82
2024-10-01 20:00:00,220.3207,220.3877,214.5911,216.9308,1106.19
2024-10-02 00:00:00,216.9277,220.8239,216.624,220.301,1106.56
2024-10-02 04:00:00,220.301,221.0272,218.8223,220.2187,1106.93
2024-10-02 08:00:00,220.2187,220.9357,217.1772,218.2088,1107.3
2024-10-02 12:00:00,218.2088,220.9805,215.8762,220.7418,1107.67
2024-10-02 16:00:00,220.7418,222.6337,214.0061,214.7339,1108.04
2024-10-02 20:00:00,214.7339,217.671,214.4627,216.3724,1108.41
2024-10-03 00:00:00,216.3724,219.329,215.9183,219.279,1108.78
2024-10-03 04:00:00,219.279,219.3761,216.9105,217.3597,1109.15
2024-10-03 08:00:00,217.3597,217.9251,214.4576,216.7843,1109.52
2024-10-03 12:00:00,216.7843,217.3169,213.3928,216.3447,1109.89
2024-10-03 16:00:00,216.3447,217.8806,213.71,217.7521,1110.26
2024-10-03 20:00:00,217.7521,218.0304,216.1338,216.7414,1110.63
2024-10-04 00:00:00,216.7415,218.6467,215.6468,217.4524,1111.0
2024-10-04 04:00:00,217.4524,219.6179,217.3477,219.2064,1111.37
2024-10-04 08:00:00,219.2064,219.9793,218.5241,219.2285,1111.74
2024-10-04 12:00:00,219.2285,221.2572,216.6959,220.7383,1112.11
2024-10-04 16:00:00,220.7384,222.9109,219.8712,222.5041,1112.48
2024-10-04 20:00:00,222.5041,222.971,221.0169,221.4981,1112.85
2024-10-05 00:00:00,221.4981,222.0047,220.0327,220.6989,1113.22
2024-10-05 04:00:00,220.6989,222.1984,220.5134,221.4631,1113.59
2024-10-05 08:00:00,221.4631,222.406,221.4131,221.8334,1113.96
2024-10-05 12:00:00,221.8334,222.5633,221.498,221.7894,1114.33
2024-10-05 16:00:00,221.7894,221.8834,220.3921,220.6507,1114.7
2024-10-05 20:00:00,220.6507,221.598,220.071,221.3982,1115.07
2024-10-06 00:00:00,221.3982,221.7764,220.6989,220.7584,1115.44
2024-10-06 04:00:00,220.7584,221.2769,220.4241,221.0094,1115.81
2024-10-06 08:00:00,221.0094,221.8718,220.863,221.5549,1116.18
2024-10-06 12:00:00,221.5549,224.0133,221.3743,223.76,1116.55
2024-10-06 16:00:00,223.76,224.7197,223.1034,223.4438,1116.92
2024-10-06 20:00:00,223.4438,224.4961,222.2187,224.1164,1117.29
2024-10-07 00:00:00,224.1164,228.2701,223.4867,226.6515,1117.66
2024-10-07 04:00:00,226.6515,227.4985,225.7809,226.6568,1118.03
2024-10-07 08:00:00,226.6568,227.3276,223.46,225.2421,1118.4
2024-10-07 12:00:00,225.2421,230.0825,224.0859,227.0835,1118.77
2024-10-07 16:00:00,227.0835,228.0431,223.7667,226.1217,1119.14
2024-10-07 20:00:00,226.1217,226.2716,221.5979,221.9904,1119.51
2024-10-08 00:00:00,221.9904,224.1667,221.6979,223.4381,1119.88
2024-10-08 04:00:00,223.4381,224.017,221.1591,222.3329,1120.25
2024-10-08 08:00:00,222.3329,223.6321,221.8321,223.4175,1120.62
2024-10-08 12:00:00,223.4175,225.5224,220.6592,222.2188,1120.99
2024-10-08 16:00:00,222.2188,223.3747,220.6429,222.0672,1121.36
2024-10-08 20:00:00,222.0689,223.2603,221.2345,221.7638,1121.73
2024-10-09 00:00:00,221.7639,223.0037,221.1502,222.5971,1122.1
2024-10-09 04:00:00,222.5971,223.1811,221.8548,222.1787,1122.47
2024-10-09 08:00:00,222.1787,222.2654,221.3078,221.9048,1122.84
2024-10-09 12:00:00,221.9047,222.7114,219.8377,222.3186,1123.21
2024-10-09 16:00:00,222.3186,222.4899,216.985,217.7378,1123.58
2024-10-09 20:00:00,217.7378,218.1108,215.0799,216.3251,1123.95
2024-10-10 00:00:00,216.3251,217.5167,215.2726,217.1431,1124.32
2024-10-10 04:00:00,217.1431,218.2073,216.9133,217.2669,1124.69
2024-10-10 08:00:00,217.2669,218.8213,216.2562,218.5584,1125.06
2024-10-10 12:00:00,218.5584,218.8153,215.5936,216.8722,1125.43
2024-10-10 16:00:00,216.8722,217.7818,210.2458,213.0831,1125.8
2024-10-10 20:00:00,213.0831,215.2808,212.5301,215.2205,1126.17
2024-10-11 00:00:00,215.2205,216.8483,214.3187,216.2466,1126.54
2024-10-11 04:00:00,216.2466,217.4067,216.0681,216.4631,1126.91
2024-10-11 08:00:00,216.4631,218.6134,216.3266,218.2475,1127.28
2024-10-11 12:00:00,218.2476,222.8467,218.0365,222.1155,1127.65
2024-10-11 16:00:00,222.1154,226.2986,221.5801,225.0657,1128.02
2024-10-11 20:00:00,225.0657,225.3797,222.4174,223.1178,1128.39
2024-10-12 00:00:00,223.1177,225.0721,222.8795,223.2177,1128.76
2024-10-12 04:00:00,223.2177,224.0953,223.1588,223.9296,1129.13
2024-10-12 08:00:00,223.9296,225.7383,223.5399,224.5338,1129.5
2024-10-12 12:00:00,224.5338,226.5213,224.0811,225.3207,1129.87
2024-10-12 16:00:00,225.3208,226.2359,224.3913,224.7589,1130.24
2024-10-12 20:00:00,224.7589,226.1931,224.7089,225.4946,1130.61
2024-10-13 00:00:00,225.4946,225.8282,223.4777,223.7325,1130.98
2024-10-13 04:00:00,223.7325,224.7732,223.6643,224.2005,1131.35
2024-10-13 08:00:00,224.2005,224.6733,222.9971,223.1939,1131.72
2024-10-13 12:00:00,223.1939,224.1596,221.3196,222.0094,1132.09
2024-10-13 16:00:00,222.0094,224.4085,221.7751,223.811,1132.46
2024-10-13 20:00:00,223.811,225.2548,223.3199,224.2951,1132.83
2024-10-14 00:00:00,224.2951,229.7767,222.7745,229.3967,1133.2
2024-10-14 04:00:00,229.3967,230.8238,227.4867,230.5415,1133.57
2024-10-14 08:00:00,230.5415,232.6168,229.4929,231.6089,1133.94
2024-10-14 12:00:00,231.6088,236.5817,230.6331,234.9979,1134.31
2024-10-14 16:00:00,234.9979,235.7696,233.4816,235.2455,1134.68
2024-10-14 20:00:00,235.2455,237.2955,234.4484,235.7613,1135.05
2024-10-15 00:00:00,235.7613,236.689,233.0014,233.3211,1135.42
2024-10-15 04:00:00,233.3211,234.9623,232.5612,234.1728,1135.79
2024-10-15 08:00:00,234.1728,234.9765,232.843,233.32,1136.16
2024-10-15 12:00:00,233.32,242.4685,231.1306,235.5402,1136.53
2024-10-15 16:00:00,235.5402,240.4738,235.3494,238.9229,1136.9
2024-10-15 20:00:00,238.9229,239.6375,235.8777,239.2938,1137.27
2024-10-16 00:00:00,239.2938,241.0808,238.0891,239.3717,1137.64
2024-10-16 04:00:00,239.3717,240.3686,238.179,238.9313,1138.01
2024-10-16 08:00:00,238.9313,244.1595,238.685,242.2213,1138.38
2024-10-16 12:00:00,242.2213,243.7489,239.3973,241.7049,1138.75
2024-10-16 16:00:00,241.705,243.0036,240.6989,241.6265,1139.12
2024-10-16 20:00:00,241.6265,242.4829,240.7631,241.2412,1139.49
2024-10-17 00:00:00,241.2412,242.4307,240.4312,241.1748,1139.86
2024-10-17 04:00:00,241.1748,241.2248,239.2909,240.1109,1140.23
2024-10-17 08:00:00,240.1109,240.9701,238.0556,238.5742,1140.6
2024-10-17 12:00:00,238.5742,241.5052,237.7877,241.1365,1140.97
2024-10-17 16:00:00,241.1365,241.1865,237.9803,238.4585,1141.34
2024-10-17 20:00:00,238.4722,240.8054,238.3782,240.5477,1141.7237
2024-10-18 00:00:00,240.534,243.5777,239.6655,241.0107,1142.08
2024-10-18 04:00:00,241.0108,243.9988,240.92,242.4888,1142.45
2024-10-18 08:00:00,242.4887,242.8253,241.3873,241.5337,1142.82
2024-10-18 12:00:00,241.5337,245.7531,241.2722,245.2203,1143.19
2024-10-18 16:00:00,245.2203,246.2145,243.8312,244.766,1143.56
2024-10-18 20:00:00,244.766,245.1085,243.275,244.1238,1143.93
2024-10-19 00:00:00,244.1238,245.1201,243.628,244.2023,1144.3
2024-10-19 04:00:00,244.2023,244.6447,243.6254,243.8332,1144.67
2024-10-19 08:00:00,243.8332,244.344,242.869,242.919,1145.04
2024-10-19 12:00:00,242.919,243.8955,242.8608,243.4065,1145.41
2024-10-19 16:00:00,243.4065,243.5118,242.5825,243.2461,1145.78
2024-10-19 20:00:00,243.2461,244.1237,243.1478,243.9454,1146.15
2024-10-20 00:00:00,243.9454,244.238,242.9036,243.2676,1146.52
2024-10-20 04:00:00,243.2676,244.1934,243.1757,243.9454,1146.89
2024-10-20 08:00:00,243.9455,244.4307,243.8134,244.0953,1147.26
2024-10-20 12:00:00,244.0953,245.4036,243.254,244.8302,1147.63
2024-10-20 16:00:00,244.8302,245.0015,244.0524,244.4102,1148.0
2024-10-20 20:00:00,244.4103,247.6415,244.1949,246.2786,1148.37
2024-10-21 00:00:00,246.2786,248.0679,244.6464,245.9504,1148.74
2024-10-21 04:00:00,245.9504,246.8751,244.289,244.4306,1149.11
2024-10-21 08:00:00,244.4306,245.0051,242.9715,243.446,1149.48
2024-10-21 12:00:00,243.446,243.8195,238.4108,240.2459,1149.85
2024-10-21 16:00:00,240.2459,242.437,238.6011,241.7513,1150.22
2024-10-21 20:00:00,241.7549,242.4107,240.2874,240.376,1150.59
2024-10-22 00:00:00,240.376,241.5585,237.4503,240.4207,1150.96
2024-10-22 04:00:00,240.4207,241.9334,239.9711,240.4634,1151.33
2024-10-22 08:00:00,240.4634,240.9582,238.0517,240.0965,1151.7
2024-10-22 12:00:00,240.0965,241.5528,237.7098,240.0363,1152.07
2024-10-22 16:00:00,240.0363,241.3473,238.6939,240.7523,1152.44
2024-10-22 20:00:00,240.7524,242.0618,240.021,240.5491,1152.81
2024-10-23 00:00:00,240.5491,240.7661,238.5868,239.3222,1153.18
2024-10-23 04:00:00,239.3222,240.1596,238.2657,238.5025,1153.55
2024-10-23 08:00:00,238.5024,239.2505,236.1252,236.9387,1153.92
2024-10-23 12:00:00,236.9387,238.7587,235.137,236.2588,1154.29
2024-10-23 16:00:00,236.2588,237.558,232.7716,237.1456,1154.66
2024-10-23 20:00:00,237.1456,238.392,236.6211,237.8471,1155.03
2024-10-24 00:00:00,237.8471,241.2631,237.2311,239.7897,1155.4
2024-10-24 04:00:00,239.7897,240.7901,239.2245,239.4684,1155.77
2024-10-24 08:00:00,239.4684,240.229,237.909,240.0496,1156.14
2024-10-24 12:00:00,240.0496,242.6397,239.914,241.5309,1156.51
2024-10-24 16:00:00,241.5309,243.7992,240.228,243.7021,1156.88
2024-10-24 20:00:00,243.7021,245.6793,242.4685,243.3043,1157.25
2024-10-25 00:00:00,243.3042,243.6692,241.9618,242.6254,1157.62
2024-10-25 04:00:00,242.6254,242.8087,239.8712,240.9271,1157.99
2024-10-25 08:00:00,240.9271,243.3025,240.0006,242.9743,1158.36
2024-10-25 12:00:00,242.9743,245.3992,240.5129,241.491,1158.73
2024-10-25 16:00:00,241.491,242.2563,235.4352,238.4941,1159.1
2024-10-25 20:00:00,238.4941,240.4796,233.9714,237.953,1159.47
2024-10-26 00:00:00,237.953,239.2584,236.9811,238.7225,1159.84
2024-10-26 04:00:00,238.7225,239.9356,238.2096,239.0578,1160.21
2024-10-26 08:00:00,239.0578,240.0223,238.8117,239.5216,1160.58
2024-10-26 12:00:00,239.5216,239.7214,238.066,238.6243,1160.95
2024-10-26 16:00:00,238.6243,239.7279,238.2229,239.6643,1161.32
2024-10-26 20:00:00,239.6643,240.7009,239.2789,239.3602,1161.69
2024-10-27 00:00:00,239.3602,240.2404,238.6715,240.0623,1162.06
2024-10-27 04:00:00,240.0623,240.213,239.4074,239.7571,1162.43
2024-10-27 08:00:00,239.7571,240.03,239.1107,239.4861,1162.8
2024-10-27 12:00:00,239.486,242.1403,239.4126,241.8548,1163.17
2024-10-27 16:00:00,241.8548,242.6469,240.9089,242.0617,1163.54
2024-10-27 20:00:00,242.0617,243.8315,241.4341,242.6743,1163.91
2024-10-28 00:00:00,242.6743,243.0635,241.3973,241.625,1164.28
2024-10-28 04:00:00,241.625,245.0728,241.184,244.0793,1164.65
2024-10-28 08:00:00,244.0793,245.6207,243.3988,245.2861,1165.02
2024-10-28 12:00:00,245.2861,247.2134,244.0691,244.36,1165.39
2024-10-28 16:00:00,244.36,249.4253,244.1614,248.412,1165.76
2024-10-28 20:00:00,248.412,250.7453,247.6407,249.5973,1166.13
2024-10-29 00:00:00,249.5973,255.447,248.8258,253.079,1166.5
2024-10-29 04:00:00,253.079,254.6697,252.6711,253.3638,1166.87
2024-10-29 08:00:00,253.3637,255.4151,253.1569,254.9123,1167.24
2024-10-29 12:00:00,254.9123,258.4513,252.9964,258.3015,1167.61
2024-10-29 16:00:00,258.3015,262.6972,258.0684,258.7801,1167.98
2024-10-29 20:00:00,258.7809,260.4096,256.3344,259.4945,1168.35
2024-10-30 00:00:00,259.4945,259.7204,256.8173,257.7021,1168.72
2024-10-30 04:00:00,257.7021,259.0935,257.174,257.6807,1169.09
2024-10-30 08:00:00,257.6807,259.0756,256.5562,256.8102,1169.46
2024-10-30 12:00:00,256.8102,258.594,254.8051,257.0861,1169.83
2024-10-30 16:00:00,257.0861,257.6219,255.5393,256.2323,1170.2
2024-10-30 20:00:00,256.2323,260.3457,255.5479,258.0972,1170.57
2024-10-31 00:00:00,258.0972,259.0578,256.9246,258.1293,1170.94
2024-10-31 04:00:00,258.1293,258.6226,257.3524,258.3556,1171.31
2024-10-31 08:00:00,258.3556,259.4146,257.3517,257.6736,1171.68
2024-10-31 12:00:00,257.7558,257.9841,251.3047,252.0262,1172.1322
2024-10-31 16:00:00,252.0262,253.2517,249.8927,250.1427,1172.5022
2024-10-31 20:00:00,250.0605,252.118,248.561,250.7738,1172.79
2024-11-01 00:00:00,250.7738,251.4588,245.508,247.4844,1173.16
2024-11-01 04:00:00,247.4844,248.7087,246.3999,247.1409,1173.53
2024-11-01 08:00:00,247.1409,250.5955,246.9609,249.7392,1173.9
2024-11-01 12:00:00,249.7392,255.6078,246.2714,247.5479,1174.27
2024-11-01 16:00:00,247.5479,251.62,245.4728,247.1206,1174.64
2024-11-01 20:00:00,247.1206,248.4514,245.5954,247.934,1175.01
2024-11-02 00:00:00,247.934,249.4766,247.8266,248.305,1175.38
2024-11-02 04:00:00,248.305,249.154,247.7056,249.0682,1175.75
2024-11-02 08:00:00,249.0682,249.2063,247.6053,248.3336,1176.12
2024-11-02 12:00:00,248.3336,248.7531,246.115,247.5671,1176.49
2024-11-02 16:00:00,247.5672,248.4121,246.8815,247.9839,1176.86
2024-11-02 20:00:00,247.9839,248.2551,246.646,247.5014,1177.23
2024-11-03 00:00:00,247.5014,247.6094,242.0622,243.9522,1177.6
2024-11-03 04:00:00,243.9522,245.3996,243.6314,244.0147,1177.97
2024-11-03 08:00:00,244.0147,244.8002,243.2604,243.8771,1178.34
2024-11-03 12:00:00,243.8771,244.6447,240.6872,242.9212,1178.71
2024-11-03 16:00:00,242.9212,245.1221,241.3596,245.0193,1179.08
2024-11-03 20:00:00,245.0193,247.4917,244.3051,245.3653,1179.45
2024-11-04 00:00:00,245.3653,247.9983,243.4053,246.3352,1179.82
2024-11-04 04:00:00,246.3352,247.647,244.7516,244.8016,1180.19
2024-11-04 08:00:00,244.8016,246.3429,244.2236,245.4249,1180.56
2024-11-04 12:00:00,245.425,247.1582,243.2711,244.9016,1180.93
2024-11-04 16:00:00,244.9016,245.552,239.8765,242.0831,1181.3
2024-11-04 20:00:00,242.0832,243.0253,238.3906,242.0618,1181.67
2024-11-05 00:00:00,242.0618,243.5566,240.6797,243.4638,1182.04
2024-11-05 04:00:00,243.4638,246.1288,243.3264,245.7863,1182.41
2024-11-05 08:00:00,245.7863,246.5712,244.7413,245.4867,1182.78
2024-11-05 12:00:00,245.4867,250.9418,244.9229,248.4477,1183.15
2024-11-05 16:00:00,248.4477,251.8438,245.1611,246.1502,1183.52
2024-11-05 20:00:00,246.1502,249.4182,245.3543,247.4917,1183.89
2024-11-06 00:00:00,247.4917,267.6201,247.1776,265.2459,1184.26
2024-11-06 04:00:00,265.2459,269.0724,259.4109,261.7581,1184.63
2024-11-06 08:00:00,261.7581,265.7488,259.1587,264.9729,1185.0
2024-11-06 12:00:00,264.9729,266.7552,262.1259,265.0656,1185.37
2024-11-06 16:00:00,265.0656,270.6525,264.4876,270.5082,1185.74
2024-11-06 20:00:00,270.5082,272.6147,269.3292,269.6107,1186.11
2024-11-07 00:00:00,269.6107,271.269,267.5337,267.7414,1186.48
2024-11-07 04:00:00,267.7414,267.7914,265.4366,266.7052,1186.85
2024-11-07 08:00:00,266.7052,268.1556,266.2698,266.6639,1187.22
2024-11-07 12:00:00,266.6639,271.4006,265.7798,271.3506,1187.59
2024-11-07 16:00:00,271.3506,273.7527,269.5007,273.0299,1187.96
2024-11-07 20:00:00,273.0299,274.2201,269.2825,270.6307,1188.33
2024-11-08 00:00:00,270.6307,272.4649,269.5001,270.7481,1188.7
2024-11-08 04:00:00,270.7481,271.9726,269.9675,271.6674,1189.07
2024-11-08 08:00:00,271.6674,272.3293,270.2315,270.9039,1189.44
2024-11-08 12:00:00,270.9039,273.2733,269.7704,272.6636,1189.81
2024-11-08 16:00:00,272.6636,275.4688,270.4529,274.3934,1190.18
2024-11-08 20:00:00,274.3934,275.1013,272.1588,272.9564,1190.55
2024-11-09 00:00:00,272.9564,273.4704,271.5729,272.3559,1190.92
2024-11-09 04:00:00,272.3559,274.0264,272.1366,273.0252,1191.29
2024-11-09 08:00:00,273.0252,273.812,272.3681,272.8755,1191.66
2024-11-09 12:00:00,272.8755,273.1196,272.0606,272.279,1192.03
2024-11-09 16:00:00,272.279,273.685,270.0697,271.8688,1192.4
2024-11-09 20:00:00,271.8687,274.3985,271.7263,273.5546,1192.77
2024-11-10 00:00:00,273.5546,276.5319,272.8429,275.4401,1193.14
2024-11-10 04:00:00,275.4401,284.7052,275.1476,281.2424,1193.51
2024-11-10 08:00:00,281.2424,285.6008,281.1924,284.8516,1193.88
2024-11-10 12:00:00,284.8515,285.7435,282.504,284.3165,1194.25
2024-11-10 16:00:00,284.3302,289.2891,282.9622,284.5263,1194.6337
2024-11-10 20:00:00,284.5126,290.8095,279.9108,286.7281,1194.99
2024-11-11 00:00:00,286.7281,292.0464,286.1287,291.1599,1195.36
2024-11-11 04:00:00,291.1599,291.621,286.8993,289.3649,1195.73
2024-11-11 08:00:00,289.3649,293.9523,289.0088,293.0213,1196.1
2024-11-11 12:00:00,293.0213,300.6686,290.5675,299.8909,1196.47
2024-11-11 16:00:00,299.8909,309.1826,299.0286,307.1783,1196.84
2024-11-11 20:00:00,307.1783,319.4592,306.9492,316.2607,1197.21
2024-11-12 00:00:00,316.2607,319.2433,308.7664,314.1182,1197.58
2024-11-12 04:00:00,314.1182,320.92,312.8286,317.4571,1197.95
2024-11-12 08:00:00,317.4571,318.8936,304.0131,310.9362,1198.32
2024-11-12 12:00:00,310.9362,313.4994,303.453,309.0684,1198.69
2024-11-12 16:00:00,309.0684,320.2935,305.8017,316.4615,1199.06
2024-11-12 20:00:00,316.4615,320.6951,311.6855,313.7777,1199.43
2024-11-13 00:00:00,313.7776,316.0072,310.3456,310.8665,1199.8
2024-11-13 04:00:00,310.8665,312.9025,307.2203,311.6514,1200.17
2024-11-13 08:00:00,311.6514,314.295,310.6253,312.7694,1200.54
2024-11-13 12:00:00,312.7694,330.7309,312.124,330.1458,1200.91
2024-11-13 16:00:00,330.1458,332.7846,320.9266,321.7745,1201.28
2024-11-13 20:00:00,321.7744,325.3582,313.7954,322.4227,1201.65
2024-11-14 00:00:00,322.4227,323.1534,319.1009,320.8594,1202.02
2024-11-14 04:00:00,320.8594,324.1666,317.8395,323.8291,1202.39
2024-11-14 08:00:00,323.8291,327.0484,322.2107,326.4065,1202.76
2024-11-14 12:00:00,326.4064,327.5201,313.2909,313.7633,1203.13
2024-11-14 16:00:00,313.7633,320.3322,312.2105,319.1718,1203.5
2024-11-14 20:00:00,319.1718,319.2219,309.1476,311.5429,1203.87
2024-11-15 00:00:00,311.5429,315.6889,311.2303,314.7274,1204.24
2024-11-15 04:00:00,314.7274,315.3974,310.5931,312.5647,1204.61
2024-11-15 08:00:00,312.5647,320.3206,311.6442,320.161,1204.98
2024-11-15 12:00:00,320.1609,323.6662,313.0229,315.5379,1205.35
2024-11-15 16:00:00,315.5379,324.1484,315.2795,322.4323,1205.72
2024-11-15 20:00:00,322.4323,327.7342,322.193,324.7661,1206.09
2024-11-16 00:00:00,324.7661,327.2313,324.0666,325.5508,1206.46
2024-11-16 04:00:00,325.5509,327.4832,324.8309,325.071,1206.83
2024-11-16 08:00:00,325.071,326.8356,324.5773,325.2571,1207.2
2024-11-16 12:00:00,325.2708,325.857,321.2482,322.9572,1207.5837
2024-11-16 16:00:00,322.9572,326.1283,321.7137,325.023,1207.9537
2024-11-16 20:00:00,325.0093,325.3504,322.1044,323.178,1208.31
2024-11-17 00:00:00,323.1818,324.3021,318.7651,321.9684,1208.68
2024-11-17 04:00:00,321.9684,324.3021,321.5998,323.0491,1209.05
2024-11-17 08:00:00,323.0491,326.3071,322.7429,323.525,1209.42
2024-11-17 12:00:00,323.525,325.3791,320.7698,322.0117,1209.79
2024-11-17 16:00:00,322.0117,323.418,319.8366,321.2411,1210.16
2024-11-17 20:00:00,321.2411,321.8909,316.4747,320.5703,1210.53
2024-11-18 00:00:00,320.5703,324.4714,319.6711,323.4693,1210.9
2024-11-18 04:00:00,323.4693,329.3396,322.5997,327.22,1211.27
2024-11-18 08:00:00,327.22,329.0256,321.2164,322.0656,1211.64
2024-11-18 12:00:00,322.0656,330.3885,318.8111,329.3235,1212.01
2024-11-18 16:00:00,329.3235,330.3562,319.8484,323.2541,1212.38
2024-11-18 20:00:00,323.2541,328.1979,321.8333,322.7397,1212.75
2024-11-19 00:00:00,322.7397,326.589,322.3077,326.1786,1213.12
2024-11-19 04:00:00,326.1786,328.2693,325.4511,326.8636,1213.49
2024-11-19 08:00:00,326.8636,328.0909,325.3152,326.9778,1213.86
2024-11-19 12:00:00,326.9778,331.0806,324.5154,329.6178,1214.23
2024-11-19 16:00:00,329.6178,335.0674,328.6942,332.5998,1214.6
2024-11-19 20:00:00,332.5998,333.8743,325.7433,329.3281,1214.97
2024-11-20 00:00:00,329.3281,329.763,326.3855,328.362,1215.34
2024-11-20 04:00:00,328.362,331.3056,327.6342,331.2531,1215.71
2024-11-20 08:00:00,331.2531,334.2271,330.738,333.4089,1216.08
2024-11-20 12:00:00,333.4089,338.2858,332.8589,337.9944,1216.45
2024-11-20 16:00:00,337.9945,338.3726,332.2292,335.3545,1216.82
2024-11-20 20:00:00,335.3545,337.545,334.4842,336.3768,1217.19
2024-11-21 00:00:00,336.3768,342.1972,335.4472,341.7695,1217.56
2024-11-21 04:00:00,341.7695,349.1469,341.7194,345.7434,1217.93
2024-11-21 08:00:00,345.7434,351.0479,345.0225,349.5357,1218.3
2024-11-21 12:00:00,349.5357,350.5668,341.0127,344.8871,1218.67
2024-11-21 16:00:00,344.8871,353.1997,343.4268,349.0178,1219.04
2024-11-21 20:00:00,349.0178,352.2566,347.9095,350.7563,1219.41
2024-11-22 00:00:00,350.7563,354.3127,349.0041,352.6092,1219.78
2024-11-22 04:00:00,352.6092,354.7409,351.4201,353.8122,1220.15
2024-11-22 08:00:00,353.8122,354.1957,350.3592,352.7301,1220.52
2024-11-22 12:00:00,352.7438,353.0743,346.4566,352.0075,1220.9037
2024-11-22 16:00:00,352.0075,355.354,350.3735,353.4907,1221.2737
2024-11-22 20:00:00,353.477,354.8444,351.4836,352.8072,1221.63
2024-11-23 00:00:00,352.8209,352.931,350.6589,352.017,1222.0137
2024-11-23 04:00:00,352.0033,352.529,350.5903,351.6258,1222.37
2024-11-23 08:00:00,351.7628,352.0372,350.7822,351.2959,1222.877
2024-11-23 12:00:00,351.1727,352.7128,351.0156,351.0656,1223.1237
2024-11-23 16:00:00,351.0657,351.3281,347.2199,347.8691,1223.4937
2024-11-23 20:00:00,347.8554,349.7313,346.4925,348.4562,1223.85
2024-11-24 00:00:00,348.4562,351.687,348.2219,350.3388,1224.22
2024-11-24 04:00:00,350.3388,351.2128,349.119,351.1627,1224.59
2024-11-24 08:00:00,351.1627,351.3623,346.861,347.0563,1224.96
2024-11-24 12:00:00,347.0564,348.2711,342.083,342.1383,1225.33
2024-11-24 16:00:00,342.1384,345.2082,341.4935,343.6314,1225.7
2024-11-24 20:00:00,343.6314,350.993,343.1371,349.2683,1226.07
2024-11-25 00:00:00,349.2683,349.8533,345.6077,349.2639,1226.44
2024-11-25 04:00:00,349.2639,351.0199,347.7613,349.7938,1226.81
2024-11-25 08:00:00,349.7938,352.7851,349.0398,350.2959,1227.18
2024-11-25 12:00:00,350.2959,350.7918,337.1775,342.4917,1227.55
2024-11-25 16:00:00,342.4917,344.3235,336.7315,337.7429,1227.92
2024-11-25 20:00:00,337.743,340.0424,330.3105,331.8226,1228.29
2024-11-26 00:00:00,331.8226,338.6999,330.7662,337.0099,1228.66
2024-11-26 04:00:00,337.0099,338.8771,333.521,334.59,1229.03
2024-11-26 08:00:00,334.59,334.64,326.2661,329.4924,1229.4
2024-11-26 12:00:00,329.4924,333.8312,327.2406,331.1198,1229.77
2024-11-26 16:00:00,331.1197,337.8504,326.5785,327.0915,1230.14
2024-11-26 20:00:00,327.0916,329.5679,323.8564,328.095,1230.51
2024-11-27 00:00:00,328.095,331.9703,327.4277,330.317,1230.88
2024-11-27 04:00:00,330.317,334.1487,329.4596,333.9173,1231.25
2024-11-27 08:00:00,333.9173,334.9964,332.1262,333.0997,1231.62
2024-11-27 12:00:00,333.0997,342.0046,331.1941,340.9057,1231.99
2024-11-27 16:00:00,340.9057,344.7933,339.5314,344.7301,1232.36
2024-11-27 20:00:00,344.7301,346.8501,341.4826,342.0013,1232.73
2024-11-28 00:00:00,342.0013,344.5518,338.239,340.604,1233.1
2024-11-28 04:00:00,340.604,342.2628,339.0974,339.9912,1233.47
2024-11-28 08:00:00,339.9912,341.7548,337.5878,340.5347,1233.84
2024-11-28 12:00:00,340.5347,343.331,338.5153,338.9476,1234.21
2024-11-28 16:00:00,338.9476,340.5264,338.2192,339.3484,1234.58
2024-11-28 20:00:00,339.3484,342.6235,337.7947,341.2196,1234.95
2024-11-29 00:00:00,341.2196,345.6043,340.1742,344.5959,1235.32
2024-11-29 04:00:00,344.5958,344.7876,341.0128,341.152,1235.69
2024-11-29 08:00:00,341.152,347.3853,341.0697,346.9061,1236.06
2024-11-29 12:00:00,346.9061,351.8868,345.1796,349.6944,1236.43
2024-11-29 16:00:00,349.6943,351.2446,345.4858,347.2336,1236.8
2024-11-29 20:00:00,347.2336,348.3357,345.9396,347.6984,1237.17
2024-11-30 00:00:00,347.6984,347.7625,343.5451,344.773,1237.54
2024-11-30 04:00:00,344.773,346.9422,344.3402,345.2845,1237.91
2024-11-30 08:00:00,345.2845,345.9959,342.768,343.4458,1238.28
2024-11-30 12:00:00,343.4458,345.1517,343.3036,344.7923,1238.65
2024-11-30 16:00:00,344.7923,346.3303,344.3353,346.1275,1239.02
2024-11-30 20:00:00,346.1275,346.25,343.5849,343.9452,1239.39
2024-12-01 00:00:00,343.9452,344.9389,341.3476,343.6911,1239.76
2024-12-01 04:00:00,343.6911,344.3789,343.1389,344.1771,1240.13
2024-12-01 08:00:00,344.1771,346.746,343.9559,346.4458,1240.5
2024-12-01 12:00:00,346.4458,347.4943,344.7975,346.1573,1240.87
2024-12-01 16:00:00,346.1573,347.9746,345.8592,346.6949,1241.24
2024-12-01 20:00:00,346.6949,349.0898,345.2938,346.7179,1241.61
2024-12-02 00:00:00,346.7179,350.1387,343.6884,344.2155,1241.98
2024-12-02 04:00:00,344.2155,345.8362,341.5477,342.4897,1242.35
2024-12-02 08:00:00,342.4897,342.9393,338.2314,339.3812,1242.72
2024-12-02 12:00:00,339.3811,346.8735,338.0373,346.2285,1243.09
2024-12-02 16:00:00,346.2286,347.3798,336.7137,341.8333,1243.46
2024-12-02 20:00:00,341.8333,343.7094,339.2717,341.9211,1243.83
2024-12-03 00:00:00,341.9211,343.6297,340.2991,342.7728,1244.2
2024-12-03 04:00:00,342.7728,343.3891,339.8616,340.8843,1244.57
2024-12-03 08:00:00,340.8843,341.3372,337.4286,338.8793,1244.94
2024-12-03 12:00:00,338.8793,343.4316,333.7996,341.3571,1245.31
2024-12-03 16:00:00,341.3571,343.1462,338.3726,340.4512,1245.68
2024-12-03 20:00:00,340.4512,343.0392,339.8443,341.9535,1246.05
2024-12-04 00:00:00,341.9535,344.7308,339.6718,341.6703,1246.42
2024-12-04 04:00:00,341.6703,345.0884,341.432,344.5903,1246.79
2024-12-04 08:00:00,344.5903,345.9289,343.0533,343.169,1247.16
2024-12-04 12:00:00,343.169,344.5376,340.1294,341.5721,1247.53
2024-12-04 16:00:00,341.5721,346.935,337.4016,346.8052,1247.9
2024-12-04 20:00:00,346.8052,353.2425,346.4658,351.7202,1248.27
2024-12-05 00:00:00,351.7202,371.3945,349.1785,367.3345,1248.64
2024-12-05 04:00:00,367.3345,369.4562,361.4342,364.7376,1249.01
2024-12-05 08:00:00,364.7376,368.0829,364.6876,365.9178,1249.38
2024-12-05 12:00:00,365.9178,369.4751,360.0136,361.3695,1249.75
2024-12-05 16:00:00,361.3694,363.9417,351.7132,353.2924,1250.12
2024-12-05 20:00:00,353.2924,354.954,322.8179,345.8633,1250.49
2024-12-06 00:00:00,345.8633,352.6314,342.3745,348.6805,1250.86
2024-12-06 04:00:00,348.6805,350.7024,347.328,350.1192,1251.23
2024-12-06 08:00:00,350.1191,352.1909,348.2294,349.8733,1251.6
2024-12-06 12:00:00,349.9143,355.0096,347.8759,354.3395,1252.0111
2024-12-06 16:00:00,354.2985,363.2282,352.2956,361.8974,1252.34
2024-12-06 20:00:00,361.8974,363.5849,353.3317,355.8355,1252.71
2024-12-07 00:00:00,355.8355,358.337,354.1618,354.2615,1253.08
2024-12-07 04:00:00,354.2615,355.6196,352.586,354.6381,1253.45
2024-12-07 08:00:00,354.6381,356.1745,354.0701,355.4044,1253.82
2024-12-07 12:00:00,355.4044,356.0966,353.271,355.8896,1254.19
2024-12-07 16:00:00,355.8896,357.7507,354.7849,357.0364,1254.56
2024-12-07 20:00:00,357.0364,358.3769,355.2656,356.1607,1254.93
2024-12-08 00:00:00,356.1607,357.9834,355.3982,356.5276,1255.3
2024-12-08 04:00:00,356.5276,356.9171,354.3412,355.601,1255.67
2024-12-08 08:00:00,355.6832,356.3368,352.0035,355.7762,1256.1222
2024-12-08 12:00:00,355.694,358.5939,354.4167,356.4462,1256.41
2024-12-08 16:00:00,356.4462,357.5165,354.855,357.1204,1256.78
2024-12-08 20:00:00,357.1204,361.6299,355.7685,360.7187,1257.15
2024-12-09 00:00:00,360.7187,361.1481,351.1167,353.5166,1257.52
2024-12-09 04:00:00,353.5166,355.8464,350.7451,355.2493,1257.89
2024-12-09 08:00:00,355.2493,355.6674,349.7018,349.9405,1258.26
2024-12-09 12:00:00,349.9405,358.3149,347.8217,348.9542,1258.63
2024-12-09 16:00:00,348.9542,351.0948,346.0073,346.3082,1259.0
2024-12-09 20:00:00,346.3082,348.1498,335.8398,347.0436,1259.37
2024-12-10 00:00:00,347.0437,350.1672,340.8893,345.8147,1259.74
2024-12-10 04:00:00,345.8147,347.9596,342.0829,346.7581,1260.11
2024-12-10 08:00:00,346.7581,349.4519,345.7868,348.635,1260.48
2024-12-10 12:00:00,348.635,350.6382,340.8521,341.2724,1260.85
2024-12-10 16:00:00,341.2724,344.3235,336.2197,341.9777,1261.22
2024-12-10 20:00:00,341.9777,346.8233,341.0697,344.6053,1261.59
2024-12-11 00:00:00,344.6053,348.3398,341.2204,347.4787,1261.96
2024-12-11 04:00:00,347.4787,348.927,346.6555,347.251,1262.33
2024-12-11 08:00:00,347.251,351.3608,347.1374,350.6688,1262.7
2024-12-11 12:00:00,350.6688,359.6642,349.8329,358.0503,1263.07
2024-12-11 16:00:00,358.0503,360.8808,355.3124,360.7655,1263.44
2024-12-11 20:00:00,360.7655,363.5457,359.8011,360.7737,1263.81
2024-12-12 00:00:00,360.7737,363.3352,357.8932,360.42,1264.18
2024-12-12 04:00:00,360.42,361.0621,358.1472,358.5439,1264.55
2024-12-12 08:00:00,358.5439,360.8291,357.3463,358.0388,1264.92
2024-12-12 12:00:00,358.0388,363.4516,357.9529,363.1716,1265.29
2024-12-12 16:00:00,363.1716,365.8718,354.2543,354.9097,1265.66
2024-12-12 20:00:00,354.9097,358.509,354.8026,356.7754,1266.03
2024-12-13 00:00:00,356.7754,358.0832,353.8739,355.7936,1266.4
2024-12-13 04:00:00,355.7936,357.6147,354.9263,357.2239,1266.77
2024-12-13 08:00:00,357.2239,359.6249,356.3391,358.0208,1267.14
2024-12-13 12:00:00,358.0208,361.7165,355.6398,356.3076,1267.51
2024-12-13 16:00:00,356.3076,363.5716,355.9966,361.9772,1267.88
2024-12-13 20:00:00,361.9772,363.5171,360.602,361.8413,1268.25
2024-12-14 00:00:00,361.8412,366.2642,360.807,364.2093,1268.62
2024-12-14 04:00:00,364.2093,364.4376,362.3858,363.2674,1268.99
2024-12-14 08:00:00,363.2674,363.4588,361.4229,362.4111,1269.36
2024-12-14 12:00:00,362.4112,363.0264,359.6583,362.5579,1269.73
2024-12-14 16:00:00,362.5579,363.0095,359.677,361.4463,1270.1
2024-12-14 20:00:00,361.4463,362.1582,358.8842,361.8261,1270.47
2024-12-15 00:00:00,361.8398,364.6617,361.1374,362.9594,1270.8537
2024-12-15 04:00:00,362.9594,366.9915,362.1965,362.9532,1271.2237
2024-12-15 08:00:00,362.9395,366.4106,362.3507,366.2907,1271.58
2024-12-15 12:00:00,366.2907,368.7971,365.5328,366.4069,1271.95
2024-12-15 16:00:00,366.4069,369.261,365.9275,368.3653,1272.32
2024-12-15 20:00:00,368.3654,375.54,366.0626,372.6858,1272.69
2024-12-16 00:00:00,372.6858,380.5275,371.9062,373.1079,1273.06
2024-12-16 04:00:00,373.1079,376.1492,372.6569,374.5724,1273.43
2024-12-16 08:00:00,374.5861,374.7219,369.6591,370.1808,1273.8137
2024-12-16 12:00:00,370.1671,379.9995,368.6009,379.3502,1274.17
2024-12-16 16:00:00,379.3502,384.6127,377.393,380.2461,1274.54
2024-12-16 20:00:00,380.2461,380.5292,376.2606,378.375,1274.91
2024-12-17 00:00:00,378.375,381.7833,376.8932,381.257,1275.28
2024-12-17 04:00:00,381.257,382.2945,379.4302,381.0403,1275.65
2024-12-17 08:00:00,381.0403,383.7456,380.6446,381.0494,1276.02
2024-12-17 12:00:00,381.0494,386.6103,377.1382,379.8727,1276.39
2024-12-17 16:00:00,379.8727,384.0416,378.6437,379.8635,1276.76
2024-12-17 20:00:00,379.8635,381.4408,375.6951,378.6428,1277.13
2024-12-18 00:00:00,378.6428,380.0886,373.0554,373.7561,1277.5
2024-12-18 04:00:00,373.7561,373.8061,367.9046,371.9251,1277.87
2024-12-18 08:00:00,371.9251,374.767,370.0143,374.6992,1278.24
2024-12-18 12:00:00,374.6992,375.8968,369.7318,372.5594,1278.61
2024-12-18 16:00:00,372.5594,374.648,366.763,366.813,1278.98
2024-12-18 20:00:00,366.813,367.505,356.7101,357.4879,1279.35
2024-12-19 00:00:00,357.4879,361.4846,352.4361,361.0168,1279.72
2024-12-19 04:00:00,361.0168,362.9724,358.9577,362.6701,1280.09
2024-12-19 08:00:00,362.6701,366.1205,361.6338,365.5007,1280.46
2024-12-19 12:00:00,365.5007,366.7998,354.9263,359.1856,1280.83
2024-12-19 16:00:00,359.1856,361.0912,343.3363,346.7698,1281.2
2024-12-19 20:00:00,346.7698,351.4587,341.3694,347.705,1281.57
2024-12-20 00:00:00,347.705,349.0116,342.4397,346.4355,1281.94
2024-12-20 04:00:00,346.4355,350.5062,343.7741,349.0274,1282.31
2024-12-20 08:00:00,349.0274,349.193,330.353,330.8022,1282.68
2024-12-20 12:00:00,330.8022,348.148,328.9989,346.0274,1283.05
2024-12-20 16:00:00,346.0274,348.7759,343.51,346.4711,1283.42
2024-12-20 20:00:00,346.4711,349.02,340.2772,348.9308,1283.79
2024-12-21 00:00:00,348.9308,349.0099,346.6783,347.7964,1284.16
2024-12-21 04:00:00,347.7964,355.1712,347.3576,353.3352,1284.53
2024-12-21 08:00:00,353.3352,353.913,348.8614,350.5599,1284.9
2024-12-21 12:00:00,350.5599,350.6879,343.861,347.9409,1285.27
2024-12-21 16:00:00,347.9409,348.6873,345.3628,347.0171,1285.64
2024-12-21 20:00:00,347.0171,349.8801,344.3659,347.099,1286.01
2024-12-22 00:00:00,347.099,347.7059,344.3996,346.0372,1286.38
2024-12-22 04:00:00,346.0372,346.3641,342.0483,343.2398,1286.75
2024-12-22 08:00:00,343.2398,347.3616,343.142,346.4186,1287.12
2024-12-22 12:00:00,346.4187,347.1776,339.2614,340.2697,1287.49
2024-12-22 16:00:00,340.2696,344.1253,337.8018,338.339,1287.86
2024-12-22 20:00:00,338.339,341.9118,336.1976,339.5866,1288.23
2024-12-23 00:00:00,339.5867,342.6966,334.2357,342.5794,1288.6
2024-12-23 04:00:00,342.5794,344.3591,337.8199,340.3634,1288.97
2024-12-23 08:00:00,340.3634,344.4624,339.0033,342.2486,1289.34
2024-12-23 12:00:00,342.2486,344.0488,332.1205,332.6801,1289.71
2024-12-23 16:00:00,332.6802,336.3321,330.6309,331.9467,1290.08
2024-12-23 20:00:00,331.9467,340.7883,330.0244,338.4992,1290.45
2024-12-24 00:00:00,338.4992,338.5492,333.7669,336.5987,1290.82
2024-12-24 04:00:00,336.5987,337.7357,334.6283,336.1864,1291.19
2024-12-24 08:00:00,336.1865,337.6724,334.7337,336.7765,1291.56
2024-12-24 12:00:00,336.7765,350.7452,335.5724,350.6952,1291.93
2024-12-24 16:00:00,350.6951,354.9835,347.9572,348.1304,1292.3
2024-12-24 20:00:00,348.1441,353.502,346.9129,352.006,1292.6837
2024-12-25 00:00:00,352.006,352.8225,348.6085,349.7438,1293.0537
2024-12-25 04:00:00,349.7301,351.7509,349.019,349.9258,1293.41
2024-12-25 08:00:00,349.9258,354.4887,348.768,349.2953,1293.78
2024-12-25 12:00:00,349.2953,352.6463,348.2621,351.48,1294.15
2024-12-25 16:00:00,351.48,354.3127,350.0544,353.2586,1294.52
2024-12-25 20:00:00,353.2586,355.273,350.947,354.7251,1294.89
2024-12-26 00:00:00,354.7252,356.6806,351.2455,353.1753,1295.26
2024-12-26 04:00:00,353.1753,353.2253,348.5445,348.6259,1295.63
2024-12-26 08:00:00,348.6259,348.862,339.5826,341.4045,1296.0
2024-12-26 12:00:00,341.4045,343.5395,339.7102,342.6427,1296.37
2024-12-26 16:00:00,342.6427,344.7586,340.4577,342.8545,1296.74
2024-12-26 20:00:00,342.8682,342.9617,339.9632,341.7599,1297.1237
2024-12-27 00:00:00,341.7462,344.1226,340.3028,343.9804,1297.48
2024-12-27 04:00:00,343.9804,344.6954,337.6093,339.2958,1297.85
2024-12-27 08:00:00,339.2958,348.0501,339.2458,345.8874,1298.22
2024-12-27 12:00:00,345.8874,346.235,335.3441,337.4014,1298.59
2024-12-27 16:00:00,337.4014,338.9584,333.5207,338.0302,1298.96
2024-12-27 20:00:00,338.0306,338.341,335.6634,336.4213,1299.33
2024-12-28 00:00:00,336.4213,337.9732,335.7885,337.4769,1299.7
2024-12-28 04:00:00,337.4769,338.2586,336.3998,336.7173,1300.07
2024-12-28 08:00:00,336.7173,338.5547,336.42,338.0474,1300.44
2024-12-28 12:00:00,338.0611,340.2001,336.6589,336.964,1300.8237
2024-12-28 16:00:00,336.9502,339.847,336.6939,339.0211,1301.18
2024-12-28 20:00:00,339.0211,341.5907,338.4378,339.9924,1301.55
2024-12-29 00:00:00,339.9924,340.1851,338.1871,339.5372,1301.92
2024-12-29 04:00:00,339.5372,339.9853,338.7702,339.8926,1302.29
2024-12-29 08:00:00,339.8927,340.0977,338.9078,339.0383,1302.66
2024-12-29 12:00:00,339.0383,339.7983,335.3402,337.178,1303.03
2024-12-29 16:00:00,337.1779,337.4697,333.0481,333.9734,1303.4
2024-12-29 20:00:00,333.9734,335.2244,331.7709,334.4205,1303.77
2024-12-30 00:00:00,334.4205,336.3831,333.0531,334.3652,1304.14
2024-12-30 04:00:00,334.3653,335.6198,332.5932,334.3971,1304.51
2024-12-30 08:00:00,334.3972,335.6491,333.4121,335.0803,1304.88
2024-12-30 12:00:00,335.0803,336.3935,326.4941,328.6838,1305.25
2024-12-30 16:00:00,328.6838,337.8451,327.4558,336.8423,1305.62
2024-12-30 20:00:00,336.8423,339.0595,327.8181,331.045,1305.99
2024-12-31 00:00:00,331.045,331.5052,328.2896,330.0373,1306.36
2024-12-31 04:00:00,330.0373,331.98,329.3968,331.2901,1306.73
2024-12-31 08:00:00,331.2901,338.0505,331.1764,336.1846,1307.1
2024-12-31 12:00:00,336.1846,343.4316,336.1346,340.392,1307.47
2024-12-31 16:00:00,340.392,341.0788,332.4133,335.9499,1307.84
2024-12-31 20:00:00,335.9499,336.1983,333.0761,333.8418,1308.21
2025-01-01 00:00:00,333.8418,337.2219,333.4816,334.7767,1308.58
2025-01-01 04:00:00,334.7767,335.1804,333.5207,334.2275,1308.95
2025-01-01 08:00:00,334.2275,334.5341,331.3373,333.3732,1309.32
2025-01-01 12:00:00,333.3732,337.1883,333.1892,336.8991,1309.69
2025-01-01 16:00:00,336.8991,338.3433,334.4516,337.5916,1310.06
2025-01-01 20:00:00,337.5917,339.5113,337.2381,337.4658,1310.43
2025-01-02 00:00:00,337.4657,340.813,336.703,338.959,1310.8
2025-01-02 04:00:00,338.959,342.5397,338.818,341.8547,1311.17
2025-01-02 08:00:00,341.8547,345.6663,341.1555,345.1047,1311.54
2025-01-02 12:00:00,345.1048,347.6803,342.1707,344.113,1311.91
2025-01-02 16:00:00,344.113,348.8793,342.5825,347.1909,1312.28
2025-01-02 20:00:00,347.1909,349.1023,344.8181,346.003,1312.65
2025-01-03 00:00:00,346.003,347.329,344.7586,346.2796,1313.02
2025-01-03 04:00:00,346.2796,346.3434,343.4409,343.5743,1313.39
2025-01-03 08:00:00,343.5743,345.5008,342.7965,345.1924,1313.76
2025-01-03 12:00:00,345.1924,348.4619,344.1251,347.9173,1314.13
2025-01-03 16:00:00,347.9173,353.1601,347.4577,351.737,1314.5
2025-01-03 20:00:00,351.737,352.3435,349.8175,350.2463,1314.87
2025-01-04 00:00:00,350.2463,350.7957,348.8614,350.3384,1315.24
2025-01-04 04:00:00,350.3385,350.9237,349.0857,350.5949,1315.61
2025-01-04 08:00:00,350.5948,350.7674,347.9073,349.2303,1315.98
2025-01-04 12:00:00,349.2303,350.2172,347.8439,348.4046,1316.35
2025-01-04 16:00:00,348.4046,350.9236,347.9694,350.2181,1316.72
2025-01-04 20:00:00,350.2181,352.452,350.0858,350.4116,1317.09
2025-01-05 00:00:00,350.4116,351.0719,349.7533,350.2955,1317.46
2025-01-05 04:00:00,350.2955,351.5399,350.2455,350.5838,1317.83
2025-01-05 08:00:00,350.5838,350.6338,348.1479,348.3464,1318.2
2025-01-05 12:00:00,348.3463,350.6806,346.9948,349.7283,1318.57
2025-01-05 16:00:00,349.7283,350.8613,348.0674,349.909,1318.94
2025-01-05 20:00:00,349.909,352.6604,349.6605,350.9221,1319.31
2025-01-06 00:00:00,350.9221,354.4305,349.2895,353.3265,1319.68
2025-01-06 04:00:00,353.3265,356.4248,353.2765,354.3295,1320.05
2025-01-06 08:00:00,354.3295,355.4747,352.1053,354.12,1320.42
2025-01-06 12:00:00,354.12,365.6182,352.1148,364.4231,1320.79
2025-01-06 16:00:00,364.4231,365.6578,361.1696,363.2432,1321.16
2025-01-06 20:00:00,363.2432,365.1225,362.4184,364.7358,1321.53
2025-01-07 00:00:00,364.7358,366.5296,362.1076,362.8539,1321.9
2025-01-07 04:00:00,362.8539,363.9989,362.3569,362.6995,1322.27
2025-01-07 08:00:00,362.6995,363.9298,358.3956,359.7243,1322.64
2025-01-07 12:00:00,359.7243,360.2352,346.5549,349.4546,1323.01
2025-01-07 16:00:00,349.4546,350.9157,343.5944,344.1022,1323.38
2025-01-07 20:00:00,344.1022,346.8949,343.0883,345.8954,1323.75
2025-01-08 00:00:00,345.8953,347.0657,343.2133,344.3634,1324.12
2025-01-08 04:00:00,344.3634,344.8751,339.7667,341.2663,1324.49
2025-01-08 08:00:00,341.2663,343.0123,337.2448,339.4034,1324.86
2025-01-08 12:00:00,339.4034,342.8227,337.5322,340.6837,1325.23
2025-01-08 16:00:00,340.6837,340.953,329.9563,336.2246,1325.6
2025-01-08 20:00:00,336.2246,340.0814,333.8775,339.1383,1325.97
2025-01-09 00:00:00,339.1383,340.3361,333.2456,335.454,1326.34
2025-01-09 04:00:00,335.4541,337.6115,332.4018,332.5774,1326.71
2025-01-09 08:00:00,332.5774,334.9673,330.845,333.4467,1327.08
2025-01-09 12:00:00,333.4467,337.5031,327.4558,336.2251,1327.45
2025-01-09 16:00:00,336.2251,337.8492,327.8126,327.8967,1327.82
2025-01-09 20:00:00,327.8967,330.8404,325.3283,330.1904,1328.19
2025-01-10 00:00:00,330.1904,334.4335,329.7095,334.2704,1328.56
2025-01-10 04:00:00,334.2704,338.9721,333.5207,337.112,1328.93
2025-01-10 08:00:00,337.112,340.0188,336.6905,339.1859,1329.3
2025-01-10 12:00:00,339.1859,339.3904,328.9043,334.3945,1329.67
2025-01-10 16:00:00,334.3946,341.9546,332.3698,340.0889,1330.04
2025-01-10 20:00:00,340.089,340.5495,337.3952,337.945,1330.41
2025-01-11 00:00:00,337.9449,338.0672,335.6844,336.0928,1330.78
2025-01-11 04:00:00,336.0928,336.9809,334.7042,336.2334,1331.15
2025-01-11 08:00:00,336.2334,338.2289,335.4159,337.5866,1331.52
2025-01-11 12:00:00,337.5866,337.742,336.4006,336.8181,1331.89
2025-01-11 16:00:00,336.8181,337.9308,335.2494,336.2438,1332.26
2025-01-11 20:00:00,336.2438,339.1538,336.0212,337.495,1332.63
2025-01-12 00:00:00,337.495,337.8983,336.364,337.575,1333.0
2025-01-12 04:00:00,337.575,337.7234,336.2821,336.5099,1333.37
2025-01-12 08:00:00,336.5099,336.8086,334.2741,336.2646,1333.74
2025-01-12 12:00:00,336.2646,340.5779,335.9234,339.1786,1334.11
2025-01-12 16:00:00,339.1786,340.0928,337.3685,337.6744,1334.48
2025-01-12 20:00:00,337.6744,338.2586,334.591,337.2991,1334.85
2025-01-13 00:00:00,337.2991,342.3256,334.9477,336.315,1335.22
2025-01-13 04:00:00,336.315,338.6618,332.7394,333.8926,1335.59
2025-01-13 08:00:00,333.8926,334.197,324.0063,324.1209,1335.96
2025-01-13 12:00:00,324.1209,332.1937,318.3823,328.6608,1336.33
2025-01-13 16:00:00,328.6608,330.1748,325.4936,329.333,1336.7
2025-01-13 20:00:00,329.333,337.9987,327.8418,337.2671,1337.07
2025-01-14 00:00:00,337.2671,339.9739,336.5397,338.4276,1337.44
2025-01-14 04:00:00,338.4276,340.63,337.9924,338.4369,1337.81
2025-01-14 08:00:00,338.4369,347.4309,338.373,344.4449,1338.18
2025-01-14 12:00:00,344.4449,347.0544,341.544,344.1724,1338.55
2025-01-14 16:00:00,344.1724,346.4233,340.127,344.4084,1338.92
2025-01-14 20:00:00,344.4063,345.8259,342.9831,344.4906,1339.29
2025-01-15 00:00:00,344.4906,348.086,344.2235,347.1887,1339.66
2025-01-15 04:00:00,347.1887,348.6937,345.1154,347.1324,1340.03
2025-01-15 08:00:00,347.1324,347.9767,344.2984,345.2089,1340.4
2025-01-15 12:00:00,345.2089,356.0965,344.3654,353.1655,1340.77
2025-01-15 16:00:00,353.1655,356.7744,351.7228,356.2068,1341.14
2025-01-15 20:00:00,356.2068,359.243,354.7865,358.5345,1341.51
2025-01-16 00:00:00,358.5345,359.902,353.749,354.8979,1341.88
2025-01-16 04:00:00,354.898,356.5313,354.2919,356.0465,1342.25
2025-01-16 08:00:00,356.0466,356.1679,351.7781,353.7587,1342.62
2025-01-16 12:00:00,353.7587,355.0903,347.2029,354.2491,1342.99
2025-01-16 16:00:00,354.2491,358.411,353.4245,358.2485,1343.36
2025-01-16 20:00:00,358.2485,359.1005,354.4875,356.7148,1343.73
2025-01-17 00:00:00,356.7148,364.4738,356.5345,360.5123,1344.1
2025-01-17 04:00:00,360.5123,363.5867,360.1068,361.8992,1344.47
2025-01-17 08:00:00,361.8993,366.0197,361.8466,364.743,1344.84
2025-01-17 12:00:00,364.743,371.9874,364.5442,371.0305,1345.21
2025-01-17 16:00:00,371.0305,377.7349,370.4139,377.5768,1345.58
2025-01-17 20:00:00,377.5768,377.6699,371.2133,371.3069,1345.95
2025-01-18 00:00:00,371.3069,373.424,367.4138,369.4601,1346.32
2025-01-18 04:00:00,369.4601,370.2643,365.9947,366.827,1346.69
2025-01-18 08:00:00,366.827,370.6631,364.8355,369.5653,1347.06
2025-01-18 12:00:00,369.5653,374.6084,367.797,373.0603,1347.43
2025-01-18 16:00:00,373.0603,373.6466,367.9695,372.3934,1347.8
2025-01-18 20:00:00,372.3933,373.7562,370.1437,373.0149,1348.17
2025-01-19 00:00:00,373.0149,376.284,371.0287,374.5411,1348.54
2025-01-19 04:00:00,374.5411,376.9128,371.6626,375.1943,1348.91
2025-01-19 08:00:00,375.1943,376.4177,369.0208,372.3264,1349.28
2025-01-19 12:00:00,372.3264,377.1685,372.0535,374.371,1349.65
2025-01-19 16:00:00,374.371,378.9319,372.8357,378.8792,1350.02
2025-01-19 20:00:00,378.8792,379.7228,355.4672,361.5106,1350.39
2025-01-20 00:00:00,361.5106,365.092,355.1047,363.5098,1350.76
2025-01-20 04:00:00,363.5098,391.0163,362.1874,382.1637,1351.13
2025-01-20 08:00:00,382.1637,389.6079,382.0163,386.1542,1351.5
2025-01-20 12:00:00,386.1542,387.8483,372.693,374.4482,1351.87
2025-01-20 16:00:00,374.4482,381.9617,357.8981,369.9304,1352.24
2025-01-20 20:00:00,369.9304,372.2614,362.7786,364.8229,1352.61
2025-01-21 00:00:00,364.8229,368.4408,357.1348,367.2346,1352.98
2025-01-21 04:00:00,367.2346,367.4206,360.6761,363.8562,1353.35
2025-01-21 08:00:00,363.8563,370.9843,362.9207,370.168,1353.72
2025-01-21 12:00:00,370.168,375.7897,366.7116,370.8272,1354.09
2025-01-21 16:00:00,370.8271,382.6424,370.3455,381.8451,1354.46
2025-01-21 20:00:00,381.8451,382.4968,376.0465,378.6788,1354.83
2025-01-22 00:00:00,378.6788,379.623,376.1499,376.7387,1355.2
2025-01-22 04:00:00,376.7387,378.0445,374.7047,374.9005,1355.57
2025-01-22 08:00:00,374.9005,376.3064,373.2914,374.9563,1355.94
2025-01-22 12:00:00,374.9562,376.7324,369.7767,371.6727,1356.31
2025-01-22 16:00:00,371.6727,373.7728,368.6228,373.2781,1356.68
2025-01-22 20:00:00,373.2781,374.042,369.5951,369.984,1357.05
2025-01-23 00:00:00,369.984,370.4383,364.2021,365.5409,1357.42
2025-01-23 04:00:00,365.5408,367.3999,362.3309,366.4293,1357.79
2025-01-23 08:00:00,366.4293,366.5316,361.2134,363.6973,1358.16
2025-01-23 12:00:00,363.6973,378.3972,361.2824,375.5382,1358.53
2025-01-23 16:00:00,375.5382,381.2482,368.8399,370.2101,1358.9
2025-01-23 20:00:00,370.2101,379.7178,364.5435,370.7106,1359.27
2025-01-24 00:00:00,370.7107,372.1437,366.521,370.6443,1359.64
2025-01-24 04:00:00,370.6443,375.9146,370.284,374.7651,1360.01
2025-01-24 08:00:00,374.765,377.3559,374.2713,376.0969,1360.38
2025-01-24 12:00:00,376.0969,379.3633,373.3678,377.6662,1360.75
2025-01-24 16:00:00,377.6662,382.2114,376.6494,377.3128,1361.12
2025-01-24 20:00:00,377.3128,377.4344,372.6105,374.1361,1361.49
2025-01-25 00:00:00,374.1361,375.65,372.2716,375.3202,1361.86
2025-01-25 04:00:00,375.3202,375.3702,371.754,372.4075,1362.23
2025-01-25 08:00:00,372.4076,373.5779,371.359,373.4243,1362.6
2025-01-25 12:00:00,373.4243,375.0445,372.6073,374.2335,1362.97
2025-01-25 16:00:00,374.2335,375.6703,372.585,374.7949,1363.34
2025-01-25 20:00:00,374.7949,375.54,373.4636,373.695,1363.71
2025-01-26 00:00:00,373.695,375.6229,372.7775,374.8208,1364.08
2025-01-26 04:00:00,374.8208,376.4319,374.3697,374.5922,1364.45
2025-01-26 08:00:00,374.5923,375.4378,372.5646,373.9513,1364.82
2025-01-26 12:00:00,373.9512,375.098,373.4906,374.4804,1365.19
2025-01-26 16:00:00,374.4805,375.577,374.1771,374.8893,1365.56
2025-01-26 20:00:00,374.8894,375.3616,365.702,366.1072,1365.93
2025-01-27 00:00:00,366.1073,368.4405,359.2807,361.7392,1366.3
2025-01-27 04:00:00,361.7392,361.8047,348.7821,353.3638,1366.67
2025-01-27 08:00:00,353.3638,355.1452,350.5149,352.3403,1367.04
2025-01-27 12:00:00,352.3403,365.0796,352.1232,360.7274,1367.41
2025-01-27 16:00:00,360.7274,361.2716,352.6573,355.6899,1367.78
2025-01-27 20:00:00,355.6899,365.3902,355.3061,364.1908,1368.15
2025-01-28 00:00:00,364.1908,367.1276,361.4712,366.1654,1368.52
2025-01-28 04:00:00,366.1654,368.8373,365.7268,366.7127,1000.0
2025-01-28 08:00:00,366.7127,368.1616,365.2507,366.6139,1000.37
2025-01-28 12:00:00,366.6139,370.367,363.1862,366.6709,1000.74
2025-01-28 16:00:00,366.6709,367.8982,363.2037,365.4088,1001.11
2025-01-28 20:00:00,365.4088,365.8647,357.6829,361.5247,1001.48
2025-01-29 00:00:00,361.5247,365.0858,361.4479,364.0316,1001.85
2025-01-29 04:00:00,364.0316,366.9904,363.6866,366.5918,1002.22
2025-01-29 08:00:00,366.5917,367.5129,364.4898,366.2,1002.59
2025-01-29 12:00:00,366.2,366.9494,362.3554,363.8267,1002.96
2025-01-29 16:00:00,363.8267,371.0769,361.7048,369.5464,1003.33
2025-01-29 20:00:00,369.5464,373.8728,366.942,370.0788,1003.7
2025-01-30 00:00:00,370.0789,375.7184,368.4066,375.2974,1004.07
2025-01-30 04:00:00,375.2974,376.7737,373.8334,375.0693,1004.44
2025-01-30 08:00:00,375.0693,376.5532,374.2815,375.6706,1004.81
2025-01-30 12:00:00,375.6706,379.8477,373.3351,376.6102,1005.18
2025-01-30 16:00:00,376.6102,378.2621,373.7011,377.1356,1005.55
2025-01-30 20:00:00,377.1357,377.5793,373.4558,373.6097,1005.92
2025-01-31 00:00:00,373.6097,374.7541,370.7311,372.2594,1006.29
2025-01-31 04:00:00,372.2594,373.9862,370.8811,371.7032,1006.66
2025-01-31 08:00:00,371.7033,374.1082,370.7541,373.6563,1007.03
2025-01-31 12:00:00,373.6563,378.2585,371.3587,376.2535,1007.4
2025-01-31 16:00:00,376.2535,376.6973,364.2806,365.0095,1007.77
2025-01-31 20:00:00,365.0095,365.6682,362.2756,365.4278,1008.14
2025-02-01 00:00:00,365.4278,366.7413,364.5535,364.7843,1008.51
2025-02-01 04:00:00,364.7843,366.0451,364.2683,364.4893,1008.88
2025-02-01 08:00:00,364.4893,364.9335,361.7476,363.9981,1009.25
2025-02-01 12:00:00,363.9981,365.1191,362.8849,364.1589,1009.62
2025-02-01 16:00:00,364.1589,365.0084,361.876,362.7166,1009.99
2025-02-01 20:00:00,362.7166,362.7666,357.7073,359.0279,1010.36
2025-02-02 00:00:00,359.0279,362.0067,353.6738,353.9305,1010.73
2025-02-02 04:00:00,353.9305,358.651,353.2538,355.4875,1011.1
2025-02-02 08:00:00,355.4875,357.1669,351.876,352.7095,1011.47
2025-02-02 12:00:00,352.7095,354.8089,350.135,354.43,1011.84
2025-02-02 16:00:00,354.43,354.5339,345.3706,350.5994,1012.21
2025-02-02 20:00:00,350.6817,352.0002,343.057,348.6389,1012.6622
2025-02-03 00:00:00,348.5567,348.9,325.4258,335.4927,1012.95
2025-02-03 04:00:00,335.4927,340.4941,330.4753,340.1101,1013.32
2025-02-03 08:00:00,340.1101,342.3637,338.156,339.307,1013.69
2025-02-03 12:00:00,339.307,355.0263,335.7724,352.6288,1014.06
2025-02-03 16:00:00,352.6288,363.5172,349.7125,363.4672,1014.43
2025-02-03 20:00:00,363.4672,365.7291,359.9852,361.4997,1014.8
2025-02-04 00:00:00,361.4997,362.9903,358.6153,359.0066,1015.17
2025-02-04 04:00:00,359.0066,359.5361,350.3948,351.2233,1015.54
2025-02-04 08:00:00,351.2232,354.8307,349.0754,353.0773,1015.91
2025-02-04 12:00:00,353.0773,358.2907,350.5595,354.4311,1016.28
2025-02-04 16:00:00,354.4311,359.5854,352.3526,352.6922,1016.65
2025-02-04 20:00:00,352.6923,354.8266,342.9748,348.7798,1017.02
2025-02-05 00:00:00,348.7799,352.9943,346.4762,349.7676,1017.39
2025-02-05 04:00:00,349.7676,350.8608,347.2658,349.1412,1017.76
2025-02-05 08:00:00,349.1412,350.5882,346.9244,350.3313,1018.13
2025-02-05 12:00:00,350.3313,353.7741,348.6284,350.0396,1018.5
2025-02-05 16:00:00,350.0396,350.6632,344.2235,347.3773,1018.87
2025-02-05 20:00:00,347.3773,348.6273,342.9927,344.6746,1019.24
2025-02-06 00:00:00,344.6746,347.8664,343.9766,347.3262,1019.61
2025-02-06 04:00:00,347.3262,351.2326,346.9838,350.3228,1019.98
2025-02-06 08:00:00,350.3227,353.6706,349.2539,352.7572,1020.35
2025-02-06 12:00:00,352.7572,353.3855,345.7582,347.2456,1020.72
2025-02-06 16:00:00,347.2456,348.0613,341.2861,342.4291,1021.09
2025-02-06 20:00:00,342.429,346.4409,341.7262,344.4674,1021.46
2025-02-07 00:00:00,344.4674,348.9814,343.9012,347.6415,1021.83
2025-02-07 04:00:00,347.6415,349.2579,344.459,345.1906,1022.2
2025-02-07 08:00:00,345.1905,348.783,344.6275,348.733,1022.57
2025-02-07 12:00:00,348.7467,357.3161,346.6115,350.6517,1022.9537
2025-02-07 16:00:00,350.638,351.6854,345.4963,345.6954,1023.31
2025-02-07 20:00:00,345.6954,345.9079,341.0852,344.2978,1023.68
2025-02-08 00:00:00,344.2978,345.6792,343.6363,344.9843,1024.05
2025-02-08 04:00:00,344.9843,345.0343,341.673,343.2386,1024.42
2025-02-08 08:00:00,343.2386,343.5867,341.9606,342.9178,1024.79
2025-02-08 12:00:00,342.9178,344.386,341.3266,341.9322,1025.16
2025-02-08 16:00:00,341.9322,345.2154,341.5474,344.5589,1025.53
2025-02-08 20:00:00,344.5589,345.0798,343.7187,344.0764,1025.9
2025-02-09 00:00:00,344.0764,347.1776,343.7245,347.1276,1026.27
2025-02-09 04:00:00,347.1275,347.26,345.2145,346.2636,1026.64
2025-02-09 08:00:00,346.2636,347.1578,344.259,344.4662,1027.01
2025-02-09 12:00:00,344.4662,345.0513,341.3694,344.2312,1027.38
2025-02-09 16:00:00,344.2312,344.5654,342.0433,342.7207,1027.75
2025-02-09 20:00:00,342.7206,345.2511,337.8482,344.1406,1028.12
2025-02-10 00:00:00,344.1406,346.5763,339.7854,345.3972,1028.49
2025-02-10 04:00:00,345.3972,348.3906,344.6973,347.5908,1028.86
2025-02-10 08:00:00,347.5908,349.5133,347.2873,348.4161,1029.23
2025-02-10 12:00:00,348.416,350.9057,345.5316,346.8375,1029.6
2025-02-10 16:00:00,346.8375,348.4023,345.5306,347.3987,1029.97
2025-02-10 20:00:00,347.3987,347.858,346.4668,347.5943,1030.34
2025-02-11 00:00:00,347.5943,350.2098,347.4936,348.2239,1030.71
2025-02-11 04:00:00,348.2239,351.3817,348.0016,350.5845,1031.08
2025-02-11 08:00:00,350.5845,350.8522,349.1668,350.1655,1031.45
2025-02-11 12:00:00,350.1654,350.2418,344.5636,346.0842,1031.82
2025-02-11 16:00:00,346.0842,346.2697,338.4329,339.0677,1032.19
2025-02-11 20:00:00,339.0677,344.3688,338.6169,341.6984,1032.56
2025-02-12 00:00:00,341.6984,343.4815,339.2289,339.9898,1032.93
2025-02-12 04:00:00,339.9898,343.2128,339.8272,342.7379,1033.3
2025-02-12 08:00:00,342.7379,344.2157,342.1311,342.8274,1033.67
2025-02-12 12:00:00,342.8274,344.7932,335.6193,341.8339,1034.04
2025-02-12 16:00:00,341.8339,348.6046,339.3013,346.7889,1034.41
2025-02-12 20:00:00,346.7889,350.103,345.4899,349.1611,1034.78
2025-02-13 00:00:00,349.1611,349.9743,347.3182,347.8355,1035.15
2025-02-13 04:00:00,347.8355,348.1224,341.7262,342.7403,1035.52
2025-02-13 08:00:00,342.7403,343.7384,341.0111,342.2225,1035.89
2025-02-13 12:00:00,342.2226,344.2524,340.0708,342.4826,1036.26
2025-02-13 16:00:00,342.4826,343.8297,339.6476,341.1617,1036.63
2025-02-13 20:00:00,341.1617,345.3036,341.0127,344.6593,1037.0
2025-02-14 00:00:00,344.6593,346.7851,343.7112,346.521,1037.37
2025-02-14 04:00:00,346.521,346.9942,344.4424,345.8578,1037.74
2025-02-14 08:00:00,345.8578,346.8066,345.2937,345.6562,1038.11
2025-02-14 12:00:00,345.6561,348.1347,343.3417,345.7876,1038.48
2025-02-14 16:00:00,345.7882,352.6217,344.2027,349.4125,1038.85
2025-02-14 20:00:00,349.4124,350.6198,344.9283,347.8428,1039.22
2025-02-15 00:00:00,347.8428,349.5759,346.8049,348.3876,1039.59
2025-02-15 04:00:00,348.3876,348.8926,347.2399,347.2926,1039.96
2025-02-15 08:00:00,347.2927,348.7155,347.0839,348.2535,1040.33
2025-02-15 12:00:00,348.2535,349.5412,347.5291,348.3164,1040.7
2025-02-15 16:00:00,348.3163,348.656,347.0932,347.9549,1041.07
2025-02-15 20:00:00,347.9549,348.7521,347.4845,348.0896,1041.44
2025-02-16 00:00:00,348.0897,348.6206,347.474,348.0094,1041.81
2025-02-16 04:00:00,348.0094,348.5405,346.7636,346.9456,1042.18
2025-02-16 08:00:00,346.9456,347.4947,346.227,347.256,1042.55
2025-02-16 12:00:00,347.256,347.306,344.7421,345.7398,1042.92
2025-02-16 16:00:00,345.7398,346.7108,344.6125,346.2659,1043.29
2025-02-16 20:00:00,346.2659,347.1147,342.6045,342.9111,1043.66
2025-02-17 00:00:00,342.9111,344.816,342.5224,343.2579,1044.03
2025-02-17 04:00:00,343.2579,344.1922,341.7262,342.7331,1044.4
2025-02-17 08:00:00,342.733,343.9513,342.2151,342.7151,1044.77
2025-02-17 12:00:00,342.7151,346.2735,340.8842,341.2748,1045.14
2025-02-17 16:00:00,341.2748,342.3452,339.6035,340.8178,1045.51
2025-02-17 20:00:00,340.8178,344.0147,340.6163,341.7048,1045.88
2025-02-18 00:00:00,341.7049,343.6919,340.7915,343.2032,1046.25
2025-02-18 04:00:00,343.2032,343.6126,339.7787,340.5522,1046.62
2025-02-18 08:00:00,340.5522,342.0837,339.0505,341.2066,1046.99
2025-02-18 12:00:00,341.2066,345.2294,339.5856,340.8717,1047.36
2025-02-18 16:00:00,340.8718,341.2309,333.1214,335.726,1047.73
2025-02-18 20:00:00,335.7261,341.4159,334.3438,341.3186,1048.1
2025-02-19 00:00:00,341.3186,342.4025,339.0683,341.456,1048.47
2025-02-19 04:00:00,341.456,341.9908,338.9791,341.3756,1048.84
2025-02-19 08:00:00,341.3756,344.2129,341.0719,343.9974,1049.21
2025-02-19 12:00:00,343.9974,345.037,340.7856,342.289,1049.58
2025-02-19 16:00:00,342.289,344.2521,340.3256,343.2266,1049.95
2025-02-19 20:00:00,343.2266,345.7505,342.648,344.7886,1050.32
2025-02-20 00:00:00,344.7886,347.4017,343.9206,346.2544,1050.69
2025-02-20 04:00:00,346.2544,347.3171,345.228,345.5861,1051.06
2025-02-20 08:00:00,345.5861,347.4774,345.2995,346.7991,1051.43
2025-02-20 12:00:00,346.7991,349.8966,345.2917,345.714,1051.8
2025-02-20 16:00:00,345.714,351.5229,345.6077,351.1333,1052.17
2025-02-20 20:00:00,351.1333,352.2128,349.5749,350.713,1052.54
2025-02-21 00:00:00,350.7131,351.4765,349.8748,350.1315,1052.91
2025-02-21 04:00:00,350.1315,351.8517,349.9949,350.2662,1053.28
2025-02-21 08:00:00,350.2663,352.8744,349.9713,351.87,1053.65
2025-02-21 12:00:00,351.87,354.9371,346.6399,349.9961,1054.02
2025-02-21 16:00:00,349.9961,352.3756,339.7538,339.9393,1054.39
2025-02-21 20:00:00,339.9393,343.2628,338.4153,343.1389,1054.76
2025-02-22 00:00:00,343.139,344.1664,341.6209,343.5567,1055.13
2025-02-22 04:00:00,343.5567,344.6053,343.4167,343.5175,1055.5
2025-02-22 08:00:00,343.5175,344.7214,342.9784,344.5589,1055.87
2025-02-22 12:00:00,344.5589,346.0359,344.1713,344.6017,1056.24
2025-02-22 16:00:00,344.6018,345.4777,343.6723,344.7729,1056.61
2025-02-22 20:00:00,344.773,345.037,344.1244,344.4555,1056.98
2025-02-23 00:00:00,344.4555,344.8586,343.7068,343.9667,1057.35
2025-02-23 04:00:00,343.9667,344.5305,342.9534,344.3051,1057.72
2025-02-23 08:00:00,344.3051,344.3551,342.737,342.9035,1058.09
2025-02-23 12:00:00,342.9035,343.1052,340.35,340.4782,1058.46
2025-02-23 16:00:00,340.4783,342.0973,339.6853,341.6192,1058.83
2025-02-23 20:00:00,341.6192,343.7257,340.7372,343.4101,1059.2
2025-02-24 00:00:00,343.4101,344.3235,339.9816,340.4676,1059.57
2025-02-24 04:00:00,340.4676,342.3435,339.1504,342.0331,1059.94
2025-02-24 08:00:00,342.0331,343.1718,340.1386,341.8527,1060.31
2025-02-24 12:00:00,341.8527,342.8798,334.6518,336.5102,1060.68
2025-02-24 16:00:00,336.5239,339.68,334.1274,335.1667,1061.0637
2025-02-24 20:00:00,335.153,337.4431,325.8477,326.6242,1061.42
2025-02-25 00:00:00,326.6242,330.1983,324.2878,328.7685,1061.79
2025-02-25 04:00:00,328.7685,329.439,314.6124,318.6582,1062.16
2025-02-25 08:00:00,318.6582,321.1341,309.9321,318.3705,1062.53
2025-02-25 12:00:00,318.3705,319.5087,306.9456,311.2063,1062.9
2025-02-25 16:00:00,311.2077,314.2324,307.3263,313.7607,1063.27
2025-02-25 20:00:00,313.7607,319.2082,312.5526,316.3763,1063.64
2025-02-26 00:00:00,316.3763,319.044,314.4286,317.1597,1064.01
2025-02-26 04:00:00,317.1598,318.4416,315.299,316.5176,1064.38
2025-02-26 08:00:00,316.5176,318.6883,314.3912,316.1494,1064.75
2025-02-26 12:00:00,316.1494,316.4035,304.6899,312.406,1065.12
2025-02-26 16:00:00,312.406,313.309,297.5521,299.1683,1065.49
2025-02-26 20:00:00,299.1682,304.7231,293.4066,300.5707,1065.86
2025-02-27 00:00:00,300.5707,304.9606,299.7247,304.0535,1066.23
2025-02-27 04:00:00,304.0535,309.493,302.1054,307.7841,1066.6
2025-02-27 08:00:00,307.7841,310.7112,306.2174,309.306,1066.97
2025-02-27 12:00:00,309.306,309.7031,301.9144,305.0329,1067.34
2025-02-27 16:00:00,305.0329,305.7631,298.2541,300.0851,1067.71
2025-02-27 20:00:00,300.0851,303.0387,295.0494,302.2064,1068.08
2025-02-28 00:00:00,302.2064,302.9138,283.6884,287.0222,1068.45
2025-02-28 04:00:00,287.0238,288.9176,281.1485,282.5704,1068.82
2025-02-28 08:00:00,282.5704,288.5065,279.1452,287.2396,1069.19
2025-02-28 12:00:00,287.2382,301.2479,285.6273,299.6965,1069.56
2025-02-28 16:00:00,299.6965,303.7242,296.7627,301.2839,1069.93
2025-02-28 20:00:00,301.2839,302.5648,298.2014,300.9269,1070.3
2025-03-01 00:00:00,300.927,305.7153,299.0034,304.4264,1070.67
2025-03-01 04:00:00,304.4264,308.8544,302.269,302.319,1071.04
2025-03-01 08:00:00,302.3191,305.1112,300.9935,301.936,1071.41
2025-03-01 12:00:00,301.936,303.093,300.8215,302.5326,1071.78
2025-03-01 16:00:00,302.5326,305.4075,302.1258,304.9778,1072.15
2025-03-01 20:00:00,304.9778,307.801,304.216,307.0439,1072.52
2025-03-02 00:00:00,307.0439,308.6404,305.3787,306.3609,1072.89
2025-03-02 04:00:00,306.3608,308.9685,305.0936,307.6429,1073.26
2025-03-02 08:00:00,307.6429,307.8028,305.4548,307.1915,1073.63
2025-03-02 12:00:00,307.1914,316.4002,303.3766,311.9082,1074.0
2025-03-02 16:00:00,311.9082,338.9721,311.3249,333.6492,1074.37
2025-03-02 20:00:00,333.6492,338.5565,333.5278,336.3178,1074.74
2025-03-03 00:00:00,336.3177,336.8903,329.7159,330.7522,1075.11
2025-03-03 04:00:00,330.7522,333.1264,325.2474,329.5164,1075.48
2025-03-03 08:00:00,329.5164,331.5443,325.1083,330.8593,1075.85
2025-03-03 12:00:00,330.8593,334.4105,317.8839,321.2103,1076.22
2025-03-03 16:00:00,321.2103,324.7017,305.1777,305.4081,1076.59
2025-03-03 20:00:00,305.4081,310.5685,303.6139,307.6007,1076.96
2025-03-04 00:00:00,307.6027,309.7462,294.1516,299.6204,1077.33
2025-03-04 04:00:00,299.6204,301.8034,296.5604,296.7759,1077.7
2025-03-04 08:00:00,296.7759,301.0622,296.2046,299.4571,1078.07
2025-03-04 12:00:00,299.457,303.2164,290.7095,296.0576,1078.44
2025-03-04 16:00:00,296.0576,315.7396,292.5401,314.6845,1078.81
2025-03-04 20:00:00,314.6845,317.4506,308.841,311.3873,1079.18
2025-03-05 00:00:00,311.3873,313.6025,307.9572,309.8226,1079.55
2025-03-05 04:00:00,309.8226,313.0259,309.3424,312.5914,1079.92
2025-03-05 08:00:00,312.5914,323.4887,312.4719,320.4214,1080.29
2025-03-05 12:00:00,320.4214,324.4656,313.6351,315.177,1080.66
2025-03-05 16:00:00,315.177,322.8298,312.4719,320.1922,1081.03
2025-03-05 20:00:00,320.1922,324.7017,319.8846,323.2461,1081.4
2025-03-06 00:00:00,323.2461,328.3585,320.9868,326.8101,1081.77
2025-03-06 04:00:00,326.8102,331.1613,325.5505,325.8878,1082.14
2025-03-06 08:00:00,325.8878,327.0831,323.2216,325.9004,1082.51
2025-03-06 12:00:00,325.9004,326.3322,317.8863,324.012,1082.88
2025-03-06 16:00:00,324.012,324.9387,313.3138,315.8261,1083.25
2025-03-06 20:00:00,315.8263,323.9211,315.5443,320.8411,1083.62
2025-03-07 00:00:00,320.8411,325.7114,302.0082,310.3501,1083.99
2025-03-07 04:00:00,310.3501,316.1857,309.8216,315.2517,1084.36
2025-03-07 08:00:00,315.2517,320.0781,313.8464,317.3986,1084.73
2025-03-07 12:00:00,317.3986,325.0585,313.9791,315.5828,1085.1
2025-03-07 16:00:00,315.5828,317.65,308.7429,313.3071,1085.47
2025-03-07 20:00:00,313.307,315.8219,305.2406,309.674,1085.84
2025-03-08 00:00:00,309.674,310.0647,303.9755,306.5251,1086.21
2025-03-08 04:00:00,306.5251,309.2254,305.5281,307.517,1086.58
2025-03-08 08:00:00,307.517,308.4691,305.9172,306.6563,1086.95
2025-03-08 12:00:00,306.6563,309.1024,306.0816,308.2407,1087.32
2025-03-08 16:00:00,308.2407,308.6475,305.557,307.6468,1087.69
2025-03-08 20:00:00,307.6468,308.6475,306.2361,307.6073,1088.06
2025-03-09 00:00:00,307.6073,308.6475,306.5491,307.2265,1088.43
2025-03-09 04:00:00,307.2265,307.4303,306.084,306.8301,1088.8
2025-03-09 08:00:00,306.8301,307.2133,301.8583,303.3317,1089.17
2025-03-09 12:00:00,303.3317,303.5042,295.0316,296.3978,1089.54
2025-03-09 16:00:00,296.3977,298.8659,293.2889,294.8296,1089.91
2025-03-09 20:00:00,294.8296,298.0862,285.3581,288.028,1090.28
2025-03-10 00:00:00,288.0284,295.2476,285.4923,292.7127,1090.65
2025-03-10 04:00:00,292.7127,295.4401,292.4122,293.6805,1091.02
2025-03-10 08:00:00,293.6806,300.1689,289.4644,298.1872,1091.39
2025-03-10 12:00:00,298.2009,298.9286,282.4358,285.5782,1091.7737
2025-03-10 16:00:00,285.5782,286.3637,276.3098,282.0712,1092.1437
2025-03-10 20:00:00,282.0575,285.0515,279.6835,280.3987,1092.5
2025-03-11 00:00:00,280.3987,285.2379,273.2496,283.7038,1092.87
2025-03-11 04:00:00,283.7038,287.6518,283.3599,286.9241,1093.24
2025-03-11 08:00:00,286.9241,292.9227,286.5183,291.5456,1093.61
2025-03-11 12:00:00,291.5455,293.3967,281.9974,289.8042,1093.98
2025-03-11 16:00:00,289.8042,298.3635,287.5342,296.482,1094.35
2025-03-11 20:00:00,296.482,297.2557,294.4573,295.8718,1094.72
2025-03-12 00:00:00,295.8718,298.9552,292.8522,292.9989,1095.09
2025-03-12 04:00:00,292.999,294.525,289.9817,294.1408,1095.46
2025-03-12 08:00:00,294.1408,296.4348,292.4943,296.1268,1095.83
2025-03-12 12:00:00,296.1268,301.6545,287.5259,291.612,1096.2
2025-03-12 16:00:00,291.612,296.7512,291.1613,295.811,1096.57
2025-03-12 20:00:00,295.811,299.3263,295.024,298.5373,1096.94
2025-03-13 00:00:00,298.5373,300.9284,297.1773,298.1699,1097.31
2025-03-13 04:00:00,298.1699,298.6904,295.5293,296.6531,1097.68
2025-03-13 08:00:00,296.6532,298.0254,293.9205,296.0248,1098.05
2025-03-13 12:00:00,296.0248,299.3717,288.7626,289.1352,1098.42
2025-03-13 16:00:00,289.1352,289.9701,285.1437,286.1623,1098.79
2025-03-13 20:00:00,286.1587,290.7532,286.0355,289.3887,1099.16
2025-03-14 00:00:00,289.3887,293.5584,288.2794,292.1465,1099.53
2025-03-14 04:00:00,292.1465,294.2148,291.7087,293.1528,1099.9
2025-03-14 08:00:00,293.1528,297.4041,293.1028,297.014,1100.27
2025-03-14 12:00:00,297.014,304.401,294.7787,302.2635,1100.64
2025-03-14 16:00:00,302.2635,303.1177,299.4472,301.6549,1101.01
2025-03-14 20:00:00,301.6549,301.705,298.6213,299.6186,1101.38
2025-03-15 00:00:00,299.6185,302.1412,299.5021,301.4337,1101.75
2025-03-15 04:00:00,301.4337,301.7228,298.8832,299.0624,1102.12
2025-03-15 08:00:00,299.0624,300.387,298.2657,300.0486,1102.49
2025-03-15 12:00:00,300.0486,301.5114,299.6662,300.9129,1102.86
2025-03-15 16:00:00,300.913,301.5077,299.9029,300.7487,1103.23
2025-03-15 20:00:00,300.7487,301.3971,300.4761,300.8859,1103.6
2025-03-16 00:00:00,300.8859,301.1331,298.679,300.8641,1103.97
2025-03-16 04:00:00,300.8642,301.2197,299.5306,300.6559,1104.34
2025-03-16 08:00:00,300.6558,300.9252,293.8542,294.0061,1104.71
2025-03-16 12:00:00,294.006,297.9766,293.9203,297.2555,1105.08
2025-03-16 16:00:00,297.2555,303.7136,294.4996,296.4622,1105.45
2025-03-16 20:00:00,296.4622,297.777,292.4259,294.593,1105.82
2025-03-17 00:00:00,294.5929,298.7488,294.3591,298.5213,1106.19
2025-03-17 04:00:00,298.5213,299.2639,294.9286,298.1368,1106.56
2025-03-17 08:00:00,298.1369,298.9544,296.8462,297.9472,1106.93
2025-03-17 12:00:00,297.9472,299.7285,294.1201,298.0055,1107.3
2025-03-17 16:00:00,298.0055,302.4286,296.4305,301.4,1107.67
2025-03-17 20:00:00,301.4,301.5365,298.7227,299.7143,1108.04
2025-03-18 00:00:00,299.7142,299.806,295.9182,296.6375,1108.41
2025-03-18 04:00:00,296.6375,297.1598,293.3662,296.6953,1108.78
2025-03-18 08:00:00,296.6953,297.7745,294.2771,294.6164,1109.15
2025-03-18 12:00:00,294.6164,295.5244,289.4061,291.1527,1109.52
2025-03-18 16:00:00,291.1527,294.2924,289.8021,293.675,1109.89
2025-03-18 20:00:00,293.6749,295.4864,292.0303,295.0942,1110.26
2025-03-19 00:00:00,295.0942,297.1598,294.4453,296.2435,1110.63
2025-03-19 04:00:00,296.2435,297.4601,295.3221,296.7887,1111.0
2025-03-19 08:00:00,296.7887,300.1534,296.6986,299.2554,1111.37
2025-03-19 12:00:00,299.2554,302.8965,297.8811,302.2937,1111.74
2025-03-19 16:00:00,302.2937,306.6853,298.1241,304.7922,1112.11
2025-03-19 20:00:00,304.7922,310.4313,303.91,309.8317,1112.48
2025-03-20 00:00:00,309.8316,312.0498,305.4064,306.4249,1112.85
2025-03-20 04:00:00,306.4249,306.9102,304.7315,306.1586,1113.22
2025-03-20 08:00:00,306.1586,307.934,302.3225,305.0376,1113.59
2025-03-20 12:00:00,305.0376,308.7618,301.6448,302.1464,1113.96
2025-03-20 16:00:00,302.1447,302.9679,298.3985,300.3021,1114.33
2025-03-20 20:00:00,300.3095,301.9019,299.3503,300.4755,1114.7
2025-03-21 00:00:00,300.4754,302.7621,300.271,301.2909,1115.07
2025-03-21 04:00:00,301.2909,302.5788,298.5599,299.4572,1115.44
2025-03-21 08:00:00,299.4573,300.9331,298.6727,299.8445,1115.81
2025-03-21 12:00:00,299.8445,301.0075,296.6861,298.1283,1116.18
2025-03-21 16:00:00,298.1283,301.2835,297.413,299.5228,1116.55
2025-03-21 20:00:00,299.5228,301.812,298.9621,299.9953,1116.92
2025-03-22 00:00:00,299.9953,300.9378,299.5913,300.5944,1117.29
2025-03-22 04:00:00,300.5944,301.2593,300.1751,300.6586,1117.66
2025-03-22 08:00:00,300.6585,301.652,300.0174,300.532,1118.03
2025-03-22 12:00:00,300.532,300.7859,299.5408,300.0677,1118.4
2025-03-22 16:00:00,300.0676,300.8701,299.8551,300.2907,1118.77
2025-03-22 20:00:00,300.2907,300.457,298.291,299.1098,1119.14
2025-03-23 00:00:00,299.1098,300.717,298.9498,300.479,1119.51
2025-03-23 04:00:00,300.479,300.8995,299.879,300.6768,1119.88
2025-03-23 08:00:00,300.6768,303.3936,300.5669,302.1044,1120.25
2025-03-23 12:00:00,302.1045,304.2029,301.6742,303.9218,1120.62
2025-03-23 16:00:00,303.9218,304.7697,302.4826,303.286,1120.99
2025-03-23 20:00:00,303.286,307.3262,302.9246,307.108,1121.36
2025-03-24 00:00:00,307.108,309.151,305.048,308.7119,1121.73
2025-03-24 04:00:00,308.7119,311.5016,308.6619,309.9336,1122.1
2025-03-24 08:00:00,309.9336,313.6778,309.7561,312.8412,1122.47
2025-03-24 12:00:00,312.8412,316.7296,310.8258,315.1976,1122.84
2025-03-24 16:00:00,315.1976,315.9111,312.795,314.7409,1123.21
2025-03-24 20:00:00,314.7409,315.7154,310.5118,312.1585,1123.58
2025-03-25 00:00:00,312.1585,312.8546,307.9434,308.672,1123.95
2025-03-25 04:00:00,308.672,310.0024,307.8696,308.3721,1124.32
2025-03-25 08:00:00,308.3721,312.2151,308.2139,311.7028,1124.69
2025-03-25 12:00:00,311.7029,314.9222,310.0796,313.1439,1125.06
2025-03-25 16:00:00,313.1439,315.1451,312.4311,314.3636,1125.43
2025-03-25 20:00:00,314.3636,315.9241,310.8045,311.7829,1125.8
2025-03-26 00:00:00,311.7829,313.6141,310.4403,310.929,1126.17
2025-03-26 04:00:00,310.9289,314.98,310.5168,314.45,1126.54
2025-03-26 08:00:00,314.45,314.9258,313.3191,313.7882,1126.91
2025-03-26 12:00:00,313.7882,313.9989,308.3133,309.4984,1127.28
2025-03-26 16:00:00,309.4984,310.6396,306.2642,308.8372,1127.65
2025-03-26 20:00:00,308.8372,311.8738,308.6192,310.0572,1128.02
2025-03-27 00:00:00,310.0572,313.1298,309.6044,312.7722,1128.39
2025-03-27 04:00:00,312.7722,312.8977,311.222,311.8083,1128.76
2025-03-27 08:00:00,311.8083,312.5633,309.5714,310.1798,1129.13
2025-03-27 12:00:00,310.1798,312.4827,306.0502,310.2888,1129.5
2025-03-27 16:00:00,310.2888,311.9625,309.6035,310.5968,1129.87
2025-03-27 20:00:00,310.5968,313.0295,310.1281,311.209,1130.24
2025-03-28 00:00:00,311.209,312.271,309.4394,309.622,1130.61
2025-03-28 04:00:00,309.622,309.8342,303.7758,304.006,1130.98
2025-03-28 08:00:00,304.0059,304.8703,302.4826,304.1568,1131.35
2025-03-28 12:00:00,304.1567,305.4714,299.4639,299.861,1131.72
2025-03-28 16:00:00,299.861,300.5048,298.1479,298.9319,1132.09
2025-03-28 20:00:00,298.9319,301.6503,298.5505,301.1925,1132.46
2025-03-29 00:00:00,301.1925,301.9573,298.5927,300.2718,1132.83
2025-03-29 04:00:00,300.2718,300.6505,298.4257,298.7217,1133.2
2025-03-29 08:00:00,298.7218,299.5409,292.5183,293.5906,1133.57
2025-03-29 12:00:00,293.5906,295.7399,293.0114,294.0211,1133.94
2025-03-29 16:00:00,294.0211,295.299,291.2261,295.249,1134.31
2025-03-29 20:00:00,295.249,295.402,293.4168,294.857,1134.68
2025-03-30 00:00:00,294.857,297.9573,294.2771,296.4277,1135.05
2025-03-30 04:00:00,296.4278,297.3067,295.5934,296.3841,1135.42
2025-03-30 08:00:00,296.3841,298.0683,295.973,296.5096,1135.79
2025-03-30 12:00:00,296.5096,297.1172,294.4335,295.1461,1136.16
2025-03-30 16:00:00,295.1461,295.8331,292.6731,294.5012,1136.53
2025-03-30 20:00:00,294.5012,295.2965,290.9414,293.9346,1136.9
2025-03-31 00:00:00,293.9347,294.1805,289.9193,290.8665,1137.27
2025-03-31 04:00:00,290.8665,293.6834,290.3527,292.3061,1137.64
2025-03-31 08:00:00,292.3061,293.5637,289.9634,293.2765,1138.01
2025-03-31 12:00:00,293.2764,299.5254,291.266,297.6049,1138.38
2025-03-31 16:00:00,297.6049,298.6378,293.9203,294.1925,1138.75
2025-03-31 20:00:00,294.1924,295.757,293.4391,294.5055,1139.12
2025-04-01 00:00:00,294.5055,297.077,294.0371,295.9783,1139.49
2025-04-01 04:00:00,295.9783,298.291,295.6573,297.7003,1139.86
2025-04-01 08:00:00,297.7003,301.5292,297.5236,299.4298,1140.23
2025-04-01 12:00:00,299.4299,305.0783,294.4341,304.2481,1140.6
2025-04-01 16:00:00,304.2482,305.0549,302.1972,303.1462,1140.97
2025-04-01 20:00:00,303.1462,305.3634,302.3883,303.811,1141.34
2025-04-02 00:00:00,303.811,304.2092,301.4273,301.6407,1141.71
2025-04-02 04:00:00,301.6407,302.3201,299.2886,301.1995,1142.08
2025-04-02 08:00:00,301.1994,304.9015,300.5658,301.701,1142.45
2025-04-02 12:00:00,301.701,311.6193,301.2792,309.5168,1142.82
2025-04-02 16:00:00,309.5168,311.6193,307.4279,310.0246,1143.19
2025-04-02 20:00:00,310.0246,315.7827,293.6349,294.3852,1143.56
2025-04-03 00:00:00,294.3852,299.7214,293.1211,297.8375,1143.93
2025-04-03 04:00:00,297.8375,298.7861,296.0609,297.7404,1144.3
2025-04-03 08:00:00,297.7404,298.973,296.2286,296.4534,1144.67
2025-04-03 12:00:00,296.4534,296.6887,289.6793,292.6835,1145.04
2025-04-03 16:00:00,292.6836,294.1923,290.8522,292.5743,1145.41
2025-04-03 20:00:00,292.5781,297.346,291.7798,296.8711,1145.78
2025-04-04 00:00:00,296.8711,297.6359,294.554,295.4634,1146.15
2025-04-04 04:00:00,295.4635,299.7285,294.6886,299.653,1146.52
2025-04-04 08:00:00,299.653,302.2972,291.2767,294.9709,1146.89
2025-04-04 12:00:00,294.9708,298.7153,291.9548,295.6114,1147.26
2025-04-04 16:00:00,295.6114,301.9404,295.119,299.7141,1147.63
2025-04-04 20:00:00,299.7142,301.3339,297.8195,299.2856,1148.0
2025-04-05 00:00:00,299.2856,300.6775,297.4717,298.3371,1148.37
2025-04-05 04:00:00,298.3371,299.2576,297.1228,297.9851,1148.74
2025-04-05 08:00:00,297.9851,299.3528,297.3439,297.7259,1149.11
2025-04-05 12:00:00,297.7259,298.1255,293.8488,294.749,1149.48
2025-04-05 16:00:00,294.749,296.6818,294.659,295.6114,1149.85
2025-04-05 20:00:00,295.6114,298.6154,295.4651,298.0302,1150.22
2025-04-06 00:00:00,298.0302,299.0779,296.644,297.3386,1150.59
2025-04-06 04:00:00,297.3386,298.0625,296.1499,296.1999,1150.96
2025-04-06 08:00:00,296.2,296.7745,294.8693,295.5971,1151.33
2025-04-06 12:00:00,295.5971,296.0936,293.2704,294.4996,1151.7
2025-04-06 16:00:00,294.4996,294.5703,280.7023,284.0322,1152.07
2025-04-06 20:00:00,284.0322,285.0662,275.2041,279.8069,1152.44
2025-04-07 00:00:00,279.8069,283.1301,275.9182,277.2303,1152.81
2025-04-07 04:00:00,277.2304,278.2658,265.7648,268.0196,1153.18
2025-04-07 08:00:00,268.0196,276.8169,267.826,273.5837,1153.55
2025-04-07 12:00:00,273.5837,289.8947,270.335,279.985,1153.92
2025-04-07 16:00:00,279.985,283.1943,275.7727,278.7382,1154.29
2025-04-07 20:00:00,278.7382,286.239,278.59,282.4229,1154.66
2025-04-08 00:00:00,282.4229,288.5547,280.9776,285.0656,1155.03
2025-04-08 04:00:00,285.0656,286.9333,282.575,283.61,1155.4
2025-04-08 08:00:00,283.61,285.7351,281.1471,285.3439,1155.77
2025-04-08 12:00:00,285.3439,286.7959,278.8477,280.0495,1156.14
2025-04-08 16:00:00,280.0495,280.1877,272.2816,274.1846,1156.51
2025-04-08 20:00:00,274.1846,275.7738,271.9435,272.2879,1156.88
2025-04-09 00:00:00,272.2879,274.2854,266.1644,267.8317,1157.25
2025-04-09 04:00:00,267.8317,278.249,267.5201,277.1816,1157.62
2025-04-09 08:00:00,277.1816,277.8948,270.2203,271.9583,1157.99
2025-04-09 12:00:00,271.9583,279.459,271.1241,275.6257,1158.36
2025-04-09 16:00:00,275.6258,296.1252,275.1405,293.728,1158.73
2025-04-09 20:00:00,293.728,298.2586,292.4501,294.7381,1159.1
2025-04-10 00:00:00,294.7381,295.2804,290.6126,291.7413,1159.47
2025-04-10 04:00:00,291.7413,293.8216,289.971,291.1013,1159.84
2025-04-10 08:00:00,291.1013,293.0586,290.1708,292.1223,1160.21
2025-04-10 12:00:00,292.1223,294.257,280.3851,280.9736,1160.58
2025-04-10 16:00:00,280.9744,285.6684,279.8795,284.1571,1160.95
2025-04-10 20:00:00,284.15,285.5849,283.1356,284.0071,1161.32
2025-04-11 00:00:00,284.0071,288.6926,281.682,288.4155,1161.69
2025-04-11 04:00:00,288.4156,290.598,287.1855,289.9274,1162.06
2025-04-11 08:00:00,289.9274,296.1099,288.1495,293.0059,1162.43
2025-04-11 12:00:00,293.0059,297.3489,290.143,294.4046,1162.8
2025-04-11 16:00:00,294.4046,300.5134,292.5471,299.1729,1163.17
2025-04-11 20:00:00,299.1729,300.7988,296.6388,297.623,1163.54
2025-04-12 00:00:00,297.6229,298.2016,295.3222,296.015,1163.91
2025-04-12 04:00:00,296.0151,299.1242,295.5502,298.6971,1164.28
2025-04-12 08:00:00,298.6971,299.8422,297.1523,297.9957,1164.65
2025-04-12 12:00:00,297.9957,304.7335,297.7553,303.2761,1165.02
2025-04-12 16:00:00,303.2761,304.2176,301.1338,303.0442,1165.39
2025-04-12 20:00:00,303.0441,306.5248,302.7595,304.234,1165.76
2025-04-13 00:00:00,304.234,307.2204,302.2147,304.7884,1166.13
2025-04-13 04:00:00,304.8021,304.8677,301.0672,301.166,1166.5137
2025-04-13 08:00:00,301.166,303.1309,300.4133,301.5782,1166.8837
2025-04-13 12:00:00,301.5782,302.2395,297.7894,299.1558,1167.2537
2025-04-13 16:00:00,299.1421,303.2612,296.2393,299.6118,1167.61
2025-04-13 20:00:00,299.6118,301.3207,296.183,298.8223,1167.98
2025-04-14 00:00:00,298.8223,305.2379,298.4797,301.6979,1168.35
2025-04-14 04:00:00,301.6979,303.6885,300.3815,301.7504,1168.72
2025-04-14 08:00:00,301.7504,303.1724,300.5204,302.9876,1169.09
2025-04-14 12:00:00,302.9877,306.1501,298.5912,300.0394,1169.46
2025-04-14 16:00:00,300.0394,304.0385,299.142,302.9716,1169.83
2025-04-14 20:00:00,302.9716,303.1951,301.143,301.789,1170.2
2025-04-15 00:00:00,301.789,304.777,300.8699,304.6016,1170.57
2025-04-15 04:00:00,304.6017,306.4324,303.7583,305.8032,1170.94
2025-04-15 08:00:00,305.8032,306.8637,304.4483,305.3482,1171.31
2025-04-15 12:00:00,305.3482,308.6347,301.8537,302.954,1171.68
2025-04-15 16:00:00,302.9541,303.8189,299.3473,299.6732,1172.05
2025-04-15 20:00:00,299.6732,300.5699,298.2014,298.4084,1172.42
2025-04-16 00:00:00,298.4084,299.5858,296.4592,298.5927,1172.79
2025-04-16 04:00:00,298.5927,299.0649,296.8195,297.4065,1173.16
2025-04-16 08:00:00,297.4065,300.1818,296.5635,299.8501,1173.53
2025-04-16 12:00:00,299.851,304.2603,297.8882,302.6987,1173.9
2025-04-16 16:00:00,302.6987,305.0799,297.042,300.8701,1174.27
2025-04-16 20:00:00,300.8701,302.1528,299.7141,299.7869,1174.64
2025-04-17 00:00:00,299.7869,301.498,298.9666,299.6579,1175.01
2025-04-17 04:00:00,299.6579,303.4865,299.2717,302.0687,1175.38
2025-04-17 08:00:00,302.0687,302.4557,300.3105,301.6835,1175.75
2025-04-17 12:00:00,301.6835,302.8071,298.6876,301.5754,1176.12
2025-04-17 16:00:00,301.5755,304.9729,301.0327,302.7076,1176.49
2025-04-17 20:00:00,302.7076,303.7956,302.1979,303.0603,1176.86
2025-04-18 00:00:00,303.0603,303.7673,302.2136,302.6325,1177.23
2025-04-18 04:00:00,302.6324,302.72,301.1027,302.0141,1177.6
2025-04-18 08:00:00,302.0141,302.4541,301.3133,302.0656,1177.97
2025-04-18 12:00:00,302.0656,302.4754,300.8343,301.0149,1178.34
2025-04-18 16:00:00,301.0149,302.0474,300.7129,301.6864,1178.71
2025-04-18 20:00:00,301.6864,302.1705,300.8491,301.372,1179.08
2025-04-19 00:00:00,301.372,303.2489,300.9287,302.8312,1179.45
2025-04-19 04:00:00,302.8312,304.3664,302.7812,304.0216,1179.82
2025-04-19 08:00:00,304.0216,304.8541,303.608,304.0217,1180.19
2025-04-19 12:00:00,304.0217,305.7149,303.4458,303.9282,1180.56
2025-04-19 16:00:00,303.9281,304.4736,302.1062,303.5513,1180.93
2025-04-19 20:00:00,303.5513,304.6087,303.2519,303.5208,1181.3
2025-04-20 00:00:00,303.5208,304.4404,303.3754,303.8483,1181.67
2025-04-20 04:00:00,303.8484,304.1809,302.048,302.4755,1182.04
2025-04-20 08:00:00,302.4755,302.5291,299.4484,300.1417,1182.41
2025-04-20 12:00:00,300.1416,302.0974,299.9828,300.9081,1182.78
2025-04-20 16:00:00,300.9081,302.0977,300.6015,302.0032,1183.15
2025-04-20 20:00:00,302.0032,304.3592,301.8287,303.8855,1183.52
2025-04-21 00:00:00,303.8855,312.7146,303.7125,311.1146,1183.89
2025-04-21 04:00:00,311.1146,313.0642,310.4669,311.9324,1184.26
2025-04-21 08:00:00,311.9324,313.2685,309.0623,310.2811,1184.63
2025-04-21 12:00:00,310.2811,315.6614,309.5463,314.1087,1185.0
2025-04-21 16:00:00,314.1088,314.9653,308.1543,311.8622,1185.37
2025-04-21 20:00:00,311.8622,312.6635,309.9287,312.223,1185.74
2025-04-22 00:00:00,312.223,317.1277,310.6025,314.511,1186.11
2025-04-22 04:00:00,314.511,315.7327,313.7343,315.65,1186.48
2025-04-22 08:00:00,315.65,316.5031,314.7599,316.1398,1186.85
2025-04-22 12:00:00,316.1397,326.2695,315.6185,324.4184,1187.22
2025-04-22 16:00:00,324.4184,327.1812,323.2604,326.1315,1187.59
2025-04-22 20:00:00,326.1315,335.0049,324.8158,333.3673,1187.96
2025-04-23 00:00:00,333.3673,335.08,330.2391,332.3895,1188.33
2025-04-23 04:00:00,332.3895,336.3463,331.7992,335.8319,1188.7
2025-04-23 08:00:00,335.8319,337.266,332.8944,333.4494,1189.07
2025-04-23 12:00:00,333.4494,337.8877,327.9389,332.4836,1189.44
2025-04-23 16:00:00,332.4836,336.1891,331.4267,333.5631,1189.81
2025-04-23 20:00:00,333.5631,335.1103,332.5863,334.2524,1190.18
2025-04-24 00:00:00,334.2524,334.6469,330.4882,330.6237,1190.55
2025-04-24 04:00:00,330.6237,331.4942,328.5319,328.9455,1190.92
2025-04-24 08:00:00,328.9454,330.6157,326.9563,330.431,1191.29
2025-04-24 12:00:00,330.431,333.4423,329.7204,332.5094,1191.66
2025-04-24 16:00:00,332.5094,334.1543,330.5475,333.7709,1192.03
2025-04-24 20:00:00,333.7709,335.4223,331.8225,335.2848,1192.4
2025-04-25 00:00:00,335.2848,336.9885,331.223,332.8994,1192.77
2025-04-25 04:00:00,332.8994,334.905,331.7853,334.542,1193.14
2025-04-25 08:00:00,334.542,337.7591,333.6628,337.6223,1193.51
2025-04-25 12:00:00,337.6223,341.6765,335.0527,339.1405,1193.88
2025-04-25 16:00:00,339.1405,340.9521,336.6258,339.9603,1194.25
2025-04-25 20:00:00,339.9603,340.2045,336.88,337.6331,1194.62
2025-04-26 00:00:00,337.6331,339.6821,337.1876,337.9945,1194.99
2025-04-26 04:00:00,337.9945,338.3689,336.6628,337.3891,1195.36
2025-04-26 08:00:00,337.3891,338.0215,335.271,335.8684,1195.73
2025-04-26 12:00:00,335.8685,336.8101,334.8432,336.6861,1196.1
2025-04-26 16:00:00,336.6861,336.7562,335.4508,336.4515,1196.47
2025-04-26 20:00:00,336.4516,338.5725,335.6149,337.595,1196.84
2025-04-27 00:00:00,337.595,340.2885,335.4529,335.9118,1197.21
2025-04-27 04:00:00,335.9118,336.4343,334.0737,335.5899,1197.58
2025-04-27 08:00:00,335.5899,336.5884,334.89,335.0691,1197.95
2025-04-27 12:00:00,335.0691,336.0249,333.8867,335.0016,1198.32
2025-04-27 16:00:00,335.0016,336.9557,334.3308,336.9011,1198.69
2025-04-27 20:00:00,336.901,337.3504,334.0262,334.4601,1199.06
2025-04-28 00:00:00,334.4601,335.3592,331.0234,334.8191,1199.43
2025-04-28 04:00:00,334.8191,338.2586,334.7691,337.825,1199.8
2025-04-28 08:00:00,337.825,340.9343,336.5156,340.0637,1200.17
2025-04-28 12:00:00,340.0637,341.2197,333.82,334.7605,1200.54
2025-04-28 16:00:00,334.7605,338.6867,333.3209,338.1629,1200.91
2025-04-28 20:00:00,338.1612,339.6143,336.396,338.962,1201.28
2025-04-29 00:00:00,338.962,340.6187,336.8874,337.7047,1201.65
2025-04-29 04:00:00,337.7047,338.8294,336.018,338.6282,1202.02
2025-04-29 08:00:00,338.6282,339.9914,337.9553,339.385,1202.39
2025-04-29 12:00:00,339.385,340.0424,337.2019,338.3623,1202.76
2025-04-29 16:00:00,338.3623,340.6132,337.6555,339.9952,1203.13
2025-04-29 20:00:00,339.9952,340.4277,334.386,336.2707,1203.5
2025-04-30 00:00:00,336.2707,339.3681,335.7914,339.0393,1203.87
2025-04-30 04:00:00,339.0393,339.6143,337.0883,337.5699,1204.24
2025-04-30 08:00:00,337.5699,339.7871,337.1867,339.5524,1204.61
2025-04-30 12:00:00,339.5524,339.7388,331.4158,335.371,1204.98
2025-04-30 16:00:00,335.371,337.1883,333.6231,335.8968,1205.35
2025-04-30 20:00:00,335.8968,338.2019,335.3223,335.9681,1205.72
2025-05-01 00:00:00,335.9681,339.1159,335.7698,338.1465,1206.09
2025-05-01 04:00:00,338.1465,339.6143,337.8531,339.0143,1206.46
2025-05-01 08:00:00,339.0143,343.9536,338.5619,343.1319,1206.83
2025-05-01 12:00:00,343.1319,347.62,341.6179,345.5375,1207.2
2025-05-01 16:00:00,345.5375,347.4175,343.9539,344.3565,1207.57
2025-05-01 20:00:00,344.3565,345.6998,343.0968,344.2375,1207.94
2025-05-02 00:00:00,344.2375,346.9389,344.103,346.4223,1208.31
2025-05-02 04:00:00,346.4223,347.2125,343.6884,343.7384,1208.68
2025-05-02 08:00:00,343.7384,346.4641,343.6884,345.8039,1209.05
2025-05-02 12:00:00,345.8039,349.3027,344.762,347.2353,1209.42
2025-05-02 16:00:00,347.2353,348.9008,345.1862,345.787,1209.79
2025-05-02 20:00:00,345.787,346.5925,344.4432,345.6547,1210.16
2025-05-03 00:00:00,345.6546,345.8778,343.5101,343.6938,1210.53
2025-05-03 04:00:00,343.6938,344.6553,342.913,343.6409,1210.9
2025-05-03 08:00:00,343.6409,344.0449,341.9127,342.2829,1211.27
2025-05-03 12:00:00,342.2828,344.3572,342.0139,343.9834,1211.64
2025-05-03 16:00:00,343.9834,344.0678,341.9748,343.7538,1212.01
2025-05-03 20:00:00,343.7538,344.1148,341.5585,341.9775,1212.38
2025-05-04 00:00:00,341.9775,343.626,340.9698,341.4987,1212.75
2025-05-04 04:00:00,341.4987,343.0494,341.3434,342.0616,1213.12
2025-05-04 08:00:00,342.0616,342.2669,339.8952,340.4319,1213.49
2025-05-04 12:00:00,340.4319,341.4355,339.618,340.5903,1213.86
2025-05-04 16:00:00,340.5903,341.2589,339.7259,341.0058,1214.23
2025-05-04 20:00:00,341.0058,341.6766,335.8446,336.3449,1214.6
2025-05-05 00:00:00,336.3449,338.2885,333.571,335.4668,1214.97
2025-05-05 04:00:00,335.4668,338.3494,335.3782,338.0727,1215.34
2025-05-05 08:00:00,338.0727,338.2515,334.9049,335.4907,1215.71
2025-05-05 12:00:00,335.4907,337.3015,333.9262,334.5351,1216.08
2025-05-05 16:00:00,334.5351,338.6153,334.447,336.5931,1216.45
2025-05-05 20:00:00,336.593,339.6821,334.8621,337.972,1216.82
2025-05-06 00:00:00,337.972,338.7116,335.3501,336.9742,1217.19
2025-05-06 04:00:00,336.9742,337.6807,336.4056,336.7851,1217.56
2025-05-06 08:00:00,336.785,336.8351,334.3078,334.6857,1217.93
2025-05-06 12:00:00,334.6857,338.0209,333.0819,337.3486,1218.3
2025-05-06 16:00:00,337.3486,339.5322,336.0751,338.7919,1218.67
2025-05-06 20:00:00,338.7919,345.8242,336.9197,345.4652,1219.04
2025-05-07 00:00:00,345.4652,348.7188,343.1821,344.2981,1219.41
2025-05-07 04:00:00,344.2981,346.1556,343.5488,346.0388,1219.78
2025-05-07 08:00:00,346.0388,346.5033,345.4127,346.2265,1220.15
2025-05-07 12:00:00,346.2265,347.8136,344.9839,345.7858,1220.52
2025-05-07 16:00:00,345.7858,345.9683,341.6713,343.1319,1220.89
2025-05-07 20:00:00,343.1319,347.4987,342.7141,346.1661,1221.26
2025-05-08 00:00:00,346.1661,354.0353,345.566,353.7376,1221.63
2025-05-08 04:00:00,353.7376,354.7373,352.1552,354.0928,1222.0
2025-05-08 08:00:00,354.0928,356.4105,353.8883,354.6522,1222.37
2025-05-08 12:00:00,354.6522,362.2508,353.4659,359.4646,1222.74
2025-05-08 16:00:00,359.4646,362.9001,358.8364,361.398,1223.11
2025-05-08 20:00:00,361.398,371.6005,361.297,368.3962,1223.48
2025-05-09 00:00:00,368.3962,368.4706,365.1439,365.5044,1223.85
2025-05-09 04:00:00,365.5044,372.3695,365.1797,369.7061,1224.22
2025-05-09 08:00:00,369.7061,370.8308,365.3473,367.3142,1224.59
2025-05-09 12:00:00,367.3142,370.3444,365.3151,367.0918,1224.96
2025-05-09 16:00:00,367.0918,368.8348,364.9696,368.1378,1225.33
2025-05-09 20:00:00,368.1378,368.9685,366.4398,367.363,1225.7
2025-05-10 00:00:00,367.363,368.4612,366.7663,368.27,1226.07
2025-05-10 04:00:00,368.2701,371.4373,367.536,370.1732,1226.44
2025-05-10 08:00:00,370.1732,371.3637,368.7186,369.0146,1226.81
2025-05-10 12:00:00,369.0146,370.4576,367.7697,367.958,1227.18
2025-05-10 16:00:00,367.9579,369.7237,367.4319,368.1456,1227.55
2025-05-10 20:00:00,368.1456,374.5931,367.6586,373.9186,1227.92
2025-05-11 00:00:00,373.9323,374.5619,369.0893,371.0693,1228.3037
2025-05-11 04:00:00,371.0693,372.5212,368.6576,368.8518,1228.6737
2025-05-11 08:00:00,368.8381,373.8525,368.772,373.3566,1229.03
2025-05-11 12:00:00,373.3566,374.2485,370.181,371.5656,1229.4
2025-05-11 16:00:00,371.5656,374.0517,370.0886,372.5289,1229.77
2025-05-11 20:00:00,372.5289,373.1448,369.4456,371.4515,1230.14
2025-05-12 00:00:00,371.4515,374.9564,369.9179,371.3877,1230.51
2025-05-12 04:00:00,371.3877,377.5716,370.0886,372.7001,1230.88
2025-05-12 08:00:00,372.7001,373.7079,369.6427,370.1846,1231.25
2025-05-12 12:00:00,370.1846,373.328,365.2295,365.7764,1231.62
2025-05-12 16:00:00,365.7764,367.83,359.273,363.3958,1231.99
2025-05-12 20:00:00,363.3958,367.9693,363.0255,366.7184,1232.36
2025-05-13 00:00:00,366.7184,366.7684,361.8107,362.8942,1232.73
2025-05-13 04:00:00,362.8942,367.3106,362.4559,366.2695,1233.1
2025-05-13 08:00:00,366.2695,370.4456,365.7725,370.0644,1233.47
2025-05-13 12:00:00,370.0644,370.9592,366.7398,369.898,1233.84
2025-05-13 16:00:00,369.8979,374.5634,369.3115,373.8568,1234.21
2025-05-13 20:00:00,373.8568,374.3912,370.5132,371.4005,1234.58
2025-05-14 00:00:00,371.4005,371.4939,369.03,369.5587,1234.95
2025-05-14 04:00:00,369.5587,370.977,368.7722,370.0193,1235.32
2025-05-14 08:00:00,370.0193,371.5978,366.9677,370.834,1235.69
2025-05-14 12:00:00,370.834,372.354,366.8191,369.2975,1236.06
2025-05-14 16:00:00,369.2975,370.0832,365.9932,368.6107,1236.43
2025-05-14 20:00:00,368.6107,369.8944,368.4998,369.2746,1236.8
2025-05-15 00:00:00,369.2746,370.6043,366.414,366.584,1237.17
2025-05-15 04:00:00,366.5839,367.3787,362.8613,363.1104,1237.54
2025-05-15 08:00:00,363.1104,365.5186,362.0615,365.2211,1237.91
2025-05-15 12:00:00,365.2211,368.5546,361.6443,368.3596,1238.28
2025-05-15 16:00:00,368.3597,371.768,365.8159,368.0239,1238.65
2025-05-15 20:00:00,368.0239,371.0122,366.3728,370.1875,1239.02
2025-05-16 00:00:00,370.1875,372.743,369.0822,371.1143,1239.39
2025-05-16 04:00:00,371.1143,371.7601,369.8895,369.9965,1239.76
2025-05-16 08:00:00,369.9965,370.7237,367.7714,369.7879,1240.13
2025-05-16 12:00:00,369.788,372.1008,368.6368,371.6846,1240.5
2025-05-16 16:00:00,371.6845,373.0439,369.5071,371.1468,1240.87
2025-05-16 20:00:00,371.1468,371.1968,368.831,369.1179,1241.24
2025-05-17 00:00:00,369.1179,369.6535,366.0305,369.277,1241.61
2025-05-17 04:00:00,369.277,370.0454,368.4322,369.0724,1241.98
2025-05-17 08:00:00,369.0724,369.5414,366.5341,367.4421,1242.35
2025-05-17 12:00:00,367.4421,368.1551,366.1286,367.2472,1242.72
2025-05-17 16:00:00,367.2471,368.7616,366.5635,368.0287,1243.09
2025-05-17 20:00:00,368.0287,369.2178,367.0587,367.9147,1243.46
2025-05-18 00:00:00,367.9147,368.9756,367.7878,368.5178,1243.83
2025-05-18 04:00:00,368.5178,371.0377,368.4678,370.7429,1244.2
2025-05-18 08:00:00,370.7429,371.3952,370.267,370.3189,1244.57
2025-05-18 12:00:00,370.319,377.0741,369.9152,376.4461,1244.94
2025-05-18 16:00:00,376.4461,378.1444,370.449,370.6166,1245.31
2025-05-18 20:00:00,370.6166,380.5703,368.4322,379.7863,1245.68
2025-05-19 00:00:00,379.7864,382.1708,369.3197,369.6244,1246.05
2025-05-19 04:00:00,369.6245,370.2956,363.8453,368.2702,1246.42
2025-05-19 08:00:00,368.2702,369.031,366.6373,367.3324,1246.79
2025-05-19 12:00:00,367.3323,374.5366,364.2954,373.8361,1247.16
2025-05-19 16:00:00,373.8361,376.6522,372.7341,376.4451,1247.53
2025-05-19 20:00:00,376.4585,377.6229,374.6199,376.6587,1247.9137
2025-05-20 00:00:00,376.6449,381.2598,376.4497,377.3163,1248.27
2025-05-20 04:00:00,377.3163,379.6392,374.2928,374.6756,1248.64
2025-05-20 08:00:00,374.6755,376.1346,374.0028,375.325,1249.01
2025-05-20 12:00:00,375.325,376.044,371.6395,375.7885,1249.38
2025-05-20 16:00:00,375.7885,382.6337,374.8724,381.8277,1249.75
2025-05-20 20:00:00,381.8277,382.9249,377.8868,381.1981,1250.12
2025-05-21 00:00:00,381.1982,382.5216,378.7821,381.1753,1250.49
2025-05-21 04:00:00,381.1753,385.2976,379.7373,380.0464,1250.86
2025-05-21 08:00:00,380.0464,381.0626,378.4725,380.1152,1251.23
2025-05-21 12:00:00,380.1152,390.5525,379.2911,388.7734,1251.6
2025-05-21 16:00:00,388.8145,391.9742,378.5766,387.4961,1252.0111
2025-05-21 20:00:00,387.455,395.3308,384.2698,391.166,1252.34
2025-05-22 00:00:00,391.166,399.1932,389.4513,398.7894,1252.71
2025-05-22 04:00:00,398.7894,398.8901,394.0339,396.1659,1253.08
2025-05-22 08:00:00,396.1659,397.2175,393.3591,395.9394,1253.45
2025-05-22 12:00:00,395.9394,398.2886,394.3483,397.0414,1253.82
2025-05-22 16:00:00,397.0414,399.55,395.6555,396.6744,1254.19
2025-05-22 20:00:00,396.6744,398.6129,395.1092,398.4875,1254.56
2025-05-23 00:00:00,398.4876,398.9078,395.9542,396.3605,1254.93
2025-05-23 04:00:00,396.3605,396.7024,393.8413,394.9884,1255.3
2025-05-23 08:00:00,394.9884,397.4151,388.4189,389.1409,1255.67
2025-05-23 12:00:00,389.1409,392.4602,382.8107,388.6545,1256.04
2025-05-23 16:00:00,388.6545,391.8066,385.2545,387.8556,1256.41
2025-05-23 20:00:00,387.8482,387.9456,380.9698,382.8689,1256.78
2025-05-24 00:00:00,382.8689,386.6621,381.2388,386.6077,1257.15
2025-05-24 04:00:00,386.6078,387.4284,383.7039,383.8302,1257.52
2025-05-24 08:00:00,383.8302,390.7238,383.7801,389.6126,1257.89
2025-05-24 12:00:00,389.6126,389.9275,387.1774,388.6177,1258.26
2025-05-24 16:00:00,388.6177,389.632,387.6853,388.7258,1258.63
2025-05-24 20:00:00,388.7395,389.3782,383.4808,384.4652,1259.0137
2025-05-25 00:00:00,384.4515,386.2683,382.4182,385.6425,1259.37
2025-05-25 04:00:00,385.6425,386.3808,383.3049,384.1657,1259.74
2025-05-25 08:00:00,384.1795,384.2967,380.6588,382.6746,1260.1237
2025-05-25 12:00:00,382.6609,384.4353,380.2586,381.619,1260.48
2025-05-25 16:00:00,381.619,385.1402,380.4008,384.2913,1260.85
2025-05-25 20:00:00,384.2914,389.9888,382.3112,388.8835,1261.22
2025-05-26 00:00:00,388.8835,391.9328,387.6433,391.093,1261.59
2025-05-26 04:00:00,391.0931,393.2999,390.1217,392.7737,1261.96
2025-05-26 08:00:00,392.7737,393.1066,390.8046,391.6253,1262.33
2025-05-26 12:00:00,391.6253,393.9871,390.5835,392.4711,1262.7
2025-05-26 16:00:00,392.4712,393.9924,388.3129,389.3339,1263.07
2025-05-26 20:00:00,389.3339,392.0897,388.6045,390.4197,1263.44
2025-05-27 00:00:00,390.4196,391.2945,383.5262,388.4838,1263.81
2025-05-27 04:00:00,388.4837,391.1888,387.2131,390.8206,1264.18
2025-05-27 08:00:00,390.795,392.1258,390.3489,390.9573,1264.55
2025-05-27 12:00:00,390.9573,395.0477,387.6422,392.936,1264.92
2025-05-27 16:00:00,392.936,394.2686,390.868,392.0004,1265.29
2025-05-27 20:00:00,392.0004,392.1204,387.3915,388.6479,1265.66
2025-05-28 00:00:00,388.6479,389.9342,386.678,388.382,1266.03
2025-05-28 04:00:00,388.382,389.2385,387.4786,388.2136,1266.4
2025-05-28 08:00:00,388.2136,389.3839,386.1714,388.4061,1266.77
2025-05-28 12:00:00,388.4061,389.109,381.8455,382.1162,1267.14
2025-05-28 16:00:00,382.1162,384.7883,381.463,381.5407,1267.51
2025-05-28 20:00:00,381.5407,385.5077,380.8607,384.5224,1267.88
2025-05-29 00:00:00,384.5224,387.0798,383.1857,385.461,1268.25
2025-05-29 04:00:00,385.461,385.7324,381.4978,384.8754,1268.62
2025-05-29 08:00:00,384.8754,388.5329,384.1157,388.0831,1268.99
2025-05-29 12:00:00,388.083,388.1952,379.8068,381.8043,1269.36
2025-05-29 16:00:00,381.8043,382.3835,376.8289,377.2087,1269.73
2025-05-29 20:00:00,377.2087,379.8949,375.6999,376.7021,1270.1
2025-05-30 00:00:00,376.7021,378.9825,373.1229,378.2525,1270.47
2025-05-30 04:00:00,378.2525,379.3328,373.5767,374.6981,1270.84
2025-05-30 08:00:00,374.6981,378.1506,373.1425,377.7394,1271.21
2025-05-30 12:00:00,377.7394,378.2157,374.718,376.5353,1271.58
2025-05-30 16:00:00,376.5353,376.6495,369.9342,373.3156,1271.95
2025-05-30 20:00:00,373.3155,374.213,369.6284,370.9787,1272.32
2025-05-31 00:00:00,370.9787,372.1247,367.6575,369.9032,1272.69
2025-05-31 04:00:00,369.9031,370.7633,369.1539,370.128,1273.06
2025-05-31 08:00:00,370.128,370.4009,368.4322,369.2402,1273.43
2025-05-31 12:00:00,369.2402,374.0992,369.1257,373.0144,1273.8
2025-05-31 16:00:00,373.0144,373.865,371.913,373.5208,1274.17
2025-05-31 20:00:00,373.5208,374.2913,372.6687,373.1421,1274.54
2025-06-01 00:00:00,373.1421,373.3891,370.7112,372.3899,1274.91
2025-06-01 04:00:00,372.3899,373.6848,371.6766,372.015,1275.28
2025-06-01 08:00:00,372.015,372.7183,370.0975,371.3255,1275.65
2025-06-01 12:00:00,371.3254,373.9686,370.2064,373.5817,1276.02
2025-06-01 16:00:00,373.5817,375.7156,372.1214,375.0331,1276.39
2025-06-01 20:00:00,375.0332,377.7409,374.1689,376.8918,1276.76
2025-06-02 00:00:00,376.8918,377.2718,373.0191,373.989,1277.13
2025-06-02 04:00:00,373.989,376.2138,373.1572,375.9812,1277.5
2025-06-02 08:00:00,375.9812,377.9861,370.77,371.2005,1277.87
2025-06-02 12:00:00,371.2004,373.5038,369.7671,372.5959,1278.24
2025-06-02 16:00:00,372.5959,373.6918,371.0876,372.549,1278.61
2025-06-02 20:00:00,372.549,377.9711,372.499,377.6591,1278.98
2025-06-03 00:00:00,377.6591,379.9995,375.7617,376.3178,1279.35
2025-06-03 04:00:00,376.3178,376.4784,374.9627,375.2073,1279.72
2025-06-03 08:00:00,375.2073,375.8966,374.0932,375.6229,1280.09
2025-06-03 12:00:00,375.664,381.0919,374.7019,380.3854,1280.5011
2025-06-03 16:00:00,380.3443,380.5941,376.6607,379.0177,1280.83
2025-06-03 20:00:00,379.0177,379.1252,375.4972,375.9427,1281.2
2025-06-04 00:00:00,375.9427,377.6436,375.02,376.4507,1281.57
2025-06-04 04:00:00,376.4506,376.8313,375.44,375.7424,1281.94
2025-06-04 08:00:00,375.7424,378.2157,374.8344,374.8991,1282.31
2025-06-04 12:00:00,374.8991,376.5817,371.6191,375.6622,1282.68
2025-06-04 16:00:00,375.6622,376.3718,374.0674,374.2896,1283.05
2025-06-04 20:00:00,374.2896,374.8115,372.4331,373.5166,1283.42
2025-06-05 00:00:00,373.5166,375.5073,373.3036,374.7663,1283.79
2025-06-05 04:00:00,374.7663,375.4549,372.3362,372.8787,1284.16
2025-06-05 08:00:00,372.8787,374.3627,372.495,373.9838,1284.53
2025-06-05 12:00:00,373.9837,377.8936,370.6237,372.9267,1284.9
2025-06-05 16:00:00,372.9267,373.217,362.4062,363.5912,1285.27
2025-06-05 20:00:00,363.5912,364.5569,358.0382,362.1425,1285.64
2025-06-06 00:00:00,362.1425,365.8005,360.6195,365.6552,1286.01
2025-06-06 04:00:00,365.6552,369.1849,365.2273,367.9996,1286.38
2025-06-06 08:00:00,368.0133,371.0637,367.9633,370.7873,1286.7637
2025-06-06 12:00:00,370.7736,375.8361,369.2456,374.9273,1287.12
2025-06-06 16:00:00,374.9273,375.6613,371.0276,371.8147,1287.49
2025-06-06 20:00:00,371.8147,373.2837,371.5798,372.0595,1287.86
2025-06-07 00:00:00,372.0595,374.3298,370.5206,374.14,1288.23
2025-06-07 04:00:00,374.14,375.7866,373.2767,374.1238,1288.6
2025-06-07 08:00:00,374.1237,375.59,373.4415,375.1333,1288.97
2025-06-07 12:00:00,375.1333,377.5022,375.0832,376.5892,1289.34
2025-06-07 16:00:00,376.5892,377.8035,375.5437,377.1879,1289.71
2025-06-07 20:00:00,377.1879,377.859,376.4563,376.568,1290.08
2025-06-08 00:00:00,376.568,377.4534,375.9539,376.2806,1290.45
2025-06-08 04:00:00,376.2806,376.9782,376.005,376.1195,1290.82
2025-06-08 08:00:00,376.1195,377.2201,374.4202,377.048,1291.19
2025-06-08 12:00:00,377.048,378.7872,376.4042,378.1105,1291.56
2025-06-08 16:00:00,378.1105,379.5,377.9156,379.2003,1291.93
2025-06-08 20:00:00,379.2003,379.9572,376.495,377.2167,1292.3
2025-06-09 00:00:00,377.2168,378.0956,375.6839,376.9496,1292.67
2025-06-09 04:00:00,376.9497,377.2071,375.6862,376.5985,1293.04
2025-06-09 08:00:00,376.5985,384.6588,376.2376,384.4419,1293.41
2025-06-09 12:00:00,384.4419,385.4223,381.1838,384.002,1293.78
2025-06-09 16:00:00,384.002,388.0881,383.952,387.3156,1294.15
2025-06-09 20:00:00,387.3197,394.3776,386.878,393.3745,1294.52
2025-06-10 00:00:00,393.3745,393.5986,390.1786,390.895,1294.89
2025-06-10 04:00:00,390.895,391.5503,389.1598,389.6004,1295.26
2025-06-10 08:00:00,389.6004,391.9574,389.0215,390.7996,1295.63
2025-06-10 12:00:00,390.8019,392.1322,386.4319,388.9235,1296.0
2025-06-10 16:00:00,388.9235,393.9132,387.102,390.7461,1296.37
2025-06-10 20:00:00,390.7461,393.5554,389.6736,393.415,1296.74
2025-06-11 00:00:00,393.415,393.4651,390.7235,391.4477,1297.11
2025-06-11 04:00:00,391.4477,391.5774,390.1516,390.4623,1297.48
2025-06-11 08:00:00,390.4623,391.3291,389.5102,389.7679,1297.85
2025-06-11 12:00:00,389.7679,393.8847,388.85,391.4932,1298.22
2025-06-11 16:00:00,391.4932,391.8291,386.7208,387.9494,1298.59
2025-06-11 20:00:00,387.9494,389.7016,385.4792,387.6024,1298.96
2025-06-12 00:00:00,387.6025,388.2533,384.2877,384.8016,1299.33
2025-06-12 04:00:00,384.8016,385.328,382.8249,383.9935,1299.7
2025-06-12 08:00:00,383.9935,384.7652,381.2355,381.3799,1300.07
2025-06-12 12:00:00,381.3799,384.7177,380.2563,381.8081,1300.44
2025-06-12 16:00:00,381.8081,386.9569,380.5417,380.9798,1300.81
2025-06-12 20:00:00,380.9834,381.6434,376.9445,376.9946,1301.18
2025-06-13 00:00:00,376.9946,377.124,366.2153,372.0195,1301.55
2025-06-13 04:00:00,372.0195,374.5415,370.2054,374.2235,1301.92
2025-06-13 08:00:00,374.2235,376.1977,372.4996,374.739,1302.29
2025-06-13 12:00:00,374.739,377.3148,371.4015,376.1567,1302.66
2025-06-13 16:00:00,376.1567,378.1479,373.3663,374.9905,1303.03
2025-06-13 20:00:00,374.9906,378.8562,374.6226,378.4033,1303.4
2025-06-14 00:00:00,378.4033,379.1147,375.2544,375.4144,1303.77
2025-06-14 04:00:00,375.4145,376.0647,373.8095,374.8714,1304.14
2025-06-14 08:00:00,374.8714,375.1203,373.9632,374.8907,1304.51
2025-06-14 12:00:00,374.8907,375.1164,373.1759,374.0319,1304.88
2025-06-14 16:00:00,374.0319,374.8114,372.2616,373.334,1305.25
2025-06-14 20:00:00,373.334,376.3606,372.0508,376.0774,1305.62
2025-06-15 00:00:00,376.0773,377.0741,375.4926,376.2875,1305.99
2025-06-15 04:00:00,376.2875,378.6744,375.2616,376.125,1306.36
2025-06-15 08:00:00,376.125,376.3691,374.0759,374.4929,1306.73
2025-06-15 12:00:00,374.4929,377.6386,374.3893,376.6102,1307.1
2025-06-15 16:00:00,376.6102,377.4205,374.8441,375.6477,1307.47
2025-06-15 20:00:00,375.6477,376.8522,372.7448,376.7173,1307.84
2025-06-16 00:00:00,376.7173,378.1108,374.4781,377.8869,1308.21
2025-06-16 04:00:00,377.8869,382.7191,377.6679,381.9538,1308.58
2025-06-16 08:00:00,381.9538,382.6931,380.1929,381.3194,1308.95
2025-06-16 12:00:00,381.3195,384.5812,379.882,383.2494,1309.32
2025-06-16 16:00:00,383.2494,388.5189,382.7862,387.627,1309.69
2025-06-16 20:00:00,387.627,388.7486,380.613,381.0003,1310.06
2025-06-17 00:00:00,381.0003,384.5351,378.5272,383.8397,1310.43
2025-06-17 04:00:00,383.8397,384.3201,379.8339,380.8718,1310.8
2025-06-17 08:00:00,380.8718,381.1511,376.3613,376.8866,1311.17
2025-06-17 12:00:00,376.8867,377.7235,371.4477,371.8925,1311.54
2025-06-17 16:00:00,371.8925,375.8497,368.7366,373.4783,1311.91
2025-06-17 20:00:00,373.4783,374.2871,371.7078,372.9969,1312.28
2025-06-18 00:00:00,372.9969,375.5043,372.3345,375.2575,1312.65
2025-06-18 04:00:00,375.2575,376.6113,373.5251,374.5026,1313.02
2025-06-18 08:00:00,374.5026,375.7563,371.6079,374.0294,1313.39
2025-06-18 12:00:00,374.0294,375.8105,370.3171,373.8882,1313.76
2025-06-18 16:00:00,373.8882,374.0653,369.1967,370.347,1314.13
2025-06-18 20:00:00,370.347,375.1471,369.739,374.1942,1314.5
2025-06-19 00:00:00,374.1942,375.455,372.6113,374.9549,1314.87
2025-06-19 04:00:00,374.9549,375.433,373.1842,373.3239,1315.24
2025-06-19 08:00:00,373.3239,374.9104,373.2326,373.7998,1315.61
2025-06-19 12:00:00,373.7998,374.3522,371.2588,371.3763,1315.98
2025-06-19 16:00:00,371.3764,373.9871,370.7282,371.924,1316.35
2025-06-19 20:00:00,371.924,374.2853,371.5156,373.3801,1316.72
2025-06-20 00:00:00,373.3801,374.0059,372.3768,373.159,1317.09
2025-06-20 04:00:00,373.1591,377.5937,371.8297,377.4941,1317.46
2025-06-20 08:00:00,377.4941,380.0875,377.2505,378.0866,1317.83
2025-06-20 12:00:00,378.0866,378.7479,370.5809,371.8082,1318.2
2025-06-20 16:00:00,371.8082,372.0425,365.0761,368.5589,1318.57
2025-06-20 20:00:00,368.5589,370.4669,367.2833,368.526,1318.94
2025-06-21 00:00:00,368.526,369.9805,367.8677,369.232,1319.31
2025-06-21 04:00:00,369.2319,369.65,368.5902,369.0987,1319.68
2025-06-21 08:00:00,369.0987,371.0186,369.0486,370.5833,1320.05
2025-06-21 12:00:00,370.5832,370.8895,368.4183,369.464,1320.42
2025-06-21 16:00:00,369.464,369.7962,364.596,364.7697,1320.79
2025-06-21 20:00:00,364.7698,367.1165,359.6994,364.3235,1321.16
2025-06-22 00:00:00,364.3235,368.9386,363.2743,365.2346,1321.53
2025-06-22 04:00:00,365.2346,367.3219,364.7586,365.4101,1321.9
2025-06-22 08:00:00,365.4101,366.8138,364.1307,366.5335,1322.27
2025-06-22 12:00:00,366.5334,366.91,352.7477,352.8579,1322.64
2025-06-22 16:00:00,352.899,358.2069,352.0194,352.8156,1323.0511
2025-06-22 20:00:00,352.7746,360.5013,350.2884,360.1988,1323.38
2025-06-23 00:00:00,360.1988,362.5896,358.4734,360.8776,1323.75
2025-06-23 04:00:00,360.8776,364.4341,360.2064,363.6493,1324.12
2025-06-23 08:00:00,363.6493,364.2307,360.6443,361.3588,1324.49
2025-06-23 12:00:00,361.3587,366.1326,359.5362,361.8286,1324.86
2025-06-23 16:00:00,361.8286,368.5832,355.3306,368.0383,1325.23
2025-06-23 20:00:00,368.0384,378.4804,366.9848,375.7894,1325.6
2025-06-24 00:00:00,375.7895,376.4319,373.5521,374.3113,1325.97
2025-06-24 04:00:00,374.3113,377.5414,373.4953,374.3617,1326.34
2025-06-24 08:00:00,374.3617,376.6866,373.1996,375.2046,1326.71
2025-06-24 12:00:00,375.2046,377.2593,373.8381,375.4712,1327.08
2025-06-24 16:00:00,375.4712,379.2503,375.164,376.8928,1327.45
2025-06-24 20:00:00,376.8928,378.6406,376.1016,378.4618,1327.82
2025-06-25 00:00:00,378.4618,381.0383,377.4308,378.9934,1328.19
2025-06-25 04:00:00,378.9934,380.7202,378.1193,380.3063,1328.56
2025-06-25 08:00:00,380.3063,382.6304,379.3399,382.4398,1328.93
2025-06-25 12:00:00,382.4398,385.8336,380.7998,381.8332,1329.3
2025-06-25 16:00:00,381.8332,385.0133,381.4371,384.4507,1329.67
2025-06-25 20:00:00,384.4643,385.3646,381.9821,382.9621,1330.0537
2025-06-26 00:00:00,382.9621,386.3366,382.0731,384.793,1330.4237
2025-06-26 04:00:00,384.7793,385.6574,383.5385,384.6373,1330.78
2025-06-26 08:00:00,384.6373,385.9747,382.103,382.8942,1331.15
2025-06-26 12:00:00,382.8943,384.5145,380.1225,382.8521,1331.52
2025-06-26 16:00:00,382.8521,384.1727,381.7164,383.6348,1331.89
2025-06-26 20:00:00,383.6347,385.3509,381.1482,381.5444,1332.26
2025-06-27 00:00:00,381.5444,383.6216,379.6795,383.4378,1332.63
2025-06-27 04:00:00,383.4378,384.4067,381.1482,381.2685,1333.0
2025-06-27 08:00:00,381.2685,382.3539,380.5416,381.6748,1333.37
2025-06-27 12:00:00,381.6748,383.2358,379.3885,382.833,1333.74
2025-06-27 16:00:00,382.833,384.3135,379.7085,381.0234,1334.11
2025-06-27 20:00:00,381.0234,382.7751,380.9496,381.9031,1334.48
2025-06-28 00:00:00,381.9031,383.0216,381.0109,382.8041,1334.85
2025-06-28 04:00:00,382.8041,383.5533,382.3372,383.4636,1335.22
2025-06-28 08:00:00,383.4636,383.5424,382.5845,383.0654,1335.59
2025-06-28 12:00:00,383.0654,383.8445,381.9835,383.3362,1335.96
2025-06-28 16:00:00,383.3362,383.7187,382.4887,382.5387,1336.33
2025-06-28 20:00:00,382.5387,383.1332,382.2349,382.7921,1336.7
2025-06-29 00:00:00,382.7921,383.5671,382.2988,382.4853,1337.07
2025-06-29 04:00:00,382.4853,383.2181,382.4176,383.1681,1337.44
2025-06-29 08:00:00,383.1681,387.0776,383.1181,387.0031,1337.81
2025-06-29 12:00:00,387.0031,387.2364,384.0023,384.4116,1338.18
2025-06-29 16:00:00,384.4116,384.609,382.8123,383.1846,1338.55
2025-06-29 20:00:00,383.1846,386.9081,382.5752,386.5743,1338.92
2025-06-30 00:00:00,386.5743,388.1693,386.1635,387.0981,1339.29
2025-06-30 04:00:00,387.0981,387.273,383.4004,383.9241,1339.66
2025-06-30 08:00:00,383.9241,385.2237,383.1104,384.0672,1340.03
2025-06-30 12:00:00,384.0673,384.8471,380.7319,383.8042,1340.4
2025-06-30 16:00:00,383.8042,384.6657,382.0986,384.3946,1340.77
2025-06-30 20:00:00,384.3946,384.5116,381.3266,382.256,1341.14
2025-07-01 00:00:00,382.256,383.7098,381.7794,382.4196,1341.51
2025-07-01 04:00:00,382.4197,382.5079,380.3132,382.3719,1341.88
2025-07-01 08:00:00,382.3719,382.4219,379.1926,380.327,1342.25
2025-07-01 12:00:00,380.3269,382.4254,376.7721,378.0058,1342.62
2025-07-01 16:00:00,378.0058,379.243,375.9312,376.0199,1342.99
2025-07-01 20:00:00,376.0199,378.5725,375.443,377.0281,1343.36
2025-07-02 00:00:00,377.0281,378.9866,374.9055,378.8603,1343.73
2025-07-02 04:00:00,378.8603,382.4497,378.585,382.0187,1344.1
2025-07-02 08:00:00,382.0187,384.8523,381.9687,383.4457,1344.47
2025-07-02 12:00:00,383.4457,388.0594,382.3472,387.9329,1344.84
2025-07-02 16:00:00,387.9329,391.5229,387.5733,391.2807,1345.21
2025-07-02 20:00:00,391.2807,391.3307,387.8196,388.3319,1345.58
2025-07-03 00:00:00,388.3319,389.3289,387.1432,387.5421,1345.95
2025-07-03 04:00:00,387.5421,390.8736,387.2707,389.8674,1346.32
2025-07-03 08:00:00,389.8674,393.4608,389.8174,391.0062,1346.69
2025-07-03 12:00:00,391.0061,394.374,387.9266,389.3246,1347.06
2025-07-03 16:00:00,389.3246,392.1654,388.8927,391.7348,1347.43
2025-07-03 20:00:00,391.7348,392.4861,390.638,390.9548,1347.8
2025-07-04 00:00:00,390.9547,391.657,389.1885,389.7089,1348.17
2025-07-04 04:00:00,389.709,390.0944,387.7482,387.7982,1348.54
2025-07-04 08:00:00,387.7982,389.3145,387.1019,388.4689,1348.91
2025-07-04 12:00:00,388.4689,388.8423,383.485,383.7786,1349.28
2025-07-04 16:00:00,383.7786,385.0744,382.5574,383.4073,1349.65
2025-07-04 20:00:00,383.4073,386.3475,383.2553,385.2447,1350.02
2025-07-05 00:00:00,385.2447,386.2785,384.3815,385.8529,1350.39
2025-07-05 04:00:00,385.8529,386.8513,385.2509,385.4916,1350.76
2025-07-05 08:00:00,385.4916,386.1329,384.7886,385.7012,1351.13
2025-07-05 12:00:00,385.7012,386.1796,385.1475,385.5078,1351.5
2025-07-05 16:00:00,385.5078,385.9475,384.7684,385.8067,1351.87
2025-07-05 20:00:00,385.8067,386.2428,385.2273,386.0077,1352.24
2025-07-06 00:00:00,386.0077,386.3083,385.3436,385.481,1352.61
2025-07-06 04:00:00,385.481,386.1286,385.0028,385.4447,1352.98
2025-07-06 08:00:00,385.4447,385.7469,384.5374,385.5721,1353.35
2025-07-06 12:00:00,385.5721,389.3717,385.4142,388.5331,1353.72
2025-07-06 16:00:00,388.5332,388.7994,386.2023,387.2219,1354.09
2025-07-06 20:00:00,387.2219,391.4158,387.1662,389.5957,1354.46
2025-07-07 00:00:00,389.5958,391.4158,387.676,390.258,1354.83
2025-07-07 04:00:00,390.258,390.5152,387.5875,389.0864,1355.2
2025-07-07 08:00:00,389.0864,389.232,387.2934,387.5913,1355.57
2025-07-07 12:00:00,387.5913,387.7055,385.1439,386.3448,1355.94
2025-07-07 16:00:00,386.3448,387.1117,383.5142,385.5031,1356.31
2025-07-07 20:00:00,385.5031,386.4212,384.5374,386.239,1356.68
2025-07-08 00:00:00,386.239,387.2239,383.2158,384.9496,1357.05
2025-07-08 04:00:00,384.9496,387.1311,384.359,387.0298,1357.42
2025-07-08 08:00:00,387.0298,388.9364,386.0684,387.9993,1357.79
2025-07-08 12:00:00,387.9993,389.6911,386.0253,386.2583,1358.16
2025-07-08 16:00:00,386.2583,389.4449,385.5954,388.0547,1358.53
2025-07-08 20:00:00,388.0546,388.8258,387.4771,388.5937,1358.9
2025-07-09 00:00:00,388.5938,389.4037,386.4924,386.6438,1359.27
2025-07-09 04:00:00,386.6438,388.7123,386.4087,387.8496,1359.64
2025-07-09 08:00:00,387.8496,389.3359,387.2244,389.0764,1360.01
2025-07-09 12:00:00,389.0764,391.6634,387.0454,389.123,1360.38
2025-07-09 16:00:00,389.123,399.6206,388.9879,398.6794,1360.75
2025-07-09 20:00:00,398.6794,399.4512,394.3818,396.8385,1361.12
2025-07-10 00:00:00,396.8385,398.1265,395.5256,396.2695,1361.49
2025-07-10 04:00:00,396.2696,397.5966,395.5898,396.8243,1361.86
2025-07-10 08:00:00,396.8242,397.477,395.4911,396.075,1362.23
2025-07-10 12:00:00,396.075,397.5108,394.1699,397.4607,1362.6
2025-07-10 16:00:00,397.4607,406.001,397.1036,404.2157,1362.97
2025-07-10 20:00:00,404.2156,416.9884,404.0557,413.8774,1363.34
2025-07-11 00:00:00,413.8774,417.2809,411.0169,416.9873,1363.71
2025-07-11 04:00:00,416.9872,422.469,415.5755,419.289,1364.08
2025-07-11 08:00:00,419.289,424.1307,419.239,420.3416,1364.45
2025-07-11 12:00:00,420.3416,421.9518,416.377,417.0618,1364.82
2025-07-11 16:00:00,417.0618,421.5219,415.9497,421.3651,1365.19
2025-07-11 20:00:00,421.3651,421.4151,417.883,419.2918,1365.56
2025-07-12 00:00:00,419.2918,420.4834,417.8628,420.1721,1365.93
2025-07-12 04:00:00,420.1721,421.2224,419.1658,420.0208,1366.3
2025-07-12 08:00:00,420.0208,421.7404,419.5891,420.2991,1366.67
2025-07-12 12:00:00,420.2991,420.5317,417.0027,417.7661,1367.04
2025-07-12 16:00:00,417.7661,419.7425,417.5229,419.3749,1367.41
2025-07-12 20:00:00,419.3749,419.4706,417.3594,418.9077,1367.78
2025-07-13 00:00:00,418.9077,420.4017,418.1613,420.0979,1368.15
2025-07-13 04:00:00,420.0978,421.2224,419.8003,420.9734,1368.52
2025-07-13 08:00:00,420.9733,421.3361,419.8196,421.2338,1000.0
2025-07-13 12:00:00,421.2338,425.9359,420.8896,423.3752,1000.37
2025-07-13 16:00:00,423.3752,426.3355,422.2917,424.4057,1000.74
2025-07-13 20:00:00,424.4057,425.9052,421.7963,424.8536,1001.11
2025-07-14 00:00:00,424.8537,433.4867,424.1562,430.7887,1001.48
2025-07-14 04:00:00,430.7887,439.6427,430.0515,437.8732,1001.85
2025-07-14 08:00:00,437.8732,438.0415,432.8982,433.3467,1002.22
2025-07-14 12:00:00,433.3466,435.7254,426.6768,427.6777,1002.59
2025-07-14 16:00:00,427.6777,430.0388,425.2152,427.896,1002.96
2025-07-14 20:00:00,427.896,429.7568,426.3594,427.5455,1003.33
2025-07-15 00:00:00,427.5455,427.951,416.7885,417.939,1003.7
2025-07-15 04:00:00,417.939,420.19,414.6836,416.6213,1004.07
2025-07-15 08:00:00,416.6213,418.2588,414.862,417.816,1004.44
2025-07-15 12:00:00,417.816,422.7776,412.8532,415.2382,1004.81
2025-07-15 16:00:00,415.2382,420.3155,413.8597,415.3261,1005.18
2025-07-15 20:00:00,415.3261,420.9301,414.4777,420.1139,1005.55
2025-07-16 00:00:00,420.1138,421.7226,417.421,419.1313,1005.92
2025-07-16 04:00:00,419.1313,422.0972,418.3427,421.6521,1006.29
2025-07-16 08:00:00,421.6521,425.7032,421.333,423.7206,1006.66
2025-07-16 12:00:00,423.7206,427.4301,421.5732,424.8862,1007.03
2025-07-16 16:00:00,424.8862,427.8201,422.6086,425.3656,1007.4
2025-07-16 20:00:00,425.3656,428.3899,422.4253,423.226,1007.77
2025-07-17 00:00:00,423.2261,425.1592,419.7979,421.4364,1008.14
2025-07-17 04:00:00,421.4364,423.7811,420.4169,422.0891,1008.51
2025-07-17 08:00:00,422.0891,425.2795,420.8377,420.9591,1008.88
2025-07-17 12:00:00,420.9591,424.8566,418.9775,424.1235,1009.25
2025-07-17 16:00:00,424.1235,427.7345,422.1171,424.4006,1009.62
2025-07-17 20:00:00,424.4006,431.7251,422.2968,425.178,1009.99
2025-07-18 00:00:00,425.178,430.9644,424.5676,428.908,1010.36
2025-07-18 04:00:00,428.908,431.0901,425.521,425.7558,1010.73
2025-07-18 08:00:00,425.7558,426.2685,422.3361,425.1558,1011.1
2025-07-18 12:00:00,425.1558,426.4906,418.4856,420.4784,1011.47
2025-07-18 16:00:00,420.4783,421.2229,417.7893,418.7463,1011.84
2025-07-18 20:00:00,418.7463,421.1041,416.6913,420.7088,1012.21
2025-07-19 00:00:00,420.7088,422.352,419.5475,422.1276,1012.58
2025-07-19 04:00:00,422.1276,422.3255,421.0846,421.5587,1012.95
2025-07-19 08:00:00,421.5587,422.8104,420.7245,422.1437,1013.32
2025-07-19 12:00:00,422.1437,422.1937,419.5987,421.1842,1013.69
2025-07-19 16:00:00,421.1842,421.6031,419.5186,421.005,1014.06
2025-07-19 20:00:00,421.005,421.53,418.3488,420.4061,1014.43
2025-07-20 00:00:00,420.4061,421.6169,419.6783,420.8271,1014.8
2025-07-20 04:00:00,420.8271,421.8047,420.0731,421.0821,1015.17
2025-07-20 08:00:00,421.0821,422.0158,420.2843,420.5433,1015.54
2025-07-20 12:00:00,420.5433,423.8803,419.9395,423.3712,1015.91
2025-07-20 16:00:00,423.3712,424.0836,420.7842,421.5299,1016.28
2025-07-20 20:00:00,421.5299,421.9652,415.4579,418.3552,1016.65
2025-07-21 00:00:00,418.3551,423.2199,415.629,422.4182,1017.02
2025-07-21 04:00:00,422.4183,427.0088,421.601,425.8384,1017.39
2025-07-21 08:00:00,425.8438,426.3783,421.1772,421.2273,1017.76
2025-07-21 12:00:00,421.2273,425.4283,420.1374,422.0942,1018.13
2025-07-21 16:00:00,422.0942,422.4508,416.1677,416.5805,1018.5
2025-07-21 20:00:00,416.5805,419.72,416.1352,418.7663,1018.87
2025-07-22 00:00:00,418.7663,420.8485,414.2484,418.1585,1019.24
2025-07-22 04:00:00,418.1585,423.148,415.7617,420.9187,1019.61
2025-07-22 08:00:00,420.9187,425.2663,419.101,425.0975,1019.98
2025-07-22 12:00:00,425.0975,426.6407,419.3215,424.2307,1020.35
2025-07-22 16:00:00,424.2307,428.8184,422.2405,425.5509,1020.72
2025-07-22 20:00:00,425.551,429.0462,425.2195,427.9495,1021.09
2025-07-23 00:00:00,427.9495,428.4832,422.8283,423.168,1021.46
2025-07-23 04:00:00,423.168,424.6161,421.9551,422.2268,1021.83
2025-07-23 08:00:00,422.2268,423.2381,420.3712,422.8979,1022.2
2025-07-23 12:00:00,422.8979,423.5536,418.4332,423.0011,1022.57
2025-07-23 16:00:00,423.0148,423.0648,418.5561,422.395,1022.9537
2025-07-23 20:00:00,422.3813,423.724,418.7214,423.674,1023.31
2025-07-24 00:00:00,423.674,425.5698,422.592,422.7212,1023.68
2025-07-24 04:00:00,422.7212,423.2041,417.7271,422.4618,1024.05
2025-07-24 08:00:00,422.4618,423.9326,420.7685,423.1175,1024.42
2025-07-24 12:00:00,423.1175,426.1999,420.3287,424.8751,1024.79
2025-07-24 16:00:00,424.8751,426.0066,422.1756,424.3427,1025.16
2025-07-24 20:00:00,424.3427,424.6325,421.5225,422.1934,1025.53
2025-07-25 00:00:00,422.1934,422.6379,411.4045,411.7713,1025.9
2025-07-25 04:00:00,411.7713,414.4077,409.2365,411.4158,1026.27
2025-07-25 08:00:00,411.4158,416.682,410.2557,415.781,1026.64
2025-07-25 12:00:00,415.781,416.2356,409.8959,412.8681,1027.01
2025-07-25 16:00:00,412.868,417.4494,411.849,416.2984,1027.38
2025-07-25 20:00:00,416.2984,419.7069,415.8539,419.6009,1027.75
2025-07-26 00:00:00,419.6009,420.135,417.853,419.1561,1028.12
2025-07-26 04:00:00,419.1561,419.4141,418.4455,418.4955,1028.49
2025-07-26 08:00:00,418.4955,421.8027,418.4455,420.1782,1028.86
2025-07-26 12:00:00,420.1781,421.8118,420.114,421.4411,1029.23
2025-07-26 16:00:00,421.4411,422.0877,420.7199,421.805,1029.6
2025-07-26 20:00:00,421.805,422.0139,420.5126,420.6915,1029.97
2025-07-27 00:00:00,420.6915,422.3048,420.3044,421.6292,1030.34
2025-07-27 04:00:00,421.6292,422.5925,421.165,421.3192,1030.71
2025-07-27 08:00:00,421.3192,422.0717,420.4274,421.2363,1031.08
2025-07-27 12:00:00,421.2363,423.1247,420.5345,423.0666,1031.45
2025-07-27 16:00:00,423.0666,426.5211,423.0166,424.4018,1031.82
2025-07-27 20:00:00,424.4019,427.3296,423.4733,426.027,1032.19
2025-07-28 00:00:00,426.0271,427.4486,424.3536,425.572,1032.56
2025-07-28 04:00:00,425.572,427.0957,423.6894,424.1878,1032.93
2025-07-28 08:00:00,424.1878,424.9609,422.6232,423.9291,1033.3
2025-07-28 12:00:00,423.9291,424.9287,420.5549,421.6009,1033.67
2025-07-28 16:00:00,421.6009,422.3705,418.8845,421.2221,1034.04
2025-07-28 20:00:00,421.2221,422.2756,419.1434,421.1993,1034.41
2025-07-29 00:00:00,421.1993,423.881,418.9647,423.7056,1034.78
2025-07-29 04:00:00,423.7056,425.5698,422.4134,424.1249,1035.15
2025-07-29 08:00:00,424.1249,424.7765,421.5008,423.0903,1035.52
2025-07-29 12:00:00,423.0903,424.8828,418.3297,418.8364,1035.89
2025-07-29 16:00:00,418.8364,421.2305,417.1836,419.2833,1036.26
2025-07-29 20:00:00,419.2833,421.0269,417.6981,420.8013,1036.63
2025-07-30 00:00:00,420.8012,421.9188,418.8311,421.5544,1037.0
2025-07-30 04:00:00,421.5544,422.4972,419.7401,421.4158,1037.37
2025-07-30 08:00:00,421.4157,422.7458,418.6395,419.4785,1037.74
2025-07-30 12:00:00,419.4785,423.8525,418.6395,420.977,1038.11
2025-07-30 16:00:00,420.977,421.1596,413.0648,417.1122,1038.48
2025-07-30 20:00:00,417.1122,420.7001,416.9335,420.4072,1038.85
2025-07-31 00:00:00,420.4071,423.1675,420.1487,422.6399,1039.22
2025-07-31 04:00:00,422.64,424.3179,421.9531,423.3528,1039.59
2025-07-31 08:00:00,423.3529,423.7742,421.922,422.3014,1039.96
2025-07-31 12:00:00,422.3014,423.5317,420.2396,422.0693,1040.33
2025-07-31 16:00:00,422.083,424.177,416.529,416.6588,1040.7137
2025-07-31 20:00:00,416.6588,417.4375,412.0216,413.0138,1041.0837
2025-08-01 00:00:00,413.0,414.0772,407.7736,412.586,1041.44
2025-08-01 04:00:00,412.586,413.5936,408.9155,410.5658,1041.81
2025-08-01 08:00:00,410.5658,411.5371,407.0704,411.3646,1042.18
2025-08-01 12:00:00,411.3782,413.9743,406.6291,411.5644,1042.5637
2025-08-01 16:00:00,411.5507,412.8055,403.8807,404.3115,1042.92
2025-08-01 20:00:00,404.3115,407.0922,402.0992,404.2018,1043.29
2025-08-02 00:00:00,404.2018,406.478,403.7976,406.3849,1043.66
2025-08-02 04:00:00,406.385,406.983,404.7637,406.6441,1044.03
2025-08-02 08:00:00,406.6441,406.9003,404.6072,405.947,1044.4
2025-08-02 12:00:00,405.947,405.997,402.3836,402.5706,1044.77
2025-08-02 16:00:00,402.5706,404.6873,399.532,400.3898,1045.14
2025-08-02 20:00:00,400.3898,403.3988,399.7705,401.5205,1045.51
2025-08-03 00:00:00,401.5205,405.8314,399.2359,405.2945,1045.88
2025-08-03 04:00:00,405.2945,405.7582,404.3057,405.6362,1046.25
2025-08-03 08:00:00,405.6362,407.6852,405.0547,406.2148,1046.62
2025-08-03 12:00:00,406.2149,407.1077,405.157,406.5605,1046.99
2025-08-03 16:00:00,406.5605,409.6105,405.8558,407.8239,1047.36
2025-08-03 20:00:00,407.8239,408.9407,406.894,407.4514,1047.73
2025-08-04 00:00:00,407.4515,410.3241,407.0404,408.7422,1048.1
2025-08-04 04:00:00,408.7422,409.5339,407.1866,409.0361,1048.47
2025-08-04 08:00:00,409.0361,409.4322,407.4341,408.4657,1048.84
2025-08-04 12:00:00,408.4657,411.9866,407.0882,409.6534,1049.21
2025-08-04 16:00:00,409.6534,412.8928,409.2703,409.4808,1049.58
2025-08-04 20:00:00,409.4808,411.5371,408.8553,410.4704,1049.95
2025-08-05 00:00:00,410.4704,410.7801,407.5729,407.6229,1050.32
2025-08-05 04:00:00,407.6229,408.5427,405.678,406.5984,1050.69
2025-08-05 08:00:00,406.5984,410.6692,406.4028,409.6572,1051.06
2025-08-05 12:00:00,409.6572,409.9429,401.8403,402.9035,1051.43
2025-08-05 16:00:00,402.9035,405.912,402.4313,405.3384,1051.8
2025-08-05 20:00:00,405.3384,407.5731,404.1735,407.1694,1052.17
2025-08-06 00:00:00,407.1694,407.2538,404.516,404.9583,1052.54
2025-08-06 04:00:00,404.9583,408.2443,404.3559,407.5196,1052.91
2025-08-06 08:00:00,407.5196,408.1987,405.6846,407.5153,1053.28
2025-08-06 12:00:00,407.5152,412.1618,405.1578,411.7506,1053.65
2025-08-06 16:00:00,411.7506,412.8785,410.0178,411.2017,1054.02
2025-08-06 20:00:00,411.2017,411.2517,409.4857,410.2465,1054.39
2025-08-07 00:00:00,410.2465,410.9862,408.0986,408.6545,1054.76
2025-08-07 04:00:00,408.6545,409.8846,407.5805,409.5178,1055.13
2025-08-07 08:00:00,409.5178,416.849,409.4677,415.6952,1055.5
2025-08-07 12:00:00,415.6952,416.7141,413.9196,416.3027,1055.87
2025-08-07 16:00:00,416.3027,419.3145,412.48,419.0575,1056.24
2025-08-07 20:00:00,419.0575,419.6748,417.4021,419.0933,1056.61
2025-08-08 00:00:00,419.0933,419.7069,416.2686,416.4723,1056.98
2025-08-08 04:00:00,416.4723,417.3641,415.2223,416.7571,1057.35
2025-08-08 08:00:00,416.7572,417.1546,414.9229,417.0223,1057.72
2025-08-08 12:00:00,417.0223,418.4287,413.359,414.5827,1058.09
2025-08-08 16:00:00,414.5827,417.1026,413.8136,415.4593,1058.46
2025-08-08 20:00:00,415.4593,417.388,414.93,416.2489,1058.83
2025-08-09 00:00:00,416.2489,416.5674,414.8589,415.2117,1059.2
2025-08-09 04:00:00,415.2117,417.388,415.0027,416.5389,1059.57
2025-08-09 08:00:00,416.5388,420.8273,416.4888,417.8018,1059.94
2025-08-09 12:00:00,417.8018,418.3086,416.2891,417.0257,1060.31
2025-08-09 16:00:00,417.0257,417.2708,415.5755,415.7528,1060.68
2025-08-09 20:00:00,415.7665,417.5485,415.0894,415.5045,1061.0637
2025-08-10 00:00:00,415.4908,422.8107,415.4351,422.7607,1061.42
2025-08-10 04:00:00,422.7607,423.6733,419.023,420.293,1061.79
2025-08-10 08:00:00,420.293,422.8107,419.5285,422.1563,1062.16
2025-08-10 12:00:00,422.1563,425.001,421.7546,423.8845,1062.53
2025-08-10 16:00:00,423.8845,424.3956,422.4745,423.3425,1062.9
2025-08-10 20:00:00,423.3426,425.7044,421.1945,425.5934,1063.27
2025-08-11 00:00:00,425.5944,435.8827,424.3967,434.2805,1063.64
2025-08-11 04:00:00,434.2805,436.493,433.2925,433.5961,1064.01
2025-08-11 08:00:00,433.596,434.6659,429.0839,430.1155,1064.38
2025-08-11 12:00:00,430.1154,430.5436,425.8606,429.2338,1064.75
2025-08-11 16:00:00,429.2338,430.995,423.0824,424.8631,1065.12
2025-08-11 20:00:00,424.8631,425.2104,421.1057,423.4243,1065.49
2025-08-12 00:00:00,423.4243,425.5773,423.0439,424.0369,1065.86
2025-08-12 04:00:00,424.0369,425.1584,422.4427,424.4971,1066.23
2025-08-12 08:00:00,424.4972,424.803,421.6671,422.84,1066.6
2025-08-12 12:00:00,422.84,428.0194,421.9437,427.8731,1066.97
2025-08-12 16:00:00,427.8731,428.8475,425.1104,426.9179,1067.34
2025-08-12 20:00:00,426.9179,429.3196,426.2278,428.5905,1067.71
2025-08-13 00:00:00,428.5905,428.8475,424.8309,426.2641,1068.08
2025-08-13 04:00:00,426.2641,427.5206,424.2124,426.6152,1068.45
2025-08-13 08:00:00,426.6152,430.777,426.0865,430.1471,1068.82
2025-08-13 12:00:00,430.1471,436.0108,428.4404,431.3965,1069.19
2025-08-13 16:00:00,431.3965,438.2922,431.3465,437.9024,1069.56
2025-08-13 20:00:00,437.9024,441.2473,436.2612,439.9081,1069.93
2025-08-14 00:00:00,439.9082,444.1236,439.6586,440.0177,1070.3
2025-08-14 04:00:00,440.0177,440.394,432.7495,434.2673,1070.67
2025-08-14 08:00:00,434.2673,435.4611,430.538,431.5002,1071.04
2025-08-14 12:00:00,431.5001,432.3828,419.614,421.8947,1071.41
2025-08-14 16:00:00,421.8947,422.9356,418.0015,420.784,1071.78
2025-08-14 20:00:00,420.784,422.8707,418.4379,422.0297,1072.15
2025-08-15 00:00:00,422.0297,424.8718,421.0422,424.4336,1072.52
2025-08-15 04:00:00,424.4336,425.3681,423.173,424.3892,1072.89
2025-08-15 08:00:00,424.3892,425.11,423.0675,424.566,1073.26
2025-08-15 12:00:00,424.566,425.0611,416.7432,418.3912,1073.63
2025-08-15 16:00:00,418.3912,420.6072,416.66,417.182,1074.0
2025-08-15 20:00:00,417.182,420.1774,416.8688,418.6296,1074.37
2025-08-16 00:00:00,418.6296,420.6666,418.1839,418.9421,1074.74
2025-08-16 04:00:00,418.9421,420.6131,418.3511,419.5359,1075.11
2025-08-16 08:00:00,419.5359,419.9706,417.873,418.7597,1075.48
2025-08-16 12:00:00,418.7597,420.4026,418.5282,419.8235,1075.85
2025-08-16 16:00:00,419.8235,420.3764,419.6067,419.8072,1076.22
2025-08-16 20:00:00,419.8072,420.0048,418.1418,418.7674,1076.59
2025-08-17 00:00:00,418.7674,420.2113,417.9737,419.853,1076.96
2025-08-17 04:00:00,419.853,421.8504,419.803,420.9983,1077.33
2025-08-17 08:00:00,420.9983,422.7536,420.6487,422.0758,1077.7
2025-08-17 12:00:00,422.0757,423.0783,421.1378,421.8551,1078.07
2025-08-17 16:00:00,421.8551,422.1543,418.5064,419.4431,1078.44
2025-08-17 20:00:00,419.4431,421.0104,418.6852,418.8542,1078.81
2025-08-18 00:00:00,418.8542,419.3992,410.2241,411.4122,1079.18
2025-08-18 04:00:00,411.4122,412.866,409.7914,411.009,1079.55
2025-08-18 08:00:00,411.009,411.7601,408.9403,410.086,1079.92
2025-08-18 12:00:00,410.086,414.5588,409.5998,414.3602,1080.29
2025-08-18 16:00:00,414.3602,416.7458,413.1455,414.9619,1080.66
2025-08-18 20:00:00,414.9619,417.388,413.7215,414.6517,1081.03
2025-08-19 00:00:00,414.6517,416.4807,409.465,409.5963,1081.4
2025-08-19 04:00:00,409.5963,412.0481,407.9623,410.1961,1081.77
2025-08-19 08:00:00,410.1962,412.6431,409.5249,412.089,1082.14
2025-08-19 12:00:00,412.089,413.4488,405.1855,405.9444,1082.51
2025-08-19 16:00:00,405.9444,406.3911,402.2579,403.6116,1082.88
2025-08-19 20:00:00,403.6116,405.2919,402.1349,402.6856,1083.25
2025-08-20 00:00:00,402.6857,405.4584,401.5406,405.0152,1083.62
2025-08-20 04:00:00,405.0151,406.1783,404.6301,404.8875,1083.99
2025-08-20 08:00:00,404.8875,406.8163,403.3033,405.5174,1084.36
2025-08-20 12:00:00,405.5174,407.9208,400.877,404.4016,1084.73
2025-08-20 16:00:00,404.4016,408.3405,404.0308,407.6935,1085.1
2025-08-20 20:00:00,407.6935,408.9519,406.6565,407.6742,1085.47
2025-08-21 00:00:00,407.6742,409.6882,406.3212,406.5446,1085.84
2025-08-21 04:00:00,406.5446,406.8772,405.1668,406.3356,1086.21
2025-08-21 08:00:00,406.3356,406.7208,403.0889,403.6693,1086.58
2025-08-21 12:00:00,403.6692,406.7391,401.6927,402.3971,1086.95
2025-08-21 16:00:00,402.3971,403.08,399.5772,400.2624,1087.32
2025-08-21 20:00:00,400.2624,402.7285,399.762,401.3551,1087.69
2025-08-22 00:00:00,401.3551,405.0619,400.7186,402.8865,1088.06
2025-08-22 04:00:00,402.8865,404.5973,402.0501,403.4772,1088.43
2025-08-22 08:00:00,403.4772,404.3281,400.1537,400.7129,1088.8
2025-08-22 12:00:00,400.713,418.5158,398.3968,415.1644,1089.17
2025-08-22 16:00:00,415.1644,418.99,414.2056,416.1813,1089.54
2025-08-22 20:00:00,416.1813,418.0816,415.7573,417.181,1089.91
2025-08-23 00:00:00,417.181,417.5664,411.8588,412.3033,1090.28
2025-08-23 04:00:00,412.3033,414.0149,412.1906,413.1263,1090.65
2025-08-23 08:00:00,413.1263,413.3987,411.0212,411.3805,1091.02
2025-08-23 12:00:00,411.3805,412.0614,408.6544,409.6065,1091.39
2025-08-23 16:00:00,409.6066,411.0046,409.0972,410.7519,1091.76
2025-08-23 20:00:00,410.7519,411.9442,410.2308,411.8369,1092.13
2025-08-24 00:00:00,411.8369,412.7026,409.9894,410.4026,1092.5
2025-08-24 04:00:00,410.4026,411.3345,409.6752,409.8752,1092.87
2025-08-24 08:00:00,409.8752,410.5417,408.7971,409.3117,1093.24
2025-08-24 12:00:00,409.3117,409.8582,407.9072,408.1336,1093.61
2025-08-24 16:00:00,408.1336,410.0284,394.8121,401.7119,1093.98
2025-08-24 20:00:00,401.7119,405.6612,398.2115,404.8999,1094.35
2025-08-25 00:00:00,404.8999,405.5695,400.0886,402.8422,1094.72
2025-08-25 04:00:00,402.8422,403.4013,396.9671,397.8287,1095.09
2025-08-25 08:00:00,397.8288,399.0866,395.7021,396.7706,1095.46
2025-08-25 12:00:00,396.7706,401.6905,394.4839,400.2871,1095.83
2025-08-25 16:00:00,400.2872,402.9651,394.7229,394.991,1096.2
2025-08-25 20:00:00,394.991,396.3839,389.7964,392.8356,1096.57
2025-08-26 00:00:00,392.8356,392.8856,387.6293,392.0064,1096.94
2025-08-26 04:00:00,392.0065,394.4387,391.551,393.5178,1097.31
2025-08-26 08:00:00,393.5178,394.1098,390.8533,391.9956,1097.68
2025-08-26 12:00:00,391.9956,395.4066,390.2239,391.2457,1098.05
2025-08-26 16:00:00,391.2457,396.6338,390.4239,396.4177,1098.42
2025-08-26 20:00:00,396.4177,400.9449,395.6621,398.7266,1098.79
2025-08-27 00:00:00,398.7266,398.9976,395.6621,397.4955,1099.16
2025-08-27 04:00:00,397.4955,398.684,394.6069,395.0233,1099.53
2025-08-27 08:00:00,395.0233,397.3896,393.6184,397.1527,1099.9
2025-08-27 12:00:00,397.1527,401.8511,396.0216,399.5713,1100.27
2025-08-27 16:00:00,399.5713,401.7619,397.8846,399.8592,1100.64
2025-08-27 20:00:00,399.8592,401.2341,395.6747,396.9385,1101.01
2025-08-28 00:00:00,396.9385,399.7713,395.4629,399.5714,1101.38
2025-08-28 04:00:00,399.5713,404.4733,399.3253,403.546,1101.75
2025-08-28 08:00:00,403.546,404.443,402.4689,402.8149,1102.12
2025-08-28 12:00:00,402.8149,404.9224,400.9182,401.992,1102.49
2025-08-28 16:00:00,401.992,403.8545,399.1694,399.2194,1102.86
2025-08-28 20:00:00,399.2194,401.6762,399.0649,401.5938,1103.23
2025-08-29 00:00:00,401.5938,401.8997,397.0321,398.5161,1103.6
2025-08-29 04:00:00,398.5162,399.0882,392.0293,392.5053,1103.97
2025-08-29 08:00:00,392.5053,393.4504,390.2961,392.7886,1104.34
2025-08-29 12:00:00,392.7886,397.8984,385.6184,386.6788,1104.71
2025-08-29 16:00:00,386.6788,388.3192,385.0163,386.0573,1105.08
2025-08-29 20:00:00,386.0573,387.3131,383.3383,386.6473,1105.45
2025-08-30 00:00:00,386.6473,386.9071,382.9323,386.8571,1105.82
2025-08-30 04:00:00,386.8571,387.8385,385.679,387.1713,1106.19
2025-08-30 08:00:00,387.1713,388.1245,386.678,387.7269,1106.56
2025-08-30 12:00:00,387.7269,388.655,385.9306,388.4047,1106.93
2025-08-30 16:00:00,388.4047,388.5618,387.4823,388.2561,1107.3
2025-08-30 20:00:00,388.256,388.3415,386.9233,388.2133,1107.67
2025-08-31 00:00:00,388.2133,390.631,388.1098,389.6671,1108.04
2025-08-31 04:00:00,389.6671,389.7441,387.1185,387.8277,1108.41
2025-08-31 08:00:00,387.8277,389.2753,386.3326,386.6914,1108.78
2025-08-31 12:00:00,386.6915,388.4134,385.9334,388.2217,1109.15
2025-08-31 16:00:00,388.2217,389.7659,387.2309,388.6188,1109.52
2025-08-31 20:00:00,388.6188,389.7391,385.5254,386.1798,1109.89
2025-09-01 00:00:00,386.1798,387.074,383.0854,384.088,1110.26
2025-09-01 04:00:00,384.0879,390.4632,382.5931,390.4132,1110.63
2025-09-01 08:00:00,390.4132,392.1736,385.9159,388.0939,1111.0
2025-09-01 12:00:00,388.094,390.7737,387.2702,388.0991,1111.37
2025-09-01 16:00:00,388.1128,390.1083,386.6606,389.6587,1111.7537
2025-09-01 20:00:00,389.6587,390.5125,383.3363,389.7292,1112.1237
2025-09-02 00:00:00,389.7156,394.7122,388.404,393.5855,1112.48
2025-09-02 04:00:00,393.5856,394.6641,392.3861,393.2706,1112.85
2025-09-02 08:00:00,393.2706,395.023,390.8302,391.4848,1113.22
2025-09-02 12:00:00,391.4847,398.8062,386.6544,395.3943,1113.59
2025-09-02 16:00:00,395.3942,396.4803,393.0996,395.3116,1113.96
2025-09-02 20:00:00,395.3116,397.9737,394.9433,396.86,1114.33
2025-09-03 00:00:00,396.86,398.8443,395.5689,396.1964,1114.7
2025-09-03 04:00:00,396.1964,396.596,394.2723,396.36,1115.07
2025-09-03 08:00:00,396.36,398.5796,395.5587,397.5655,1115.44
2025-09-03 12:00:00,397.5655,401.4051,396.0665,400.366,1115.81
2025-09-03 16:00:00,400.3659,401.6737,398.4019,400.2625,1116.18
2025-09-03 20:00:00,400.2625,400.5132,398.1442,398.5214,1116.55
2025-09-04 00:00:00,398.5214,400.2635,396.4389,396.5352,1116.92
2025-09-04 04:00:00,396.5352,397.1912,393.3839,394.0892,1117.29
2025-09-04 08:00:00,394.0892,396.6064,393.8692,395.3259,1117.66
2025-09-04 12:00:00,395.3259,396.4961,389.9927,390.6891,1118.03
2025-09-04 16:00:00,390.6891,393.2652,390.1145,391.7226,1118.4
2025-09-04 20:00:00,391.7226,398.784,391.5142,395.0436,1118.77
2025-09-05 00:00:00,395.0436,397.7736,393.9407,397.116,1119.14
2025-09-05 04:00:00,397.116,403.1854,396.4693,402.976,1119.51
2025-09-05 08:00:00,402.976,403.1354,399.9887,400.8342,1119.88
2025-09-05 12:00:00,400.8342,404.5611,393.4097,394.9934,1120.25
2025-09-05 16:00:00,394.9934,398.2924,393.1245,398.1961,1120.62
2025-09-05 20:00:00,398.1961,398.551,393.7261,394.7907,1120.99
2025-09-06 00:00:00,394.7907,397.1515,394.3574,396.297,1121.36
2025-09-06 04:00:00,396.2971,396.3471,394.8395,395.3815,1121.73
2025-09-06 08:00:00,395.3815,395.9396,394.7963,395.2225,1122.1
2025-09-06 12:00:00,395.2225,396.0531,393.6637,393.8066,1122.47
2025-09-06 16:00:00,393.8066,393.9203,392.3041,392.5731,1122.84
2025-09-06 20:00:00,392.5732,393.4951,392.509,393.1067,1123.21
2025-09-07 00:00:00,393.1068,395.1016,393.0283,394.6807,1123.58
2025-09-07 04:00:00,394.6807,395.7377,394.0383,395.124,1123.95
2025-09-07 08:00:00,395.124,397.3994,394.9548,397.0459,1124.32
2025-09-07 12:00:00,397.0459,397.5236,396.1057,397.181,1124.69
2025-09-07 16:00:00,397.181,397.3785,395.4585,396.9313,1125.06
2025-09-07 20:00:00,396.9313,398.1943,395.9589,396.4937,1125.43
2025-09-08 00:00:00,396.4937,397.3809,394.6044,396.1896,1125.8
2025-09-08 04:00:00,396.1896,398.2265,395.5958,397.004,1126.17
2025-09-08 08:00:00,397.0041,400.2884,396.856,399.7584,1126.54
2025-09-08 12:00:00,399.7584,402.9191,399.0848,401.8251,1126.91
2025-09-08 16:00:00,401.8251,402.0118,399.4452,399.9185,1127.28
2025-09-08 20:00:00,399.9185,401.4505,399.1503,399.804,1127.65
2025-09-09 00:00:00,399.804,399.9938,396.3497,398.5296,1128.02
2025-09-09 04:00:00,398.5296,404.2353,398.1803,403.1072,1128.39
2025-09-09 08:00:00,403.1072,403.8186,400.9623,401.1182,1128.76
2025-09-09 12:00:00,401.1182,403.0105,395.1213,395.5783,1129.13
2025-09-09 16:00:00,395.5783,397.4381,395.1974,397.0795,1129.5
2025-09-09 20:00:00,397.0795,398.714,396.275,397.953,1129.87
2025-09-10 00:00:00,397.953,398.1453,395.6592,397.9512,1130.24
2025-09-10 04:00:00,397.9512,401.7703,397.2824,401.5465,1130.61
2025-09-10 08:00:00,401.5465,402.6887,399.8681,400.6416,1130.98
2025-09-10 12:00:00,400.6416,407.8736,400.5916,406.1856,1131.35
2025-09-10 16:00:00,406.1856,407.0222,403.642,405.1886,1131.72
2025-09-10 20:00:00,405.1886,406.8485,404.9726,406.5638,1132.09
2025-09-11 00:00:00,406.5638,408.3057,405.4786,408.1336,1132.46
2025-09-11 04:00:00,408.1336,408.3964,406.5038,407.0047,1132.83
2025-09-11 08:00:00,407.0047,407.47,405.8574,406.7065,1133.2
2025-09-11 12:00:00,406.7065,409.3074,404.623,407.3498,1133.57
2025-09-11 16:00:00,407.3498,408.9168,407.0204,408.2049,1133.94
2025-09-11 20:00:00,408.2049,412.0654,407.5343,411.9962,1134.31
2025-09-12 00:00:00,411.9962,415.0755,410.3863,410.9667,1134.68
2025-09-12 04:00:00,410.9667,412.6676,410.5334,410.5834,1135.05
2025-09-12 08:00:00,410.5834,411.2985,409.8246,409.9653,1135.42
2025-09-12 12:00:00,409.9653,412.1113,409.3001,410.7064,1135.79
2025-09-12 16:00:00,410.7064,416.2664,410.3322,416.0983,1136.16
2025-09-12 20:00:00,416.0983,416.1483,412.9094,413.9467,1136.53
2025-09-13 00:00:00,413.9466,414.9576,412.28,413.6883,1136.9
2025-09-13 04:00:00,413.6883,413.7384,412.5709,413.0522,1137.27
2025-09-13 08:00:00,413.0523,414.4865,412.9616,413.7494,1137.64
2025-09-13 12:00:00,413.7494,414.1058,412.3789,413.0165,1138.01
2025-09-13 16:00:00,413.0165,413.2402,410.6782,413.1179,1138.38
2025-09-13 20:00:00,413.1179,413.8606,413.0679,413.5502,1138.75
2025-09-14 00:00:00,413.5502,414.2806,412.5502,412.7,1139.12
2025-09-14 04:00:00,412.7001,413.6634,411.8281,413.1474,1139.49
2025-09-14 08:00:00,413.1474,414.4811,412.8955,413.11,1139.86
2025-09-14 12:00:00,413.1101,413.4582,410.73,411.0733,1140.23
2025-09-14 16:00:00,411.0733,412.6698,410.9159,412.5395,1140.6
2025-09-14 20:00:00,412.5395,414.2034,410.7057,411.2303,1140.97
2025-09-15 00:00:00,411.2303,412.4465,409.5998,411.8633,1141.34
2025-09-15 04:00:00,411.8633,416.5959,411.6512,413.1518,1141.71
2025-09-15 08:00:00,413.1518,413.2018,408.8894,410.5239,1142.08
2025-09-15 12:00:00,410.5239,410.6773,408.0265,409.7137,1142.45
2025-09-15 16:00:00,409.7137,412.3577,408.7971,411.3722,1142.82
2025-09-15 20:00:00,411.3722,412.4828,410.9379,411.5217,1143.19
2025-09-16 00:00:00,411.5217,412.1793,410.0279,411.3703,1143.56
2025-09-16 04:00:00,411.3703,413.926,409.9744,413.2709,1143.93
2025-09-16 08:00:00,413.2709,413.8245,410.9596,411.301,1144.3
2025-09-16 12:00:00,411.301,413.556,409.2862,413.5059,1144.67
2025-09-16 16:00:00,413.5059,416.9982,412.3942,416.6962,1145.04
2025-09-16 20:00:00,416.6963,417.3319,415.8768,416.6564,1145.41
2025-09-17 00:00:00,416.6564,417.7346,415.1182,415.169,1145.78
2025-09-17 04:00:00,415.169,418.4823,414.3633,417.989,1146.15
2025-09-17 08:00:00,417.989,418.1367,414.6953,414.7626,1146.52
2025-09-17 12:00:00,414.7626,415.7359,411.7653,413.3969,1146.89
2025-09-17 16:00:00,413.3969,415.0809,409.2281,412.6003,1147.26
2025-09-17 20:00:00,412.6003,417.4261,411.3206,415.4385,1147.63
2025-09-18 00:00:00,415.4386,420.6559,414.1227,419.4845,1148.0
2025-09-18 04:00:00,419.4845,420.135,416.9598,417.7162,1148.37
2025-09-18 08:00:00,417.7162,418.9329,417.3971,417.6355,1148.74
2025-09-18 12:00:00,417.6355,420.4698,417.2794,419.4912,1149.11
2025-09-18 16:00:00,419.4912,420.6702,418.0597,419.0155,1149.48
2025-09-18 20:00:00,419.0155,419.8038,415.9752,417.6716,1149.85
2025-09-19 00:00:00,417.6716,419.1004,416.9013,417.3293,1150.22
2025-09-19 04:00:00,417.3293,417.8161,416.0531,417.0881,1150.59
2025-09-19 08:00:00,417.0882,417.7817,414.862,415.2499,1150.96
2025-09-19 12:00:00,415.2499,415.7793,411.8802,413.428,1151.33
2025-09-19 16:00:00,413.428,414.3769,410.6258,410.7205,1151.7
2025-09-19 20:00:00,410.7205,412.669,410.5809,412.5302,1152.07
2025-09-20 00:00:00,412.5302,412.9299,411.6814,411.8617,1152.44
2025-09-20 04:00:00,411.8617,413.8389,411.6836,413.7296,1152.81
2025-09-20 08:00:00,413.7296,413.7796,412.5934,413.4638,1153.18
2025-09-20 12:00:00,413.4637,414.3263,413.0941,413.7942,1153.55
2025-09-20 16:00:00,413.7943,414.1752,412.7146,412.7786,1153.92
2025-09-20 20:00:00,412.7786,413.6944,412.3769,412.7202,1154.29
2025-09-21 00:00:00,412.7202,412.939,411.8004,412.6623,1154.66
2025-09-21 04:00:00,412.6623,413.2352,411.9635,413.1852,1155.03
2025-09-21 08:00:00,413.1852,413.2462,411.398,412.427,1155.4
2025-09-21 12:00:00,412.427,412.9899,411.9123,412.1707,1155.77
2025-09-21 16:00:00,412.1707,412.6984,410.9698,411.9867,1156.14
2025-09-21 20:00:00,411.9867,412.27,410.8948,411.1028,1156.51
2025-09-22 00:00:00,411.1028,411.6771,407.1917,409.0251,1156.88
2025-09-22 04:00:00,409.0251,409.0751,398.8078,401.4264,1157.25
2025-09-22 08:00:00,401.4265,403.1034,400.1404,402.7,1157.62
2025-09-22 12:00:00,402.7,404.7328,400.877,402.4807,1157.99
2025-09-22 16:00:00,402.4807,402.7893,399.2944,400.0098,1158.36
2025-09-22 20:00:00,400.0098,403.1083,399.4331,401.8938,1158.73
2025-09-23 00:00:00,401.8938,402.5934,397.659,400.7843,1159.1
2025-09-23 04:00:00,400.7843,403.5957,399.0795,403.4605,1159.47
2025-09-23 08:00:00,403.4605,404.1932,401.9592,403.0533,1159.84
2025-09-23 12:00:00,403.0533,404.2253,401.293,402.7186,1160.21
2025-09-23 16:00:00,402.7187,403.0411,397.8809,398.3415,1160.58
2025-09-23 20:00:00,398.3415,400.4081,397.5903,399.567,1160.95
2025-09-24 00:00:00,399.567,401.4051,398.3907,398.4407,1161.32
2025-09-24 04:00:00,398.4407,402.4018,396.1059,401.6532,1161.69
2025-09-24 08:00:00,401.6532,403.7675,400.9684,403.244,1162.06
2025-09-24 12:00:00,403.244,406.3641,402.4039,404.3748,1162.43
2025-09-24 16:00:00,404.3747,406.5425,403.6712,404.6373,1162.8
2025-09-24 20:00:00,404.6373,405.4992,403.8192,404.2342,1163.17
2025-09-25 00:00:00,404.2342,405.0092,400.2874,401.52,1163.54
2025-09-25 04:00:00,401.52,401.8134,397.5606,398.7391,1163.91
2025-09-25 08:00:00,398.7391,400.5006,396.9656,397.2452,1164.28
2025-09-25 12:00:00,397.2452,398.6564,394.6337,398.0757,1164.65
2025-09-25 16:00:00,398.0757,398.4532,387.5039,390.1529,1165.02
2025-09-25 20:00:00,390.1529,391.3649,387.9801,388.8489,1165.39
2025-09-26 00:00:00,388.8489,391.7685,388.138,390.9378,1165.76
2025-09-26 04:00:00,390.9377,391.1516,388.5081,390.0102,1166.13
2025-09-26 08:00:00,390.0102,391.3837,387.4631,389.3448,1166.5
2025-09-26 12:00:00,389.3448,391.7003,387.9793,388.9676,1166.87
2025-09-26 16:00:00,388.9677,393.5564,388.9176,389.4829,1167.24
2025-09-26 20:00:00,389.4829,391.3719,389.1309,391.1641,1167.61
2025-09-27 00:00:00,391.1641,391.5725,389.9759,390.8441,1167.98
2025-09-27 04:00:00,390.8441,391.5666,390.003,390.3355,1168.35
2025-09-27 08:00:00,390.3355,390.6227,389.0483,389.9752,1168.72
2025-09-27 12:00:00,389.9753,390.6224,389.5071,390.3035,1169.09
2025-09-27 16:00:00,390.3036,390.4883,389.6886,390.3819,1169.46
2025-09-27 20:00:00,390.3819,391.4158,390.1126,391.137,1169.83
2025-09-28 00:00:00,391.137,391.7289,389.9782,390.424,1170.2
2025-09-28 04:00:00,390.424,390.8372,389.7461,390.6989,1170.57
2025-09-28 08:00:00,390.6989,391.007,389.7104,390.185,1170.94
2025-09-28 12:00:00,390.185,392.6214,389.4963,392.5714,1171.31
2025-09-28 16:00:00,392.5714,393.8904,392.4166,393.6405,1171.68
2025-09-28 20:00:00,393.6406,400.87,393.4378,400.1562,1172.05
2025-09-29 00:00:00,400.1563,400.7273,398.0517,399.063,1172.42
2025-09-29 04:00:00,399.063,399.28,397.9539,399.0931,1172.79
2025-09-29 08:00:00,399.0931,401.1268,399.0431,399.9281,1173.16
2025-09-29 12:00:00,399.9281,407.5826,399.1691,406.0485,1173.53
2025-09-29 16:00:00,406.0485,408.1512,404.6934,407.6539,1173.9
2025-09-29 20:00:00,407.6539,408.1836,406.7279,407.8195,1174.27
2025-09-30 00:00:00,407.8195,409.5821,406.8005,408.0493,1174.64
2025-09-30 04:00:00,408.0493,408.0994,405.176,405.6335,1175.01
2025-09-30 08:00:00,405.6335,405.8338,401.8626,403.3352,1175.38
2025-09-30 12:00:00,403.3351,405.605,402.6113,403.5177,1175.75
2025-09-30 16:00:00,403.5176,408.7667,402.3754,407.9908,1176.12
2025-09-30 20:00:00,407.9908,409.4496,405.8196,406.8811,1176.49
2025-10-01 00:00:00,406.8811,408.725,406.5376,407.3377,1176.86
2025-10-01 04:00:00,407.3377,409.3965,407.1952,408.6295,1177.23
2025-10-01 08:00:00,408.6295,416.731,408.3848,416.6586,1177.6
2025-10-01 12:00:00,416.6586,419.7782,415.0881,418.921,1177.97
2025-10-01 16:00:00,418.921,421.7369,416.3767,418.9774,1178.34
2025-10-01 20:00:00,418.9774,423.3427,417.9417,423.0996,1178.71
2025-10-02 00:00:00,423.0996,426.2246,422.24,423.5955,1179.08
2025-10-02 04:00:00,423.5955,424.3458,421.9234,422.7242,1179.45
2025-10-02 08:00:00,422.7242,424.3323,422.192,423.7087,1179.82
2025-10-02 12:00:00,423.7087,427.8439,422.7692,427.7938,1180.19
2025-10-02 16:00:00,427.7938,431.8085,425.7775,431.0964,1180.56
2025-10-02 20:00:00,431.0964,431.4229,428.3206,430.0006,1180.93
2025-10-03 00:00:00,430.0006,430.1275,427.42,428.918,1181.3
2025-10-03 04:00:00,428.918,429.3199,426.6729,426.8285,1181.67
2025-10-03 08:00:00,426.8286,430.0026,425.3804,429.3055,1182.04
2025-10-03 12:00:00,429.3055,436.6031,427.6384,436.1679,1182.41
2025-10-03 16:00:00,436.1679,442.0579,433.2931,437.6055,1182.78
2025-10-03 20:00:00,437.6055,437.9192,435.1949,436.075,1183.15
2025-10-04 00:00:00,436.0758,436.4589,434.0734,436.1178,1183.52
2025-10-04 04:00:00,436.1178,438.1514,435.9797,436.4035,1183.89
2025-10-04 08:00:00,436.4035,437.2232,435.0646,435.1519,1184.26
2025-10-04 12:00:00,435.1519,437.1151,434.1231,434.5028,1184.63
2025-10-04 16:00:00,434.5028,435.1723,433.4492,435.1019,1185.0
2025-10-04 20:00:00,435.1019,436.76,434.7371,436.6423,1185.37
2025-10-05 00:00:00,436.6422,443.725,435.6825,441.5842,1185.74
2025-10-05 04:00:00,441.5842,448.5275,441.3835,444.9285,1186.11
2025-10-05 08:00:00,444.9285,445.4235,437.0533,440.4726,1186.48
2025-10-05 12:00:00,440.4726,440.5226,437.6055,438.1127,1186.85
2025-10-05 16:00:00,438.1127,440.5203,436.2734,437.3586,1187.22
2025-10-05 20:00:00,437.3586,440.8229,436.887,440.5356,1187.59
2025-10-06 00:00:00,440.5357,443.7114,439.0646,441.8085,1187.96
2025-10-06 04:00:00,441.8085,443.0232,439.7656,440.208,1188.33
2025-10-06 08:00:00,440.208,444.3293,440.1579,443.1496,1188.7
2025-10-06 12:00:00,443.1496,447.4567,442.9676,445.9501,1189.07
2025-10-06 16:00:00,445.9501,450.2799,445.1866,447.4157,1189.44
2025-10-06 20:00:00,447.4157,447.9052,444.1561,444.7319,1189.81
2025-10-07 00:00:00,444.7319,446.2936,442.6938,443.5589,1190.18
2025-10-07 04:00:00,443.5589,444.7674,440.7899,441.1981,1190.55
2025-10-07 08:00:00,441.1981,444.2506,439.9169,444.0,1190.92
2025-10-07 12:00:00,444.0,446.4496,432.2465,434.698,1191.29
2025-10-07 16:00:00,434.698,435.5975,430.1133,433.9529,1191.66
2025-10-07 20:00:00,433.9529,436.3413,432.5505,432.8676,1192.03
2025-10-08 00:00:00,432.8676,436.1167,432.3432,433.0167,1192.4
2025-10-08 04:00:00,433.0167,434.9771,431.8657,433.8098,1192.77
2025-10-08 08:00:00,433.8098,439.5784,433.4992,438.4016,1193.14
2025-10-08 12:00:00,438.4016,440.1136,433.9475,435.9242,1193.51
2025-10-08 16:00:00,435.9242,443.1362,435.59,440.4203,1193.88
2025-10-08 20:00:00,440.4204,441.4943,438.0314,439.9066,1194.25
2025-10-09 00:00:00,439.9067,440.1076,433.3278,435.3829,1194.62
2025-10-09 04:00:00,435.3829,436.2392,434.2152,434.9123,1194.99
2025-10-09 08:00:00,434.9123,438.2692,432.1488,437.8787,1195.36
2025-10-09 12:00:00,437.8786,441.5868,430.4667,432.2047,1195.73
2025-10-09 16:00:00,432.2047,433.449,426.8187,431.5075,1196.1
2025-10-09 20:00:00,431.5212,434.9543,431.0655,434.0566,1196.4837
2025-10-10 00:00:00,434.0429,434.8483,431.273,431.7725,1196.84
2025-10-10 04:00:00,431.7725,434.4209,431.1139,431.4373,1197.21
2025-10-10 08:00:00,431.4373,434.502,431.3316,433.6581,1197.58
2025-10-10 12:00:00,433.6581,437.2595,422.7107,424.6122,1197.95
2025-10-10 16:00:00,424.6123,426.2223,413.6222,416.2017,1198.32
2025-10-10 20:00:00,416.2017,418.2251,363.8453,402.3344,1198.69
2025-10-11 00:00:00,402.3344,404.3391,396.023,400.6416,1199.06
2025-10-11 04:00:00,400.6416,403.1574,392.7082,393.8083,1199.43
2025-10-11 08:00:00,393.8082,400.9045,392.9649,400.5702,1199.8
2025-10-11 12:00:00,400.5703,401.4051,398.7835,398.8335,1200.17
2025-10-11 16:00:00,398.8336,400.2832,395.475,396.6399,1200.54
2025-10-11 20:00:00,396.6398,397.3676,390.822,394.7351,1200.91
2025-10-12 00:00:00,394.7351,397.3671,390.8344,394.8478,1201.28
2025-10-12 04:00:00,394.8478,400.0691,394.5877,397.8774,1201.65
2025-10-12 08:00:00,397.8774,400.097,396.4527,399.0303,1202.02
2025-10-12 12:00:00,399.0303,405.8498,396.5879,403.846,1202.39
2025-10-12 16:00:00,403.846,409.2538,403.796,407.9276,1202.76
2025-10-12 20:00:00,407.9276,413.0712,407.4334,410.1271,1203.13
2025-10-13 00:00:00,410.1272,413.7626,408.8665,409.6359,1203.5
2025-10-13 04:00:00,409.636,412.3035,408.0773,411.7,1203.87
2025-10-13 08:00:00,411.6999,411.8873,405.2883,407.3487,1204.24
2025-10-13 12:00:00,407.3487,412.2149,405.943,407.82,1204.61
2025-10-13 16:00:00,407.8199,413.5039,407.4264,413.1027,1204.98
2025-10-13 20:00:00,413.1027,413.4208,410.2435,410.8663,1205.35
2025-10-14 00:00:00,410.8663,411.7867,404.087,404.9227,1205.72
2025-10-14 04:00:00,404.9227,405.6541,397.2203,398.5881,1206.09
2025-10-14 08:00:00,398.5881,400.1208,392.4298,397.1239,1206.46
2025-10-14 12:00:00,397.1239,402.9885,391.9081,402.7837,1206.83
2025-10-14 16:00:00,402.7837,405.1316,398.4236,401.7608,1207.2
2025-10-14 20:00:00,401.7607,405.2474,400.3435,403.2393,1207.57
2025-10-15 00:00:00,403.2393,405.3735,398.9003,399.658,1207.94
2025-10-15 04:00:00,399.658,402.0473,398.6179,401.6566,1208.31
2025-10-15 08:00:00,401.6565,405.0472,398.427,399.235,1208.68
2025-10-15 12:00:00,399.235,400.4719,393.8132,395.2831,1209.05
2025-10-15 16:00:00,395.2831,398.0434,392.9712,396.9731,1209.42
2025-10-15 20:00:00,396.9731,398.0383,394.1699,395.1592,1209.79
2025-10-16 00:00:00,395.1592,399.1474,393.674,397.1792,1210.16
2025-10-16 04:00:00,397.1792,398.814,394.3597,394.5203,1210.53
2025-10-16 08:00:00,394.5203,398.6534,391.0845,397.4476,1210.9
2025-10-16 12:00:00,397.4476,399.5587,386.5413,387.2603,1211.27
2025-10-16 16:00:00,387.2603,389.8247,383.7439,386.0061,1211.64
2025-10-16 20:00:00,386.0061,387.1347,383.2067,385.994,1212.01
2025-10-17 00:00:00,385.994,389.7747,385.0169,389.4991,1212.38
2025-10-17 04:00:00,389.4991,389.7605,376.4821,376.8591,1212.75
2025-10-17 08:00:00,376.8591,380.539,369.2974,377.0373,1213.12
2025-10-17 12:00:00,377.0373,381.2558,372.8828,381.0324,1213.49
2025-10-17 16:00:00,381.0323,383.8368,378.3705,379.788,1213.86
2025-10-17 20:00:00,379.797,383.3531,379.3375,379.7058,1214.23
2025-10-18 00:00:00,379.7058,382.8752,379.2652,381.9845,1214.6
2025-10-18 04:00:00,381.9845,383.5635,379.6832,380.5382,1214.97
2025-10-18 08:00:00,380.5382,382.5753,380.2774,382.4775,1215.34
2025-10-18 12:00:00,382.4775,382.8536,380.7533,381.5505,1215.71
2025-10-18 16:00:00,381.5505,382.1111,379.8424,382.0192,1216.08
2025-10-18 20:00:00,382.0192,382.9928,381.1547,382.3934,1216.45
2025-10-19 00:00:00,382.3933,383.0932,380.7349,382.7172,1216.82
2025-10-19 04:00:00,382.7172,382.8179,380.1086,380.9698,1217.19
2025-10-19 08:00:00,380.9698,386.2803,378.4845,384.5284,1217.56
2025-10-19 12:00:00,384.5421,387.5825,382.9636,387.051,1217.9437
2025-10-19 16:00:00,387.0373,390.5242,386.1071,388.5418,1218.3
2025-10-19 20:00:00,388.5418,390.2421,386.9316,387.5941,1218.67
2025-10-20 00:00:00,387.5941,394.0125,383.1193,392.955,1219.04
2025-10-20 04:00:00,392.955,397.6437,392.2147,396.6099,1219.41
2025-10-20 08:00:00,396.6099,398.477,394.5562,396.0635,1219.78
2025-10-20 12:00:00,396.0635,398.5709,394.4847,396.5194,1220.15
2025-10-20 16:00:00,396.5194,397.1349,391.8718,395.3017,1220.52
2025-10-20 20:00:00,395.3017,397.0241,393.8783,394.3344,1220.89
2025-10-21 00:00:00,394.3344,394.3844,389.0044,389.0798,1221.26
2025-10-21 04:00:00,389.0798,389.1298,383.3734,385.609,1221.63
2025-10-21 08:00:00,385.6091,388.2459,383.4108,387.3702,1222.0
2025-10-21 12:00:00,387.3701,405.1783,384.9729,404.6466,1222.37
2025-10-21 16:00:00,404.6466,406.7565,397.1107,398.7878,1222.74
2025-10-21 20:00:00,398.7879,398.9128,385.4143,386.3629,1223.11
2025-10-22 00:00:00,386.3628,387.7705,384.6844,386.0716,1223.48
2025-10-22 04:00:00,386.0716,387.6306,383.8595,386.4484,1223.85
2025-10-22 08:00:00,386.4484,386.6308,380.6422,383.7135,1224.22
2025-10-22 12:00:00,383.7135,389.5032,383.2638,386.7868,1224.59
2025-10-22 16:00:00,386.7868,388.1922,383.3361,384.8384,1224.96
2025-10-22 20:00:00,384.8384,385.6004,380.4942,383.7577,1225.33
2025-10-23 00:00:00,383.7577,387.921,383.4671,386.6493,1225.7
2025-10-23 04:00:00,386.6493,393.5503,386.5009,389.8314,1226.07
2025-10-23 08:00:00,389.8314,392.143,389.1767,389.7743,1226.44
2025-10-23 12:00:00,389.7743,392.8785,387.6973,392.1089,1226.81
2025-10-23 16:00:00,392.1089,397.1012,391.128,393.1496,1227.18
2025-10-23 20:00:00,393.1497,393.1997,390.0361,392.715,1227.55
2025-10-24 00:00:00,392.7151,395.446,392.3288,394.0111,1227.92
2025-10-24 04:00:00,394.0111,397.9171,393.5706,396.1985,1228.29
2025-10-24 08:00:00,396.1985,397.7768,394.5267,396.2402,1228.66
2025-10-24 12:00:00,396.2402,399.9958,391.3159,392.6035,1229.03
2025-10-24 16:00:00,392.6035,395.8589,391.6624,394.6304,1229.4
2025-10-24 20:00:00,394.6304,396.5483,394.0914,396.0212,1229.77
2025-10-25 00:00:00,396.0212,396.8624,394.7866,396.1107,1230.14
2025-10-25 04:00:00,396.1107,398.9823,396.0607,397.7504,1230.51
2025-10-25 08:00:00,397.7504,399.0866,397.2945,398.0152,1230.88
2025-10-25 12:00:00,398.0152,399.4186,397.0639,397.3779,1231.25
2025-10-25 16:00:00,397.3779,398.6644,396.5402,398.2279,1231.62
2025-10-25 20:00:00,398.228,398.4927,397.1747,398.3093,1231.99
2025-10-26 00:00:00,398.3093,399.263,396.8829,396.9329,1232.36
2025-10-26 04:00:00,396.9329,398.6401,396.8829,398.5866,1232.73
2025-10-26 08:00:00,398.5866,404.8522,398.4818,404.1596,1233.1
2025-10-26 12:00:00,404.1596,406.7565,404.0873,405.6183,1233.47
2025-10-26 16:00:00,405.6183,406.0213,404.1257,405.2295,1233.84
2025-10-26 20:00:00,405.2295,411.9895,402.7357,408.7022,1234.21
2025-10-27 00:00:00,408.7023,411.9131,407.9489,410.1261,1234.58
2025-10-27 04:00:00,410.1261,415.3188,410.003,412.2527,1234.95
2025-10-27 08:00:00,412.2527,412.4914,409.563,411.5657,1235.32
2025-10-27 12:00:00,411.5657,411.8849,408.4546,410.166,1235.69
2025-10-27 16:00:00,410.166,413.1425,409.4778,410.0695,1236.06
2025-10-27 20:00:00,410.0695,410.1195,406.0501,407.0906,1236.43
2025-10-28 00:00:00,407.0906,408.7087,405.1221,406.3792,1236.8
2025-10-28 04:00:00,406.3792,408.0587,404.8131,407.3785,1237.17
2025-10-28 08:00:00,407.3786,409.1599,407.0607,407.9828,1237.54
2025-10-28 12:00:00,407.9827,414.1985,407.1491,408.9947,1237.91
2025-10-28 16:00:00,408.9947,412.434,405.1098,405.6005,1238.28
2025-10-28 20:00:00,405.597,405.6981,400.2741,402.7766,1238.65
2025-10-29 00:00:00,402.7766,403.1024,399.8781,401.4389,1239.02
2025-10-29 04:00:00,401.4389,405.2506,401.325,405.2006,1239.39
2025-10-29 08:00:00,405.2006,405.4155,402.136,403.6111,1239.76
2025-10-29 12:00:00,403.6111,405.4855,397.3861,397.8223,1240.13
2025-10-29 16:00:00,397.8223,399.7292,389.532,394.7194,1240.5
2025-10-29 20:00:00,394.7194,398.9078,391.4344,392.5121,1240.87
2025-10-30 00:00:00,392.5121,396.0965,391.3281,395.1171,1241.24
2025-10-30 04:00:00,395.1171,398.1657,384.9836,397.312,1241.61
2025-10-30 08:00:00,397.312,397.7198,391.2884,391.4275,1241.98
2025-10-30 12:00:00,391.4272,391.6939,382.8535,384.2719,1242.35
2025-10-30 16:00:00,384.2719,386.1174,379.2015,380.0793,1242.72
2025-10-30 20:00:00,380.0793,386.5444,379.2437,386.4528,1243.09
2025-10-31 00:00:00,386.4528,392.6365,386.233,389.6814,1243.46
2025-10-31 04:00:00,389.6815,393.2531,389.2284,390.4715,1243.83
2025-10-31 08:00:00,390.4715,394.4483,389.5824,393.9188,1244.2
2025-10-31 12:00:00,393.9189,396.7316,390.1275,393.16,1244.57
2025-10-31 16:00:00,393.16,393.5564,387.5163,391.8253,1244.94
2025-10-31 20:00:00,391.8253,391.8753,389.9928,391.0377,1245.31
2025-11-01 00:00:00,391.0377,393.6118,390.227,393.2437,1245.68
2025-11-01 04:00:00,393.2437,394.5,392.1502,392.6908,1246.05
2025-11-01 08:00:00,392.6908,393.4526,391.8678,392.927,1246.42
2025-11-01 12:00:00,392.927,393.7276,391.3253,393.5444,1246.79
2025-11-01 16:00:00,393.5444,394.3769,393.0711,393.5064,1247.16
2025-11-01 20:00:00,393.5064,394.3276,391.8811,392.7861,1247.53
2025-11-02 00:00:00,392.7861,393.4276,391.9558,392.626,1247.9
2025-11-02 04:00:00,392.626,396.2146,392.4934,395.631,1248.27
2025-11-02 08:00:00,395.631,396.8735,393.621,396.7065,1248.64
2025-11-02 12:00:00,396.7065,396.9457,392.7297,392.8552,1249.01
2025-11-02 16:00:00,392.8553,393.667,391.4428,393.0813,1249.38
2025-11-02 20:00:00,393.0813,395.1342,390.5001,394.365,1249.75
2025-11-03 00:00:00,394.3651,395.1618,384.9207,385.0778,1250.12
2025-11-03 04:00:00,385.0778,385.6185,381.7049,383.4038,1250.49
2025-11-03 08:00:00,383.4038,385.0688,380.708,384.5425,1250.86
2025-11-03 12:00:00,384.5425,386.5389,376.3712,377.2585,1251.23
2025-11-03 16:00:00,377.2585,384.5775,375.6418,382.0544,1251.6
2025-11-03 20:00:00,382.0955,382.4298,377.2849,380.2869,1252.0111
2025-11-04 00:00:00,380.2458,382.8491,377.589,382.2998,1252.34
2025-11-04 04:00:00,382.2998,382.85,371.694,372.7812,1252.71
2025-11-04 08:00:00,372.7812,373.5745,369.5713,373.1167,1253.08
2025-11-04 12:00:00,373.1167,374.0867,367.1098,368.1658,1253.45
2025-11-04 16:00:00,368.1658,369.2969,356.7484,358.696,1253.82
2025-11-04 20:00:00,358.7097,363.5776,352.9577,362.1153,1254.2037
2025-11-05 00:00:00,362.1016,364.9165,353.0241,364.3591,1254.56
2025-11-05 04:00:00,364.3591,365.2653,362.0615,363.8704,1254.93
2025-11-05 08:00:00,363.8704,364.6712,360.9073,364.1472,1255.3
2025-11-05 12:00:00,364.1473,370.3612,363.5484,370.0612,1255.67
2025-11-05 16:00:00,370.0749,372.9829,367.632,371.0731,1256.0537
2025-11-05 20:00:00,371.0731,373.0019,368.5149,370.6345,1256.4237
2025-11-06 00:00:00,370.6208,370.8427,366.4006,369.732,1256.78
2025-11-06 04:00:00,369.7352,371.794,367.0942,368.1246,1257.15
2025-11-06 08:00:00,368.122,369.0827,366.1701,368.2748,1257.52
2025-11-06 12:00:00,368.2749,369.7479,362.5253,363.947,1257.89
2025-11-06 16:00:00,363.947,365.3492,357.7838,361.7148,1258.26
2025-11-06 20:00:00,361.7149,362.6727,358.6408,361.5622,1258.63
2025-11-07 00:00:00,361.5622,365.7291,359.3856,363.5967,1259.0
2025-11-07 04:00:00,363.5967,365.8254,362.3573,363.931,1259.37
2025-11-07 08:00:00,363.9309,364.1237,356.0094,358.2296,1259.74
2025-11-07 12:00:00,358.2296,361.2838,354.0731,359.6069,1260.11
2025-11-07 16:00:00,359.6069,368.923,358.5548,368.873,1260.48
2025-11-07 20:00:00,368.8754,371.4243,367.2631,368.6726,1260.85
2025-11-08 00:00:00,368.6726,368.9621,365.77,366.01,1261.22
2025-11-08 04:00:00,366.01,366.9278,363.498,365.1545,1261.59
2025-11-08 08:00:00,365.1545,366.3988,362.8313,363.3855,1261.96
2025-11-08 12:00:00,363.3855,364.6124,361.8974,362.8659,1262.33
2025-11-08 16:00:00,362.8659,364.728,362.1403,363.8584,1262.7
2025-11-08 20:00:00,363.8584,365.6656,363.6953,365.0118,1263.07
2025-11-09 00:00:00,365.0118,365.1508,361.7047,362.6896,1263.44
2025-11-09 04:00:00,362.6896,364.4113,362.5466,363.6976,1263.81
2025-11-09 08:00:00,363.6977,365.043,362.0615,364.7494,1264.18
2025-11-09 12:00:00,364.7494,371.6799,364.026,370.182,1264.55
2025-11-09 16:00:00,370.1821,373.9545,368.5411,373.9045,1264.92
2025-11-09 20:00:00,373.9045,376.4163,371.1895,373.6097,1265.29
2025-11-10 00:00:00,373.6097,380.6064,371.926,378.2655,1265.66
2025-11-10 04:00:00,378.2655,380.1401,377.5672,379.812,1266.03
2025-11-10 08:00:00,379.812,380.3544,377.5306,378.7954,1266.4
2025-11-10 12:00:00,378.7954,380.3202,373.3601,374.8835,1266.77
2025-11-10 16:00:00,374.8835,378.5522,373.7788,377.5164,1267.14
2025-11-10 20:00:00,377.5164,379.2832,375.547,378.2054,1267.51
2025-11-11 00:00:00,378.2054,383.5671,376.3319,379.7925,1267.88
2025-11-11 04:00:00,379.7925,380.1636,373.6248,373.8274,1268.25
2025-11-11 08:00:00,373.8275,376.4247,373.6998,375.7108,1268.62
2025-11-11 12:00:00,375.7108,376.4319,368.0206,369.0897,1268.99
2025-11-11 16:00:00,369.0897,370.1173,366.8429,367.9138,1269.36
2025-11-11 20:00:00,367.9138,368.3131,365.5438,367.6734,1269.73
2025-11-12 00:00:00,367.6734,369.0861,366.2988,368.5689,1270.1
2025-11-12 04:00:00,368.5689,369.8475,367.4522,367.8648,1270.47
2025-11-12 08:00:00,367.8648,375.3616,367.8133,374.6724,1270.84
2025-11-12 12:00:00,374.6724,375.8373,363.7096,364.5143,1271.21
2025-11-12 16:00:00,364.5143,364.9627,359.6127,361.3884,1271.58
2025-11-12 20:00:00,361.3884,363.943,360.7808,362.6622,1271.95
2025-11-13 00:00:00,362.6622,366.1001,360.0014,364.3598,1272.32
2025-11-13 04:00:00,364.3598,371.3838,362.6523,369.1599,1272.69
2025-11-13 08:00:00,369.1599,370.408,365.8204,367.2364,1273.06
2025-11-13 12:00:00,367.2363,369.239,360.9346,361.6928,1273.43
2025-11-13 16:00:00,361.6928,362.3075,350.1008,352.0585,1273.8
2025-11-13 20:00:00,352.0585,358.5986,349.5763,355.6614,1274.17
2025-11-14 00:00:00,355.6614,356.3321,352.0722,353.6898,1274.54
2025-11-14 04:00:00,353.6898,353.8796,342.2033,346.5995,1274.91
2025-11-14 08:00:00,346.5995,348.0827,341.4087,343.0871,1275.28
2025-11-14 12:00:00,343.0871,347.2573,337.3041,345.33,1275.65
2025-11-14 16:00:00,345.33,347.574,338.1605,341.6987,1276.02
2025-11-14 20:00:00,341.6988,342.3256,335.3489,337.4737,1276.39
2025-11-15 00:00:00,337.4737,345.5603,337.297,343.9778,1276.76
2025-11-15 04:00:00,343.9778,344.5756,342.1586,343.6808,1277.13
2025-11-15 08:00:00,343.6808,343.7902,341.1197,341.4083,1277.5
2025-11-15 12:00:00,341.4082,344.2208,340.8884,343.4173,1277.87
2025-11-15 16:00:00,343.4172,344.0368,341.4812,342.5325,1278.24
2025-11-15 20:00:00,342.5325,342.5825,339.3,341.0492,1278.61
2025-11-16 00:00:00,341.0492,342.4676,338.3071,341.8654,1278.98
2025-11-16 04:00:00,341.8654,343.2247,341.1936,342.8464,1279.35
2025-11-16 08:00:00,342.8464,344.8055,340.6559,341.1594,1279.72
2025-11-16 12:00:00,341.1594,342.1829,336.6182,337.4004,1280.09
2025-11-16 16:00:00,337.4004,340.9977,334.4857,335.4259,1280.46
2025-11-16 20:00:00,335.4276,338.0436,331.7567,336.2872,1280.83
2025-11-17 00:00:00,336.2872,340.9699,334.4742,340.6944,1281.2
2025-11-17 04:00:00,340.6944,342.1116,338.3347,341.2545,1281.57
2025-11-17 08:00:00,341.2545,342.635,339.9769,340.9391,1281.94
2025-11-17 12:00:00,340.9391,342.6931,333.7751,335.2106,1282.31
2025-11-17 16:00:00,335.2107,336.9025,326.6994,327.0738,1282.68
2025-11-17 20:00:00,327.0738,329.6945,325.3866,328.9868,1283.05
2025-11-18 00:00:00,328.9868,329.5447,319.9638,324.0906,1283.42
2025-11-18 04:00:00,324.0906,324.1725,318.3719,322.9111,1283.79
2025-11-18 08:00:00,322.9111,326.9035,322.8528,326.4991,1284.16
2025-11-18 12:00:00,326.4991,332.015,324.2653,331.4662,1284.53
2025-11-18 16:00:00,331.4662,334.8194,330.2358,332.4848,1284.9
2025-11-18 20:00:00,332.4848,333.3486,329.8201,331.6472,1285.27
2025-11-19 00:00:00,331.6472,331.7663,326.9581,327.7716,1285.64
2025-11-19 04:00:00,327.7716,328.3725,321.1235,327.7328,1286.01
2025-11-19 08:00:00,327.7328,328.0909,324.86,326.1152,1286.38
2025-11-19 12:00:00,326.1152,329.6414,320.606,320.9118,1286.75
2025-11-19 16:00:00,320.9118,321.9638,316.149,317.1046,1287.12
2025-11-19 20:00:00,317.1046,326.8209,316.068,326.6316,1287.49
2025-11-20 00:00:00,326.6316,331.1167,325.2626,329.7902,1287.86
2025-11-20 04:00:00,329.7902,332.4077,327.0529,329.3616,1288.23
2025-11-20 08:00:00,329.3616,329.6997,326.1734,327.9838,1288.6
2025-11-20 12:00:00,327.9839,330.2027,320.4467,320.6199,1288.97
2025-11-20 16:00:00,320.6199,320.8192,307.1204,310.1004,1289.34
2025-11-20 20:00:00,310.1004,314.8908,307.924,309.0871,1289.71
2025-11-21 00:00:00,309.087,312.2113,304.4804,306.1763,1290.08
2025-11-21 04:00:00,306.1763,308.5031,292.4933,299.8547,1290.45
2025-11-21 08:00:00,299.8547,302.2611,291.2375,293.648,1290.82
2025-11-21 12:00:00,293.6481,305.0656,287.4986,295.87,1291.19
2025-11-21 16:00:00,295.8699,305.3397,293.6813,300.4252,1291.56
2025-11-21 20:00:00,300.4252,304.7826,297.7197,303.7078,1291.93
2025-11-22 00:00:00,303.7078,305.508,300.3862,301.2499,1292.3
2025-11-22 04:00:00,301.2499,302.5809,299.0324,301.7479,1292.67
2025-11-22 08:00:00,301.7479,301.8213,297.8447,300.0315,1293.04
2025-11-22 12:00:00,300.0315,302.425,298.2734,300.6917,1293.41
2025-11-22 16:00:00,300.6917,302.9358,300.412,301.8539,1293.78
2025-11-22 20:00:00,301.8539,304.2237,300.4765,302.3176,1294.15
2025-11-23 00:00:00,302.3176,308.1118,302.0101,307.9144,1294.52
2025-11-23 04:00:00,307.9144,309.9318,304.6945,306.0366,1294.89
2025-11-23 08:00:00,306.0366,308.5235,305.9368,307.9956,1295.26
2025-11-23 12:00:00,307.9956,311.3036,307.7309,310.6932,1295.63
2025-11-23 16:00:00,310.6932,312.891,308.5563,311.5408,1296.0
2025-11-23 20:00:00,311.5408,314.4543,309.2665,309.7748,1296.37
2025-11-24 00:00:00,309.7748,314.211,306.5734,312.0225,1296.74
2025-11-24 04:00:00,312.0225,313.4194,308.3691,310.5611,1297.11
2025-11-24 08:00:00,310.5611,310.6111,305.6811,307.7581,1297.48
2025-11-24 12:00:00,307.7581,309.5091,304.1665,309.0129,1297.85
2025-11-24 16:00:00,309.0129,316.9765,308.9629,315.1165,1298.22
2025-11-24 20:00:00,315.1165,318.3799,314.7997,315.0192,1298.59
2025-11-25 00:00:00,315.0192,315.0692,311.9636,313.3143,1298.96
2025-11-25 04:00:00,313.3143,315.854,311.4016,311.7541,1299.33
2025-11-25 08:00:00,311.7541,312.5953,309.1397,311.6717,1299.7
2025-11-25 12:00:00,311.6717,313.2575,307.1775,310.3418,1300.07
2025-11-25 16:00:00,310.3418,314.5542,307.4147,309.9633,1300.44
2025-11-25 20:00:00,309.9633,313.6042,308.7811,311.7012,1300.81
2025-11-26 00:00:00,311.7012,314.798,310.5809,310.8091,1301.18
2025-11-26 04:00:00,310.8092,313.8919,310.0102,313.7172,1301.55
2025-11-26 08:00:00,313.7172,313.7905,309.1553,310.723,1301.92
2025-11-26 12:00:00,310.723,312.9044,307.8581,310.3028,1302.29
2025-11-26 16:00:00,310.3028,322.6267,310.1765,320.932,1302.66
2025-11-26 20:00:00,320.932,323.4747,319.2819,322.8109,1303.03
2025-11-27 00:00:00,322.8108,328.0909,321.3549,324.9788,1303.4
2025-11-27 04:00:00,324.9788,326.6799,324.2061,326.1085,1303.77
2025-11-27 08:00:00,326.1085,328.0559,325.3907,325.9784,1304.14
2025-11-27 12:00:00,325.9784,326.3334,322.5982,324.5029,1304.51
2025-11-27 16:00:00,324.5029,327.7113,324.0693,326.5361,1304.88
2025-11-27 20:00:00,326.5362,326.8423,325.0103,325.8431,1305.25
2025-11-28 00:00:00,325.8431,326.1929,323.3621,325.3968,1305.62
2025-11-28 04:00:00,325.3968,327.2268,324.1287,324.3337,1305.99
2025-11-28 08:00:00,324.3337,328.3763,324.2734,326.213,1306.36
2025-11-28 12:00:00,326.213,332.1651,325.9607,329.5125,1306.73
2025-11-28 16:00:00,329.5126,329.6107,321.6785,325.2134,1307.1
2025-11-28 20:00:00,325.2134,325.5835,323.5513,324.2618,1307.47
2025-11-29 00:00:00,324.2618,325.1298,322.9833,323.511,1307.84
2025-11-29 04:00:00,323.511,324.4575,322.1469,323.1093,1308.21
2025-11-29 08:00:00,323.1093,323.7676,322.3768,323.4858,1308.58
2025-11-29 12:00:00,323.4858,325.0954,322.9282,324.8782,1308.95
2025-11-29 16:00:00,324.8782,325.2927,321.5887,323.3701,1309.32
2025-11-29 20:00:00,323.3701,324.8867,322.4619,323.9469,1309.69
2025-11-30 00:00:00,323.9469,324.8997,322.7144,324.3283,1310.06
2025-11-30 04:00:00,324.3283,324.8363,323.4258,324.5381,1310.43
2025-11-30 08:00:00,324.5381,326.9564,324.3418,324.8257,1310.8
2025-11-30 12:00:00,324.8258,328.2693,324.6338,326.2047,1311.17
2025-11-30 16:00:00,326.2047,327.7342,325.1704,326.2956,1311.54
2025-11-30 20:00:00,326.2956,326.9377,322.236,322.3684,1311.91
2025-12-01 00:00:00,322.3685,322.6218,307.3402,308.0485,1312.28
2025-12-01 04:00:00,308.0485,308.926,305.3509,308.7769,1312.65
2025-12-01 08:00:00,308.7769,310.2101,307.2311,307.3458,1313.02
2025-12-01 12:00:00,307.3367,309.2683,298.9962,302.0969,1313.39
2025-12-01 16:00:00,302.0969,305.2761,299.7389,303.3335,1313.76
2025-12-01 20:00:00,303.3335,309.9318,303.2235,307.8341,1314.13
2025-12-02 00:00:00,307.8341,311.68,307.4215,310.2992,1314.5
2025-12-02 04:00:00,310.2992,311.4605,309.6825,310.4264,1314.87
2025-12-02 08:00:00,310.4264,312.6745,307.8204,311.6975,1315.24
2025-12-02 12:00:00,311.6975,325.4152,310.4481,324.1166,1315.61
2025-12-02 16:00:00,324.1166,329.3669,321.7512,327.8746,1315.98
2025-12-02 20:00:00,327.8746,328.2693,323.6059,325.6431,1316.35
2025-12-03 00:00:00,325.6431,332.1476,324.5668,330.463,1316.72
2025-12-03 04:00:00,330.463,335.2567,330.399,331.7869,1317.09
2025-12-03 08:00:00,331.7869,333.2269,330.5453,331.8072,1317.46
2025-12-03 12:00:00,331.8072,334.3342,327.0883,329.5511,1317.83
2025-12-03 16:00:00,329.5511,333.6207,327.4094,331.8761,1318.2
2025-12-03 20:00:00,331.8761,335.9396,331.1146,333.3208,1318.57
2025-12-04 00:00:00,333.3208,335.6899,330.5589,333.7242,1318.94
2025-12-04 04:00:00,333.7242,333.9364,330.9342,333.2056,1319.31
2025-12-04 08:00:00,333.2056,334.0535,330.7983,331.6025,1319.68
2025-12-04 12:00:00,331.6025,332.7538,327.4593,331.6852,1320.05
2025-12-04 16:00:00,331.6852,332.4596,324.2057,328.1317,1320.42
2025-12-04 20:00:00,328.1316,330.8327,327.0595,328.4978,1320.79
2025-12-05 00:00:00,328.4978,330.7394,328.0263,328.7286,1321.16
2025-12-05 04:00:00,328.7286,330.0442,327.5035,329.1421,1321.53
2025-12-05 08:00:00,329.142,329.1921,324.4456,325.9055,1321.9
2025-12-05 12:00:00,325.9055,326.4094,320.5871,322.7229,1322.27
2025-12-05 16:00:00,322.7228,322.9129,314.0987,319.7614,1322.64
2025-12-05 20:00:00,319.7615,320.2257,317.1154,318.6939,1323.01
2025-12-06 00:00:00,318.6939,320.4435,317.5759,319.9723,1323.38
2025-12-06 04:00:00,319.9723,320.2928,319.1047,319.6468,1323.75
2025-12-06 08:00:00,319.6469,320.2422,318.2428,319.7686,1324.12
2025-12-06 12:00:00,319.7687,322.1686,319.2181,320.2235,1324.49
2025-12-06 16:00:00,320.2235,321.067,317.7433,318.9637,1324.86
2025-12-06 20:00:00,318.9637,319.7618,317.1383,318.3613,1325.23
2025-12-07 00:00:00,318.3613,320.2407,318.0962,320.0936,1325.6
2025-12-07 04:00:00,320.0936,320.4204,318.18,318.8712,1325.97
2025-12-07 08:00:00,318.8712,319.4884,317.6449,318.0487,1326.34
2025-12-07 12:00:00,318.0487,320.0907,312.8974,319.4948,1326.71
2025-12-07 16:00:00,319.4948,327.4131,317.8798,326.1698,1327.08
2025-12-07 20:00:00,326.1697,326.5226,317.4498,322.4944,1327.45
2025-12-08 00:00:00,322.4944,327.199,320.5346,324.8953,1327.82
2025-12-08 04:00:00,324.8954,327.8011,324.684,326.669,1328.19
2025-12-08 08:00:00,326.669,329.2937,326.3372,328.1062,1328.56
2025-12-08 12:00:00,328.1062,328.7048,319.6499,320.9463,1328.93
2025-12-08 16:00:00,320.9462,323.0153,319.8917,321.5282,1329.3
2025-12-08 20:00:00,321.5282,326.036,321.4782,323.3472,1329.67
2025-12-09 00:00:00,323.3472,324.1532,320.3057,322.529,1330.04
2025-12-09 04:00:00,322.529,323.0202,319.2503,322.8565,1330.41
2025-12-09 08:00:00,322.8565,323.2747,320.7219,322.456,1330.78
2025-12-09 12:00:00,322.4697,331.4115,321.0647,330.7571,1331.1637
2025-12-09 16:00:00,330.7434,337.5058,330.6434,334.6439,1331.52
2025-12-09 20:00:00,334.6439,334.896,329.0787,330.641,1331.89
2025-12-10 00:00:00,330.641,331.0747,328.0837,329.6842,1332.26
2025-12-10 04:00:00,329.6842,331.0624,329.5494,331.0124,1332.63
2025-12-10 08:00:00,331.0124,332.8769,327.3262,328.649,1333.0
2025-12-10 12:00:00,328.649,329.0756,326.6108,328.4465,1333.37
2025-12-10 16:00:00,328.4465,332.7059,327.0433,331.6359,1333.74
2025-12-10 20:00:00,331.6359,337.1027,327.734,328.2741,1334.11
2025-12-11 00:00:00,328.2742,328.5558,318.8565,320.656,1334.48
2025-12-11 04:00:00,320.656,322.847,319.9453,322.0572,1334.85
2025-12-11 08:00:00,322.0572,322.9328,320.931,321.9487,1335.22
2025-12-11 12:00:00,321.9487,323.4649,318.3963,320.6293,1335.59
2025-12-11 16:00:00,320.6293,326.622,318.6545,324.0802,1335.96
2025-12-11 20:00:00,324.0802,333.8169,323.8802,330.0508,1336.33
2025-12-12 00:00:00,330.0508,330.9593,326.2011,329.2304,1336.7
2025-12-12 04:00:00,329.2304,330.838,328.4508,329.7367,1337.07
2025-12-12 08:00:00,329.7367,330.5883,328.3291,329.7112,1337.44
2025-12-12 12:00:00,329.7112,330.6266,320.2492,320.8527,1337.81
2025-12-12 16:00:00,320.8527,323.5101,319.1789,321.7913,1338.18
2025-12-12 20:00:00,321.7913,322.5759,320.6724,322.0417,1338.55
2025-12-13 00:00:00,322.0417,322.8098,321.4622,322.3168,1338.92
2025-12-13 04:00:00,322.3169,322.5986,321.9935,322.2613,1339.29
2025-12-13 08:00:00,322.2613,323.3979,322.0687,322.2627,1339.66
2025-12-13 12:00:00,322.2627,322.8119,320.795,321.4129,1340.03
2025-12-13 16:00:00,321.4129,322.0907,320.9663,321.7197,1340.4
2025-12-13 20:00:00,321.7197,322.1357,320.2007,321.9404,1340.77
2025-12-14 00:00:00,321.9403,322.8194,321.4517,322.008,1341.14
2025-12-14 04:00:00,322.0081,322.3087,321.2151,321.9603,1341.51
2025-12-14 08:00:00,321.9603,322.1331,316.3508,318.8008,1341.88
2025-12-14 12:00:00,318.8009,319.9425,317.0479,317.5982,1342.25
2025-12-14 16:00:00,317.5983,318.9889,315.6721,316.2496,1342.62
2025-12-14 20:00:00,316.2496,316.9518,312.3911,314.5631,1342.99
2025-12-15 00:00:00,314.5631,321.3219,314.1642,318.5247,1343.36
2025-12-15 04:00:00,318.5247,320.8433,318.44,320.2044,1343.73
2025-12-15 08:00:00,320.2044,321.0866,319.5073,319.8043,1344.1
2025-12-15 12:00:00,319.8043,320.6932,308.9824,310.4998,1344.47
2025-12-15 16:00:00,310.4998,311.2162,303.7192,307.3487,1344.84
2025-12-15 20:00:00,307.3487,308.5501,305.087,308.3552,1345.21
2025-12-16 00:00:00,308.3552,308.7731,304.5732,306.371,1345.58
2025-12-16 04:00:00,306.371,309.0591,304.1451,306.8904,1345.95
2025-12-16 08:00:00,306.8904,311.6086,306.5174,311.314,1346.32
2025-12-16 12:00:00,311.3141,314.6267,307.147,313.8684,1346.69
2025-12-16 16:00:00,313.8684,314.1779,310.5497,312.4711,1347.06
2025-12-16 20:00:00,312.471,313.7544,311.5577,313.4616,1347.43
2025-12-17 00:00:00,313.4617,313.8205,310.8665,311.1433,1347.8
2025-12-17 04:00:00,311.1433,311.8531,307.5097,310.5439,1348.17
2025-12-17 08:00:00,310.5439,310.9216,307.616,310.3216,1348.54
2025-12-17 12:00:00,310.3216,322.4393,309.6794,311.2141,1348.91
2025-12-17 16:00:00,311.2141,313.1756,304.3163,306.8798,1349.28
2025-12-17 20:00:00,306.8798,308.4018,305.4939,307.6814,1349.65
2025-12-18 00:00:00,307.6814,309.9452,306.2782,309.0197,1350.02
2025-12-18 04:00:00,309.0197,310.0795,308.1358,309.7885,1350.39
2025-12-18 08:00:00,309.7885,312.0497,309.208,311.4542,1350.76
2025-12-18 12:00:00,311.4534,319.2704,310.7229,315.7806,1351.13
2025-12-18 16:00:00,315.7806,315.9026,301.3456,301.4045,1351.5
2025-12-18 20:00:00,301.4045,306.2782,301.2339,305.0884,1351.87
2025-12-19 00:00:00,305.0884,312.4612,303.5894,309.9938,1352.24
2025-12-19 04:00:00,309.9938,315.601,309.0737,313.7826,1352.61
2025-12-19 08:00:00,313.7826,315.3726,312.9806,314.6578,1352.98
2025-12-19 12:00:00,314.6578,318.9934,312.1671,313.7772,1353.35
2025-12-19 16:00:00,313.7771,317.1475,309.7825,313.3992,1353.72
2025-12-19 20:00:00,313.3992,315.5217,312.5246,314.4374,1354.09
2025-12-20 00:00:00,314.4375,315.2093,313.7619,314.7159,1354.46
2025-12-20 04:00:00,314.7159,316.0434,314.338,314.9314,1354.83
2025-12-20 08:00:00,314.9314,315.5258,314.2819,314.9395,1355.2
2025-12-20 12:00:00,314.9395,315.2252,313.1702,314.5865,1355.57
2025-12-20 16:00:00,314.5865,315.4928,314.2683,314.7799,1355.94
2025-12-20 20:00:00,314.7799,315.5809,314.4485,315.2364,1356.31
2025-12-21 00:00:00,315.2365,315.5459,313.4328,314.2009,1356.68
2025-12-21 04:00:00,314.2009,314.7181,314.0773,314.5725,1357.05
2025-12-21 08:00:00,314.5725,317.8582,314.405,316.0951,1357.42
2025-12-21 12:00:00,316.0951,317.2811,312.472,314.1913,1357.79
2025-12-21 16:00:00,314.1913,316.1395,313.7205,315.6756,1358.16
2025-12-21 20:00:00,315.6756,316.9369,314.227,316.2994,1358.53
2025-12-22 00:00:00,316.2995,319.8042,313.5421,316.7106,1358.9
2025-12-22 04:00:00,316.7107,318.28,316.4394,318.1233,1359.27
2025-12-22 08:00:00,318.1233,321.5551,317.7998,320.8894,1359.64
2025-12-22 12:00:00,320.8894,323.2327,318.1672,320.1099,1360.01
2025-12-22 16:00:00,320.1099,321.5872,313.7767,314.1359,1360.38
2025-12-22 20:00:00,314.1359,316.9719,313.5842,316.1636,1360.75
2025-12-23 00:00:00,316.1636,317.3524,313.1854,314.5554,1361.12
2025-12-23 04:00:00,314.5554,315.3121,310.5151,312.4319,1361.49
2025-12-23 08:00:00,312.4319,313.6065,311.3933,313.4375,1361.86
2025-12-23 12:00:00,313.4375,313.867,308.911,311.9633,1362.23
2025-12-23 16:00:00,311.9633,314.9814,310.9106,313.0672,1362.6
2025-12-23 20:00:00,313.0673,315.3273,310.9735,312.1151,1362.97
2025-12-24 00:00:00,312.1151,313.4269,309.8457,311.5808,1363.34
2025-12-24 04:00:00,311.5808,312.0672,309.6058,310.0657,1363.71
2025-12-24 08:00:00,310.0657,311.7142,309.3468,311.1089,1364.08
2025-12-24 12:00:00,311.1089,312.1387,308.2621,310.5596,1364.45
2025-12-24 16:00:00,310.5597,312.8216,310.0361,312.4008,1364.82
2025-12-24 20:00:00,312.4008,314.1769,312.1749,312.7696,1365.19
2025-12-25 00:00:00,312.7696,313.8829,312.1455,313.3796,1365.56
2025-12-25 04:00:00,313.3796,313.5073,312.6901,313.3695,1365.93
2025-12-25 08:00:00,313.3695,313.5993,311.2289,312.2344,1366.3
2025-12-25 12:00:00,312.2345,316.1136,311.754,315.2734,1366.67
2025-12-25 16:00:00,315.2734,315.7042,313.8747,314.4882,1367.04
2025-12-25 20:00:00,314.4883,314.597,310.0984,311.185,1367.41
2025-12-26 00:00:00,311.185,319.1362,309.9449,316.9631,1367.78
2025-12-26 04:00:00,316.9631,319.592,315.1385,315.6283,1368.15
2025-12-26 08:00:00,315.6283,317.2761,315.3788,315.8519,1368.52
2025-12-26 12:00:00,315.852,317.7449,309.1008,310.8729,1000.0
2025-12-26 16:00:00,310.8729,312.5015,309.6826,312.1716,1000.37
2025-12-26 20:00:00,312.1716,313.2593,311.4779,311.6997,1000.74
2025-12-27 00:00:00,311.6997,312.3293,311.2341,312.2158,1001.11
2025-12-27 04:00:00,312.2159,312.9357,311.8223,312.3052,1001.48
2025-12-27 08:00:00,312.3052,312.8466,311.6539,312.0794,1001.85
2025-12-27 12:00:00,312.0794,312.5361,311.4303,312.3479,1002.22
2025-12-27 16:00:00,312.348,312.5397,311.9085,312.4126,1002.59
2025-12-27 20:00:00,312.4126,313.9418,312.1151,313.5101,1002.96
2025-12-28 00:00:00,313.5101,313.8611,312.8499,313.0214,1003.33
2025-12-28 04:00:00,313.0213,313.4209,312.5246,312.9887,1003.7
2025-12-28 08:00:00,312.9887,314.0346,312.9,313.5324,1004.07
2025-12-28 12:00:00,313.5324,314.3155,313.167,313.3648,1004.44
2025-12-28 16:00:00,313.3648,313.7548,312.116,312.2391,1004.81
2025-12-28 20:00:00,312.2391,314.1756,311.8832,313.7802,1005.18
2025-12-29 00:00:00,313.7802,321.7372,313.2324,321.5249,1005.55
2025-12-29 04:00:00,321.5249,322.5828,319.2754,319.7202,1005.92
2025-12-29 08:00:00,319.7202,320.5098,312.3564,312.4065,1006.29
2025-12-29 12:00:00,312.4064,314.6793,309.641,312.8487,1006.66
2025-12-29 16:00:00,312.8487,313.9854,311.4456,311.6879,1007.03
2025-12-29 20:00:00,311.6879,312.5633,310.5863,311.2273,1007.4
2025-12-30 00:00:00,311.2273,311.9427,309.7807,311.7334,1007.77
2025-12-30 04:00:00,311.7334,312.5719,310.8917,312.1753,1008.14
2025-12-30 08:00:00,312.1753,314.8007,312.1252,313.606,1008.51
2025-12-30 12:00:00,313.606,318.1356,313.3067,317.5748,1008.88
2025-12-30 16:00:00,317.5749,318.9935,313.7569,314.7557,1009.25
2025-12-30 20:00:00,314.7557,316.0454,313.4938,315.6809,1009.62
2025-12-31 00:00:00,315.681,316.9236,314.5131,315.5652,1009.99
2025-12-31 04:00:00,315.5652,316.2777,315.0586,316.1363,1010.36
2025-12-31 08:00:00,316.1362,317.7327,315.3028,317.5576,1010.73
2025-12-31 12:00:00,317.5576,318.28,313.0662,313.7847,1011.1
2025-12-31 16:00:00,313.7847,314.1897,311.7598,312.3144,1011.47
2025-12-31 20:00:00,312.3144,313.5674,311.2232,312.6939,1011.84
2026-01-01 00:00:00,312.6938,314.3132,312.5887,313.3996,1012.21
2026-01-01 04:00:00,313.3995,313.4809,312.295,312.6356,1012.58
2026-01-01 08:00:00,312.6356,314.0868,312.5856,314.0368,1012.95
2026-01-01 12:00:00,314.0368,314.4036,313.2234,314.0637,1013.32
2026-01-01 16:00:00,314.0637,315.7827,313.4673,315.3444,1013.69
2026-01-01 20:00:00,315.3444,317.2791,314.7551,316.9423,1014.06
2026-01-02 00:00:00,316.9423,317.9946,315.2542,317.3404,1014.43
2026-01-02 04:00:00,317.3404,317.8499,315.9558,317.0085,1014.8
2026-01-02 08:00:00,317.0085,320.9287,316.6065,319.3108,1015.17
2026-01-02 12:00:00,319.3108,321.6157,315.5398,319.0081,1015.54
2026-01-02 16:00:00,319.0081,324.5654,318.2011,320.7175,1015.91
2026-01-02 20:00:00,320.7175,322.5611,319.7382,321.0667,1016.28
2026-01-03 00:00:00,321.0668,322.6265,320.9145,322.2301,1016.65
2026-01-03 04:00:00,322.2301,322.8488,318.5868,319.5755,1017.02
2026-01-03 08:00:00,319.5755,321.0703,318.9676,320.202,1017.39
2026-01-03 12:00:00,320.202,322.026,319.8387,320.9746,1017.76
2026-01-03 16:00:00,320.9746,321.9178,320.7437,321.5257,1018.13
2026-01-03 20:00:00,321.5256,323.7783,321.0956,323.3246,1018.5
2026-01-04 00:00:00,323.3246,326.8785,323.2745,325.4964,1018.87
2026-01-04 04:00:00,325.4964,327.5915,325.2551,326.5497,1019.24
2026-01-04 08:00:00,326.5497,326.9154,325.2241,325.722,1019.61
2026-01-04 12:00:00,325.722,326.1973,324.652,325.8466,1019.98
2026-01-04 16:00:00,325.8466,326.3282,324.1146,325.1443,1020.35
2026-01-04 20:00:00,325.1442,326.8066,325.0726,326.5416,1020.72
2026-01-05 00:00:00,326.5416,333.2211,326.4383,331.3524,1021.09
2026-01-05 04:00:00,331.3524,331.6509,328.7223,330.0767,1021.46
2026-01-05 08:00:00,330.0767,332.3756,329.3115,332.2659,1021.83
2026-01-05 12:00:00,332.2658,335.4045,329.6218,335.2037,1022.2
2026-01-05 16:00:00,335.2037,337.1883,332.6288,336.4369,1022.57
2026-01-05 20:00:00,336.4506,338.2333,334.6047,334.8677,1022.9537
2026-01-06 00:00:00,334.854,335.982,333.6248,334.5312,1023.31
2026-01-06 04:00:00,334.5313,335.4045,332.2292,332.6969,1023.68
2026-01-06 08:00:00,332.6969,335.0299,332.3337,334.7837,1024.05
2026-01-06 12:00:00,334.7836,336.9901,332.9927,334.1022,1024.42
2026-01-06 16:00:00,334.1023,334.6039,325.5398,328.5921,1024.79
2026-01-06 20:00:00,328.5921,334.8516,328.52,334.4554,1025.16
2026-01-07 00:00:00,334.4554,334.5054,329.0115,331.1299,1025.53
2026-01-07 04:00:00,331.1299,331.5884,329.9531,331.3557,1025.9
2026-01-07 08:00:00,331.3557,331.6997,326.7423,328.5304,1026.27
2026-01-07 12:00:00,328.5304,329.3374,324.6873,325.9002,1026.64
2026-01-07 16:00:00,325.9002,327.5201,323.4441,325.3155,1027.01
2026-01-07 20:00:00,325.3155,326.4484,323.8108,325.9509,1027.38
2026-01-08 00:00:00,325.9509,327.1562,323.233,323.986,1027.75
2026-01-08 04:00:00,323.986,325.3724,319.7563,323.0392,1028.12
2026-01-08 08:00:00,323.0392,324.4064,320.2394,321.8931,1028.49
2026-01-08 12:00:00,321.8931,324.1577,318.576,323.8724,1028.86
2026-01-08 16:00:00,323.8724,326.3749,322.1504,324.4284,1029.23
2026-01-08 20:00:00,324.4284,326.4605,323.0609,325.0084,1029.6
2026-01-09 00:00:00,325.0085,326.9568,324.0666,325.4374,1029.97
2026-01-09 04:00:00,325.4374,325.5462,323.6682,323.7307,1030.34
2026-01-09 08:00:00,323.7307,324.1443,319.9448,322.7363,1030.71
2026-01-09 12:00:00,322.7363,328.5638,320.499,325.2813,1031.08
2026-01-09 16:00:00,325.2813,327.4963,321.7119,322.2691,1031.45
2026-01-09 20:00:00,322.269,323.7456,321.4403,323.3719,1031.82
2026-01-10 00:00:00,323.3719,323.9248,322.9178,323.3179,1032.19
2026-01-10 04:00:00,323.3179,323.5697,322.4905,323.5047,1032.56
2026-01-10 08:00:00,323.5047,324.1023,323.2399,323.6665,1032.93
2026-01-10 12:00:00,323.6666,323.9481,322.9551,323.4592,1033.3
2026-01-10 16:00:00,323.4593,323.7955,322.8341,323.3193,1033.67
2026-01-10 20:00:00,323.3193,323.4853,322.4754,322.8847,1034.04
2026-01-11 00:00:00,322.8847,323.7668,322.6434,323.7009,1034.41
2026-01-11 04:00:00,323.7009,324.1666,323.1224,323.6199,1034.78
2026-01-11 08:00:00,323.6199,324.0453,323.2113,323.7776,1035.15
2026-01-11 12:00:00,323.7776,325.3849,323.5608,324.2086,1035.52
2026-01-11 16:00:00,324.2086,325.7145,323.4362,323.5486,1035.89
2026-01-11 20:00:00,323.5486,324.8508,321.876,324.7004,1036.26
2026-01-12 00:00:00,324.7004,330.1243,323.5324,327.5347,1036.63
2026-01-12 04:00:00,327.5347,329.3068,325.9622,326.1076,1037.0
2026-01-12 08:00:00,326.1076,326.9497,322.3541,323.2994,1037.37
2026-01-12 12:00:00,323.2994,327.0741,321.4923,327.0241,1037.74
2026-01-12 16:00:00,327.0241,329.4537,324.6036,327.7244,1038.11
2026-01-12 20:00:00,327.7244,328.4342,324.3812,325.7084,1038.48
2026-01-13 00:00:00,325.7084,326.6499,324.7539,326.1105,1038.85
2026-01-13 04:00:00,326.1105,329.2517,325.8529,328.0124,1039.22
2026-01-13 08:00:00,328.0123,330.6671,327.8991,328.2219,1039.59
2026-01-13 12:00:00,328.2219,333.4423,327.4116,333.3923,1039.96
2026-01-13 16:00:00,333.3923,336.2315,332.0163,336.1638,1040.33
2026-01-13 20:00:00,336.1638,344.3057,335.5257,340.3991,1040.7
2026-01-14 00:00:00,340.3991,341.5479,339.286,341.4943,1041.07
2026-01-14 04:00:00,341.4943,341.8234,337.2998,339.6538,1041.44
2026-01-14 08:00:00,339.6538,340.0964,337.9372,338.1836,1041.81
2026-01-14 12:00:00,338.1836,346.4094,337.7329,345.2174,1042.18
2026-01-14 16:00:00,345.2174,348.8793,343.3193,347.0113,1042.55
2026-01-14 20:00:00,347.0113,349.4055,345.194,345.8853,1042.92
2026-01-15 00:00:00,345.8853,346.1073,341.6441,342.4365,1043.29
2026-01-15 04:00:00,342.4366,345.2516,342.2716,344.739,1043.66
2026-01-15 08:00:00,344.739,346.7971,343.4742,344.5628,1044.03
2026-01-15 12:00:00,344.5627,346.6961,340.4273,345.1192,1044.4
2026-01-15 16:00:00,345.1192,346.6888,339.5254,340.763,1044.77
2026-01-15 20:00:00,340.763,342.0795,339.3519,341.0798,1045.14
2026-01-16 00:00:00,341.0798,342.0228,340.0194,340.1875,1045.51
2026-01-16 04:00:00,340.1875,341.8862,339.3467,341.2523,1045.88
2026-01-16 08:00:00,341.2523,342.0812,339.8048,340.4529,1046.25
2026-01-16 12:00:00,340.4529,341.8586,336.3514,337.445,1046.62
2026-01-16 16:00:00,337.4451,339.7418,337.1168,338.9296,1046.99
2026-01-16 20:00:00,338.9296,341.1127,337.7376,340.8876,1047.36
2026-01-17 00:00:00,340.8876,341.0349,339.5856,340.2526,1047.73
2026-01-17 04:00:00,340.2526,340.3051,339.0209,339.2848,1048.1
2026-01-17 08:00:00,339.2848,340.1275,338.9494,340.0775,1048.47
2026-01-17 12:00:00,340.0775,341.2534,339.5814,340.9686,1048.84
2026-01-17 16:00:00,340.9687,341.0275,339.6293,339.9616,1049.21
2026-01-17 20:00:00,339.9616,340.445,339.0505,339.4493,1049.58
2026-01-18 00:00:00,339.4493,339.864,338.4309,339.6367,1049.95
2026-01-18 04:00:00,339.6367,339.8997,338.973,339.023,1050.32
2026-01-18 08:00:00,339.023,340.0259,338.9486,339.5217,1050.69
2026-01-18 12:00:00,339.5217,340.3144,338.551,339.3476,1051.06
2026-01-18 16:00:00,339.3476,340.8334,339.1326,340.2813,1051.43
2026-01-18 20:00:00,340.2813,340.8669,333.9324,334.1884,1051.8
2026-01-19 00:00:00,334.1884,334.2384,327.8489,330.6813,1052.17
2026-01-19 04:00:00,330.6812,331.3425,329.5431,331.2219,1052.54
2026-01-19 08:00:00,331.2219,333.1513,330.6757,332.4717,1052.91
2026-01-19 12:00:00,332.4717,332.6447,330.6666,332.0317,1053.28
2026-01-19 16:00:00,332.0454,333.349,331.5009,332.1782,1053.6637
2026-01-19 20:00:00,332.1782,333.072,328.7484,330.4842,1054.0337
2026-01-20 00:00:00,330.4704,331.3731,329.1136,329.7709,1054.39
2026-01-20 04:00:00,329.771,329.9474,323.7875,325.2867,1054.76
2026-01-20 08:00:00,325.2867,326.2817,323.5064,325.433,1055.13
2026-01-20 12:00:00,325.433,326.0257,320.5313,323.5277,1055.5
2026-01-20 16:00:00,323.5277,324.6107,318.5099,320.1057,1055.87
2026-01-20 20:00:00,320.1058,320.6139,313.5278,315.4746,1056.24
2026-01-21 00:00:00,315.4746,319.7028,314.7908,319.0589,1056.61
2026-01-21 04:00:00,319.0589,321.5638,317.7993,318.2798,1056.98
2026-01-21 08:00:00,318.2798,319.327,316.3962,316.7673,1057.35
2026-01-21 12:00:00,316.7673,323.1819,314.6007,322.1117,1057.72
2026-01-21 16:00:00,322.1117,322.7395,311.2715,322.3526,1058.09
2026-01-21 20:00:00,322.3526,322.4791,318.6972,319.1388,1058.46
2026-01-22 00:00:00,319.1388,322.4184,319.0888,320.7256,1058.83
2026-01-22 04:00:00,320.7256,321.9039,320.3277,320.4376,1059.2
2026-01-22 08:00:00,320.4376,321.6692,320.1779,320.8745,1059.57
2026-01-22 12:00:00,320.8745,322.3471,315.7375,317.5165,1059.94
2026-01-22 16:00:00,317.5165,320.8646,316.314,320.2917,1060.31
2026-01-22 20:00:00,320.2917,320.9419,317.9664,319.5132,1060.68
2026-01-23 00:00:00,319.5269,321.0763,319.0873,320.8294,1061.0637
2026-01-23 04:00:00,320.8157,321.4514,318.8935,319.4767,1061.42
2026-01-23 08:00:00,319.4767,319.8219,316.9686,318.2389,1061.79
2026-01-23 12:00:00,318.2388,320.6544,315.9622,320.2336,1062.16
2026-01-23 16:00:00,320.2336,325.5044,319.211,321.0227,1062.53
2026-01-23 20:00:00,321.0227,321.6909,318.1824,319.658,1062.9
2026-01-24 00:00:00,319.658,320.9821,318.9805,320.2636,1063.27
2026-01-24 04:00:00,320.2637,320.611,319.5101,319.7288,1063.64
2026-01-24 08:00:00,319.7288,320.0154,319.5285,319.6406,1064.01
2026-01-24 12:00:00,319.6407,319.6907,318.0792,318.5003,1064.38
2026-01-24 16:00:00,318.5003,319.2126,318.0447,318.6987,1064.75
2026-01-24 20:00:00,318.6987,319.314,318.2356,318.3204,1065.12
2026-01-25 00:00:00,318.3204,318.705,316.8911,317.375,1065.49
2026-01-25 04:00:00,317.3751,317.888,316.1673,316.3035,1065.86
2026-01-25 08:00:00,316.3035,316.7103,314.3841,315.983,1066.23
2026-01-25 12:00:00,315.983,317.4662,315.1146,315.5418,1066.6
2026-01-25 16:00:00,315.5419,315.6002,307.4588,308.5802,1066.97
2026-01-25 20:00:00,308.5803,310.4805,307.0303,309.2053,1067.34
2026-01-26 00:00:00,309.2053,313.903,308.5818,311.3875,1067.71
2026-01-26 04:00:00,311.3875,314.2646,311.2027,313.9512,1068.08
2026-01-26 08:00:00,313.9512,315.5132,312.4743,313.4316,1068.45
2026-01-26 12:00:00,313.4316,317.067,311.4909,312.6696,1068.82
2026-01-26 16:00:00,312.6696,315.9181,310.458,313.9959,1069.19
2026-01-26 20:00:00,313.9959,316.3503,312.2651,315.1871,1069.56
2026-01-27 00:00:00,315.1871,317.2026,314.5939,316.7602,1069.93
2026-01-27 04:00:00,316.7601,317.6022,314.8908,315.092,1070.3
2026-01-27 08:00:00,315.092,315.4183,312.9839,313.923,1070.67
2026-01-27 12:00:00,313.923,315.6908,312.3958,314.1182,1071.04
2026-01-27 16:00:00,314.1182,316.9239,311.417,315.4072,1071.41
2026-01-27 20:00:00,315.4073,319.4329,315.2314,318.4084,1071.78
2026-01-28 00:00:00,318.4084,319.343,317.413,317.9684,1072.15
2026-01-28 04:00:00,317.9684,318.9935,316.8957,317.9958,1072.52
2026-01-28 08:00:00,317.9958,321.6932,316.873,321.3695,1072.89
2026-01-28 12:00:00,321.3695,322.8751,317.1262,319.2277,1073.26
2026-01-28 16:00:00,319.2277,323.2747,317.4892,318.9527,1073.63
2026-01-28 20:00:00,318.9527,320.7631,317.0313,318.5867,1074.0
2026-01-29 00:00:00,318.5868,318.808,312.8429,314.1405,1074.37
2026-01-29 04:00:00,314.1405,315.5331,313.5465,315.2081,1074.74
2026-01-29 08:00:00,315.2081,315.7827,313.007,313.4013,1075.11
2026-01-29 12:00:00,313.4013,314.6492,300.9362,303.0107,1075.48
2026-01-29 16:00:00,303.0107,305.5733,297.4285,299.7217,1075.85
2026-01-29 20:00:00,299.7217,302.3603,299.0038,301.998,1076.22
2026-01-30 00:00:00,301.998,302.3534,289.3467,294.9565,1076.59
2026-01-30 04:00:00,294.9565,297.346,292.6934,295.4579,1076.96
2026-01-30 08:00:00,295.4579,297.2841,293.0641,296.6509,1077.33
2026-01-30 12:00:00,296.6509,299.0078,293.8561,295.6968,1077.7
2026-01-30 16:00:00,295.6929,301.9445,292.0344,300.5454,1078.07
2026-01-30 20:00:00,300.5454,301.5947,297.9845,300.6078,1078.44
2026-01-31 00:00:00,300.6078,300.6918,298.9686,299.7594,1078.81
2026-01-31 04:00:00,299.7595,300.2501,297.5046,298.0617,1079.18
2026-01-31 08:00:00,298.0617,298.4052,294.4938,296.1822,1079.55
2026-01-31 12:00:00,296.1822,296.6604,288.3041,290.0536,1079.92
2026-01-31 16:00:00,290.0537,293.3068,270.0884,277.381,1080.29
2026-01-31 20:00:00,277.381,282.7467,274.9847,280.9168,1080.66
2026-02-01 00:00:00,280.9168,283.4031,279.2361,281.3706,1081.03
2026-02-01 04:00:00,281.3706,282.3161,278.1076,279.4966,1081.4
2026-02-01 08:00:00,279.4966,282.6779,278.7512,280.9256,1081.77
2026-02-01 12:00:00,280.9256,281.0652,273.8061,276.8223,1082.14
2026-02-01 16:00:00,276.8223,279.9037,274.6553,275.3288,1082.51
2026-02-01 20:00:00,275.3288,277.5367,270.0174,274.5919,1082.88
2026-02-02 00:00:00,274.5919,279.1479,266.1073,272.1829,1083.25
2026-02-02 04:00:00,272.1829,274.6054,267.2031,273.4951,1083.62
2026-02-02 08:00:00,273.4951,278.2181,273.3291,277.4166,1083.99
2026-02-02 12:00:00,277.4167,283.1748,276.6696,281.3056,1084.36
2026-02-02 16:00:00,281.3056,282.919,279.2335,279.4912,1084.73
2026-02-02 20:00:00,279.4912,281.7577,277.8233,280.9079,1085.1
2026-02-03 00:00:00,280.9079,282.5569,276.9531,280.9604,1085.47
2026-02-03 04:00:00,280.9604,281.8904,278.0445,281.1079,1085.84
2026-02-03 08:00:00,281.1079,282.1912,278.0445,278.5565,1086.21
2026-02-03 12:00:00,278.5565,279.96,274.8534,278.745,1086.58
2026-02-03 16:00:00,278.745,278.8028,260.1904,267.3382,1086.95
2026-02-03 20:00:00,267.3382,274.6126,266.045,270.3179,1087.32
2026-02-04 00:00:00,270.3179,274.6537,269.1869,273.6285,1087.69
2026-02-04 04:00:00,273.6285,274.1512,271.4633,272.9725,1088.06
2026-02-04 08:00:00,272.9725,273.3557,269.8961,271.1992,1088.43
2026-02-04 12:00:00,271.1992,272.1183,263.2179,264.489,1088.8
2026-02-04 16:00:00,264.4894,264.9438,257.4202,263.7288,1089.17
2026-02-04 20:00:00,263.7288,264.5662,256.4177,261.0265,1089.54
2026-02-05 00:00:00,261.0265,261.7021,253.7947,254.0961,1089.91
2026-02-05 04:00:00,254.0961,255.5716,250.1815,252.4322,1090.28
2026-02-05 08:00:00,252.4322,256.8409,249.4038,250.8678,1090.65
2026-02-05 12:00:00,250.8678,252.8932,237.9809,240.7741,1091.02
2026-02-05 16:00:00,240.7741,245.0793,232.5576,232.8418,1091.39
2026-02-05 20:00:00,232.8418,234.4414,222.3721,224.4373,1091.76
2026-02-06 00:00:00,224.4373,235.5473,214.0061,228.927,1092.13
2026-02-06 04:00:00,228.927,238.4603,227.9719,231.3803,1092.5
2026-02-06 08:00:00,231.3803,238.2057,230.0603,237.714,1092.87
2026-02-06 12:00:00,237.714,246.8995,235.8201,244.8302,1093.24
2026-02-06 16:00:00,244.8302,255.1335,244.0745,252.3416,1093.61
2026-02-06 20:00:00,252.3416,256.0301,249.1018,251.8022,1093.98
2026-02-07 00:00:00,251.8022,253.0955,248.676,253.0107,1094.35
2026-02-07 04:00:00,253.0107,255.8116,240.0496,242.9078,1094.72
2026-02-07 08:00:00,242.9214,245.479,241.071,242.513,1095.1037
2026-02-07 12:00:00,242.4993,249.782,242.1969,246.705,1095.46
2026-02-07 16:00:00,246.705,249.4182,244.4431,247.4974,1095.83
2026-02-07 20:00:00,247.4974,248.8146,245.3558,247.1969,1096.2
2026-02-08 00:00:00,247.1968,248.6996,245.7149,246.5212,1096.57
2026-02-08 04:00:00,246.5212,248.7798,245.9433,248.6999,1096.94
2026-02-08 08:00:00,248.6999,254.1345,247.9488,253.2996,1097.31
2026-02-08 12:00:00,253.2996,255.3295,252.2058,253.9739,1097.68
2026-02-08 16:00:00,253.9739,255.2692,250.5787,254.8087,1098.05
2026-02-08 20:00:00,254.8086,257.8856,249.6821,250.9107,1098.42
2026-02-09 00:00:00,250.9107,254.9677,249.9253,254.3969,1098.79
2026-02-09 04:00:00,254.3969,254.6318,250.7941,251.2397,1099.16
2026-02-09 08:00:00,251.3219,252.0363,244.1295,245.9924,1099.6122
2026-02-09 12:00:00,245.9238,249.3849,243.6594,248.1881,1099.9137
2026-02-09 16:00:00,248.1744,253.6184,246.4712,253.1463,1100.27
2026-02-09 20:00:00,253.1463,253.7992,249.0525,250.2244,1100.64
2026-02-10 00:00:00,250.2244,251.6643,246.8587,247.9905,1101.01
2026-02-10 04:00:00,247.9905,249.4485,244.98,245.8779,1101.38
2026-02-10 08:00:00,245.8779,247.7047,244.1876,244.5056,1101.75
2026-02-10 12:00:00,244.5056,248.3236,241.8334,247.2111,1102.12
2026-02-10 16:00:00,247.2111,249.7594,244.7039,246.3857,1102.49
2026-02-10 20:00:00,246.3857,246.7029,243.8383,245.5983,1102.86
2026-02-11 00:00:00,245.5982,247.2594,242.5865,243.2675,1103.23
2026-02-11 04:00:00,243.2676,243.8063,237.4024,239.146,1103.6
2026-02-11 08:00:00,239.146,239.5588,236.7299,239.2185,1103.97
2026-02-11 12:00:00,239.2185,245.6235,234.5412,237.3159,1104.34
2026-02-11 16:00:00,237.3158,242.149,234.9693,241.1223,1104.71
2026-02-11 20:00:00,241.1222,243.9661,238.2219,239.3237,1105.08
2026-02-12 00:00:00,239.3237,242.8163,239.1774,241.102,1105.45
2026-02-12 04:00:00,241.102,241.5148,237.8036,239.806,1105.82
2026-02-12 08:00:00,239.806,243.7136,238.5925,242.868,1106.19
2026-02-12 12:00:00,242.868,244.1114,239.0327,239.51,1106.56
2026-02-12 16:00:00,239.51,239.9071,232.265,234.7066,1106.93
2026-02-12 20:00:00,234.7066,237.2559,232.6113,236.4327,1107.3
2026-02-13 00:00:00,236.4327,238.4157,234.9567,237.4348,1107.67
2026-02-13 04:00:00,237.4349,237.9077,235.4223,236.2072,1108.04
2026-02-13 08:00:00,236.2072,239.8879,236.0949,239.6408,1108.41
2026-02-13 12:00:00,239.6408,247.3197,238.5065,245.0661,1108.78
2026-02-13 16:00:00,245.0661,247.9375,244.4763,245.9465,1109.15
2026-02-13 20:00:00,245.9465,246.4977,244.9847,245.6435,1109.52
2026-02-14 00:00:00,245.6435,246.705,245.2888,246.1002,1109.89
2026-02-14 04:00:00,246.1003,247.4382,245.1517,246.9467,1110.26
2026-02-14 08:00:00,246.9467,251.78,246.8947,251.5364,1110.63
2026-02-14 12:00:00,251.5364,251.686,246.3449,248.9411,1111.0
2026-02-14 16:00:00,248.9411,249.5356,247.1242,249.2825,1111.37
2026-02-14 20:00:00,249.2825,250.6756,248.4978,249.1004,1111.74
2026-02-15 00:00:00,249.1004,249.7465,247.0117,249.5697,1112.11
2026-02-15 04:00:00,249.5697,253.0872,247.7532,252.6875,1112.48
2026-02-15 08:00:00,252.6876,253.289,250.3325,250.7853,1112.85
2026-02-15 12:00:00,250.7853,251.275,245.3018,246.5212,1113.22
2026-02-15 16:00:00,246.5212,246.5712,242.5469,243.6195,1113.59
2026-02-15 20:00:00,243.6195,246.4945,242.975,245.5672,1113.96
2026-02-16 00:00:00,245.5672,246.4481,243.0578,244.1125,1114.33
2026-02-16 04:00:00,244.1125,245.8577,243.363,244.6943,1114.7
2026-02-16 08:00:00,244.6942,246.4313,243.7559,245.4967,1115.07
2026-02-16 12:00:00,245.4968,250.234,240.0285,240.9541,1115.44
2026-02-16 16:00:00,240.9541,243.5221,240.8128,242.288,1115.81
2026-02-16 20:00:00,242.2881,246.1391,241.9301,245.7807,1116.18
2026-02-17 00:00:00,245.7807,247.076,243.9282,244.2911,1116.55
2026-02-17 04:00:00,244.2911,245.1709,242.1616,243.9815,1116.92
2026-02-17 08:00:00,243.9815,244.3564,241.4409,242.0781,1117.29
2026-02-17 12:00:00,242.0781,243.933,237.6274,240.4279,1117.66
2026-02-17 16:00:00,240.428,243.4866,238.555,241.8595,1118.03
2026-02-17 20:00:00,241.8595,242.3903,240.3849,240.8256,1118.4
2026-02-18 00:00:00,240.8256,241.5967,238.5941,241.2737,1118.77
2026-02-18 04:00:00,241.2736,243.4311,240.7634,242.9766,1119.14
2026-02-18 08:00:00,242.9766,244.3458,239.2536,240.3484,1119.51
2026-02-18 12:00:00,240.3484,243.8874,237.9707,241.5052,1119.88
2026-02-18 16:00:00,241.5052,241.6013,234.9479,236.0936,1120.25
2026-02-18 20:00:00,236.0937,237.4738,235.6029,237.1063,1120.62
2026-02-19 00:00:00,237.1063,239.0688,236.6425,238.9612,1120.99
2026-02-19 04:00:00,238.9612,240.2209,237.8368,239.7658,1121.36
2026-02-19 08:00:00,239.7658,239.8158,237.1171,237.2313,1121.73
2026-02-19 12:00:00,237.2313,238.2066,234.0982,236.8816,1122.1
2026-02-19 16:00:00,236.8816,239.786,235.0522,239.2077,1122.47
2026-02-19 20:00:00,239.2077,239.6817,237.739,239.0426,1122.84
2026-02-20 00:00:00,239.0426,240.8226,238.7988,240.3359,1123.21
2026-02-20 04:00:00,240.3359,242.6683,239.3909,241.9758,1123.58
2026-02-20 08:00:00,241.9758,243.7828,239.9803,240.1652,1123.95
2026-02-20 12:00:00,240.1789,242.9602,236.425,241.1227,1124.3337
2026-02-20 16:00:00,241.109,242.6469,238.8084,241.334,1124.69
2026-02-20 20:00:00,241.334,243.4817,240.8355,242.6683,1125.06
2026-02-21 00:00:00,242.6682,243.002,240.8868,241.4116,1125.43
2026-02-21 04:00:00,241.4116,242.3771,241.0984,242.0832,1125.8
2026-02-21 08:00:00,242.0832,243.769,241.8594,242.9267,1126.17
2026-02-21 12:00:00,242.9267,245.1396,242.2436,244.7909,1126.54
2026-02-21 16:00:00,244.791,244.9961,242.91,244.5359,1126.91
2026-02-21 20:00:00,244.5359,244.8075,242.1901,242.511,1127.28
2026-02-22 00:00:00,242.511,243.4394,241.8682,242.7447,1127.65
2026-02-22 04:00:00,242.7446,243.2847,242.1252,242.6158,1128.02
2026-02-22 08:00:00,242.6158,243.5209,242.233,243.3816,1128.39
2026-02-22 12:00:00,243.3816,243.476,240.062,241.47,1128.76
2026-02-22 16:00:00,241.47,241.6413,239.6571,240.5573,1129.13
2026-02-22 20:00:00,240.5573,241.7601,240.2279,241.3247,1129.5
2026-02-23 00:00:00,241.3246,241.5226,229.3136,231.6592,1129.87
2026-02-23 04:00:00,231.6592,235.566,230.7226,235.3152,1130.24
2026-02-23 08:00:00,235.3152,237.6522,233.8625,236.201,1130.61
2026-02-23 12:00:00,236.201,237.3365,233.7339,234.249,1130.98
2026-02-23 16:00:00,234.249,234.528,228.4502,229.3793,1131.35
2026-02-23 20:00:00,229.3793,232.0724,227.8797,230.6669,1131.72
2026-02-24 00:00:00,230.6668,232.0395,225.9322,226.8834,1132.09
2026-02-24 04:00:00,226.8834,227.0512,223.6414,225.4473,1132.46
2026-02-24 08:00:00,225.4467,226.3952,224.3839,225.5691,1132.83
2026-02-24 12:00:00,225.5691,228.4898,222.9617,228.2336,1133.2
2026-02-24 16:00:00,228.2336,231.0276,227.1689,229.8785,1133.57
2026-02-24 20:00:00,229.8785,230.4885,227.6361,228.5339,1133.94
2026-02-25 00:00:00,228.5339,236.6176,227.967,233.2916,1134.31
2026-02-25 04:00:00,233.2916,234.263,230.9709,231.995,1134.68
2026-02-25 08:00:00,231.995,234.4151,231.6863,233.4283,1135.05
2026-02-25 12:00:00,233.4283,241.1413,233.0022,240.5003,1135.42
2026-02-25 16:00:00,240.5003,248.1767,240.4206,246.301,1135.79
2026-02-25 20:00:00,246.301,249.7422,241.1198,242.5542,1136.16
2026-02-26 00:00:00,242.5542,245.1442,241.5748,243.3705,1136.53
2026-02-26 04:00:00,243.3706,245.715,241.8971,241.9727,1136.9
2026-02-26 08:00:00,241.9727,245.225,241.8048,242.7799,1137.27
2026-02-26 12:00:00,242.7799,243.7308,238.1272,240.3921,1137.64
2026-02-26 16:00:00,240.3921,242.3012,237.1955,241.1314,1138.01
2026-02-26 20:00:00,241.1313,242.0443,239.5149,240.7602,1138.38
2026-02-27 00:00:00,240.7602,241.62,238.569,241.1728,1138.75
2026-02-27 04:00:00,241.1728,243.4203,240.6179,241.4931,1139.12
2026-02-27 08:00:00,241.4931,243.1818,235.269,235.9147,1139.49
2026-02-27 12:00:00,235.9147,236.7421,234.1607,235.802,1139.86
2026-02-27 16:00:00,235.802,235.9435,232.2498,233.2932,1140.23
2026-02-27 20:00:00,233.2932,235.3447,231.5389,235.0054,1140.6
2026-02-28 00:00:00,235.0053,235.6027,234.4168,234.7389,1140.97
2026-02-28 04:00:00,234.7389,234.8639,224.8159,227.7057,1141.34
2026-02-28 08:00:00,227.7057,229.4733,226.0364,227.7706,1141.71
2026-02-28 12:00:00,227.7706,233.2302,227.66,231.3275,1142.08
2026-02-28 16:00:00,231.3274,237.89,230.7089,236.7532,1142.45
2026-02-28 20:00:00,236.7532,241.7906,236.0917,238.9339,1142.82
2026-03-01 00:00:00,238.9339,243.3604,235.5641,240.8208,1143.19
2026-03-01 04:00:00,240.8208,241.2631,238.0851,239.5337,1143.56
2026-03-01 08:00:00,239.5337,240.1221,236.1812,237.1314,1143.93
2026-03-01 12:00:00,237.1314,240.3656,235.8836,238.4671,1144.3
2026-03-01 16:00:00,238.4671,239.4802,234.3413,235.3267,1144.67
2026-03-01 20:00:00,235.3267,237.2649,232.0439,234.6642,1145.04
2026-03-02 00:00:00,234.6642,239.3611,234.5592,238.3872,1145.41
2026-03-02 04:00:00,238.3872,239.0637,233.7798,235.4885,1145.78
2026-03-02 08:00:00,235.4895,238.0833,234.1792,236.7449,1146.15
2026-03-02 12:00:00,236.7448,248.4183,232.7688,246.629,1146.52
2026-03-02 16:00:00,246.629,250.1246,244.6025,246.0451,1146.89
2026-03-02 20:00:00,246.045,248.1402,244.6336,245.5582,1147.26
2026-03-03 00:00:00,245.5582,247.1352,243.2986,243.9452,1147.63
2026-03-03 04:00:00,243.9452,244.8496,241.8334,243.2134,1148.0
2026-03-03 08:00:00,243.2133,243.7594,236.6252,239.1242,1148.37
2026-03-03 12:00:00,239.1242,242.5513,235.9753,241.6187,1148.74
2026-03-03 16:00:00,241.6187,246.2109,240.6671,244.1488,1149.11
2026-03-03 20:00:00,244.1488,245.715,241.9486,243.8027,1149.48
2026-03-04 00:00:00,243.8028,245.891,240.4063,241.6415,1149.85
2026-03-04 04:00:00,241.6414,248.5976,240.6475,247.9238,1150.22
2026-03-04 08:00:00,247.9238,256.5355,246.4673,253.6971,1150.59
2026-03-04 12:00:00,253.6971,262.1964,251.7798,261.8508,1150.96
2026-03-04 16:00:00,261.8508,264.2309,258.7498,262.615,1151.33
2026-03-04 20:00:00,262.6171,263.0393,257.9341,259.246,1151.7
2026-03-05 00:00:00,259.246,261.5795,258.0187,258.6435,1152.07
2026-03-05 04:00:00,258.6435,260.7741,255.9609,257.0653,1152.44
2026-03-05 08:00:00,257.0653,262.4761,255.951,260.1344,1152.81
2026-03-05 12:00:00,260.1345,260.711,253.8514,255.6285,1153.18
2026-03-05 16:00:00,255.6696,255.7263,252.026,253.0485,1153.5911
2026-03-05 20:00:00,253.0074,255.3914,252.4541,252.9098,1153.92
2026-03-06 00:00:00,252.9109,254.848,250.9094,253.5864,1154.29
2026-03-06 04:00:00,253.5864,254.0374,250.1929,253.501,1154.66
2026-03-06 08:00:00,253.501,253.5908,250.3385,250.4918,1155.03
2026-03-06 12:00:00,250.4918,251.0013,243.1764,244.3975,1155.4
2026-03-06 16:00:00,244.3975,245.4847,241.6363,243.067,1155.77
2026-03-06 20:00:00,243.067,244.2199,241.7513,243.0036,1156.14
2026-03-07 00:00:00,243.0036,244.6128,242.7631,242.9376,1156.51
2026-03-07 04:00:00,242.9376,243.1739,240.5719,242.0356,1156.88
2026-03-07 08:00:00,242.0356,243.4755,241.5514,242.6326,1157.25
2026-03-07 12:00:00,242.6325,242.9516,241.1535,242.1597,1157.62
2026-03-07 16:00:00,242.1597,242.415,238.677,239.3159,1157.99
2026-03-07 20:00:00,239.3159,240.8026,239.2219,239.9672,1158.36
2026-03-08 00:00:00,239.9672,240.7987,238.3855,239.0302,1158.73
2026-03-08 04:00:00,239.0302,240.7386,237.3637,240.1706,1159.1
2026-03-08 08:00:00,240.1705,243.3604,239.5391,240.8666,1159.47
2026-03-08 12:00:00,240.8666,241.4016,238.129,239.8078,1159.84
2026-03-08 16:00:00,239.8078,240.8104,238.0715,240.233,1160.21
2026-03-08 20:00:00,240.233,241.2522,234.0506,235.3589,1160.58
2026-03-09 00:00:00,235.3589,241.4647,234.7765,239.7608,1160.95
2026-03-09 04:00:00,239.7608,242.8941,238.4565,241.0098,1161.32
2026-03-09 08:00:00,241.0098,244.2883,240.2081,241.7584,1161.69
2026-03-09 12:00:00,241.7584,247.9269,241.6891,245.6781,1162.06
2026-03-09 16:00:00,245.6781,248.0577,243.1859,246.1357,1162.43
2026-03-09 20:00:00,246.1357,246.7328,243.9193,244.1386,1162.8
2026-03-10 00:00:00,244.1386,251.8452,243.9433,247.698,1163.17
2026-03-10 04:00:00,247.698,251.7326,247.648,251.1806,1163.54
2026-03-10 08:00:00,251.1806,254.42,250.9985,251.8046,1163.91
2026-03-10 12:00:00,251.8047,256.1217,247.0637,254.5346,1164.28
2026-03-10 16:00:00,254.5347,255.847,248.7509,249.8877,1164.65
2026-03-10 20:00:00,249.8877,251.2708,247.7285,249.5488,1165.02
2026-03-11 00:00:00,249.5488,250.4002,247.858,248.1335,1165.39
2026-03-11 04:00:00,248.1335,250.7877,247.6129,248.4773,1165.76
2026-03-11 08:00:00,248.4773,249.0197,246.6506,246.7817,1166.13
2026-03-11 12:00:00,246.7816,253.675,246.0357,250.5452,1166.5
2026-03-11 16:00:00,250.5452,254.4949,250.2592,252.0218,1166.87
2026-03-11 20:00:00,252.0218,253.1713,250.131,250.4166,1167.24
2026-03-12 00:00:00,250.4166,251.0445,246.9226,247.7578,1167.61
2026-03-12 04:00:00,247.7578,249.3039,246.8491,249.112,1167.98
2026-03-12 08:00:00,249.112,252.6362,248.1837,251.2587,1168.35
2026-03-12 12:00:00,251.2586,252.1392,247.3822,250.9268,1168.72
2026-03-12 16:00:00,250.9268,251.8126,248.8646,251.2744,1169.09
2026-03-12 20:00:00,251.2745,252.4016,249.7291,251.6634,1169.46
2026-03-13 00:00:00,251.6771,256.931,251.0729,254.7609,1169.8437
2026-03-13 04:00:00,254.7473,255.7498,253.8925,255.4838,1170.2
2026-03-13 08:00:00,255.4839,258.9721,254.6242,257.6836,1170.57
2026-03-13 12:00:00,257.6836,263.7447,255.8766,256.266,1170.94
2026-03-13 16:00:00,256.266,257.8091,252.6832,253.9773,1171.31
2026-03-13 20:00:00,253.9774,255.1015,251.6764,253.0499,1171.68
2026-03-14 00:00:00,253.05,254.0105,251.4006,253.5897,1172.05
2026-03-14 04:00:00,253.5898,254.4482,250.813,251.8608,1172.42
2026-03-14 08:00:00,251.8608,252.5804,251.0702,252.4128,1172.79
2026-03-14 12:00:00,252.4128,253.1398,251.4694,251.8016,1173.16
2026-03-14 16:00:00,251.8016,252.4233,251.4659,252.2294,1173.53
2026-03-14 20:00:00,252.2294,254.2529,252.0013,254.0558,1173.9
2026-03-15 00:00:00,254.0558,255.6118,252.746,254.5952,1174.27
2026-03-15 04:00:00,254.5952,256.2062,254.4293,254.9179,1174.64
2026-03-15 08:00:00,254.9179,256.705,254.8679,256.2944,1175.01
2026-03-15 12:00:00,256.2944,256.3444,254.1915,255.0165,1175.38
2026-03-15 16:00:00,255.0165,256.8813,254.3916,255.2616,1175.75
2026-03-15 20:00:00,255.2616,261.1948,254.7971,259.7757,1176.12
2026-03-16 00:00:00,259.7758,265.231,257.782,262.4803,1176.49
2026-03-16 04:00:00,262.4802,265.6616,261.759,262.0641,1176.86
2026-03-16 08:00:00,262.0642,263.4772,259.9882,262.4069,1177.23
2026-03-16 12:00:00,262.407,265.8702,260.3511,261.4151,1177.6
2026-03-16 16:00:00,261.4151,265.5459,260.958,263.8705,1177.97
2026-03-16 20:00:00,263.8705,267.2957,263.4644,267.1586,1178.34
2026-03-17 00:00:00,267.1586,271.1877,264.9112,265.6578,1178.71
2026-03-17 04:00:00,265.6578,266.5958,263.1819,264.892,1179.08
2026-03-17 08:00:00,264.892,265.6685,262.3862,264.1206,1179.45
2026-03-17 12:00:00,264.1206,267.2417,261.809,263.6971,1179.82
2026-03-17 16:00:00,263.6971,266.9066,263.436,265.8297,1180.19
2026-03-17 20:00:00,265.8263,266.903,263.4949,263.6791,1180.56
2026-03-18 00:00:00,263.6791,266.4511,262.2948,265.5941,1180.93
2026-03-18 04:00:00,265.5941,265.7874,262.8822,263.5879,1181.3
2026-03-18 08:00:00,263.5879,265.0562,259.6714,260.2667,1181.67
2026-03-18 12:00:00,260.2667,260.4199,252.7403,254.9687,1182.04
2026-03-18 16:00:00,254.9687,256.9191,253.0137,253.5579,1182.41
2026-03-18 20:00:00,253.5579,254.9594,251.4659,254.1792,1182.78
2026-03-19 00:00:00,254.1793,255.5394,252.9014,254.0681,1183.15
2026-03-19 04:00:00,254.0681,254.1181,247.8216,250.4141,1183.52
2026-03-19 08:00:00,250.4141,251.7832,249.3253,249.5635,1183.89
2026-03-19 12:00:00,249.5635,250.4226,245.3772,247.6361,1184.26
2026-03-19 16:00:00,247.7732,252.0469,246.6868,250.8394,1184.767
2026-03-19 20:00:00,250.7025,252.2637,248.6768,249.4823,1185.0
2026-03-20 00:00:00,249.4824,252.6698,249.1009,252.3361,1185.37
2026-03-20 04:00:00,252.3362,253.2416,250.2531,252.7812,1185.74
2026-03-20 08:00:00,252.7812,254.659,250.4622,251.4399,1186.11
2026-03-20 12:00:00,251.4399,252.2281,247.8269,249.2329,1186.48
2026-03-20 16:00:00,249.2329,250.4606,247.4987,250.3666,1186.85
2026-03-20 20:00:00,250.3666,253.0776,248.807,251.5542,1187.22
2026-03-21 00:00:00,251.5542,252.7289,251.2221,252.0772,1187.59
2026-03-21 04:00:00,252.0772,252.9207,251.8835,252.3269,1187.96
2026-03-21 08:00:00,252.3269,252.4713,251.4374,252.0607,1188.33
2026-03-21 12:00:00,252.1019,253.7509,251.3396,252.0208,1188.7411
2026-03-21 16:00:00,252.0208,252.1515,250.4724,251.1859,1189.1111
2026-03-21 20:00:00,251.1449,251.6259,244.5855,245.8724,1189.44
2026-03-22 00:00:00,245.8724,248.315,243.3621,247.3774,1189.81
2026-03-22 04:00:00,247.3775,248.0941,245.7325,245.8769,1190.18
2026-03-22 08:00:00,245.8905,246.1949,242.955,243.3881,1190.5637
2026-03-22 12:00:00,243.3744,246.2348,243.257,245.6221,1190.92
2026-03-22 16:00:00,245.6221,245.8061,243.0642,243.3101,1191.29
2026-03-22 20:00:00,243.3101,244.425,240.266,242.0938,1191.66
2026-03-23 00:00:00,242.0938,244.7343,240.5675,242.863,1192.03
2026-03-23 04:00:00,242.863,245.9127,240.7719,243.7855,1192.4
2026-03-23 08:00:00,243.7855,255.1299,242.2477,250.1679,1192.77
2026-03-23 12:00:00,250.1679,256.2647,248.5117,250.2011,1193.14
2026-03-23 16:00:00,250.2011,254.2273,250.1511,252.1547,1193.51
2026-03-23 20:00:00,252.1546,253.3425,251.1248,252.9659,1193.88
2026-03-24 00:00:00,252.9659,253.7063,250.6755,251.6689,1194.25
2026-03-24 04:00:00,251.6689,254.7767,250.1068,254.3403,1194.62
2026-03-24 08:00:00,254.3403,254.6647,252.7149,253.8625,1194.99
2026-03-24 12:00:00,253.8625,253.9835,247.9245,249.2791,1195.36
2026-03-24 16:00:00,249.2791,249.7889,245.84,247.5106,1195.73
2026-03-24 20:00:00,247.5106,252.7522,247.171,251.7183,1196.1
2026-03-25 00:00:00,251.7183,253.7074,251.1377,252.289,1196.47
2026-03-25 04:00:00,252.289,254.5805,252.1931,253.0388,1196.84
2026-03-25 08:00:00,253.0388,257.0104,252.5362,255.722,1197.21
2026-03-25 12:00:00,255.722,256.7878,251.5746,252.7038,1197.58
2026-03-25 16:00:00,252.7038,256.0356,252.1119,252.8834,1197.95
2026-03-25 20:00:00,252.8971,255.4829,252.0017,254.514,1198.3337
2026-03-26 00:00:00,254.5003,254.9081,252.0808,253.0195,1198.69
2026-03-26 04:00:00,253.0195,253.0695,248.9864,250.044,1199.06
2026-03-26 08:00:00,250.044,250.2974,246.8029,247.1492,1199.43
2026-03-26 12:00:00,247.1492,249.3449,244.803,246.4593,1199.8
2026-03-26 16:00:00,246.4593,246.7924,243.0927,244.5033,1200.17
2026-03-26 20:00:00,244.5033,247.9213,244.105,245.5234,1200.54
2026-03-27 00:00:00,245.5234,246.8533,244.4426,245.335,1200.91
2026-03-27 04:00:00,245.335,246.0558,243.6319,244.5251,1201.28
2026-03-27 08:00:00,244.5251,244.9125,236.2392,237.9689,1201.65
2026-03-27 12:00:00,237.9689,238.2703,234.449,235.8642,1202.02
2026-03-27 16:00:00,235.8642,236.5463,233.8,235.6067,1202.39
2026-03-27 20:00:00,235.6067,237.0127,234.7604,236.9147,1202.76
2026-03-28 00:00:00,236.9147,237.3685,235.1694,236.3179,1203.13
2026-03-28 04:00:00,236.3179,237.5581,235.8041,237.4648,1203.5
2026-03-28 08:00:00,237.4648,237.5455,235.8555,236.6014,1203.87
2026-03-28 12:00:00,236.6014,240.1101,236.271,239.0825,1204.24
2026-03-28 16:00:00,239.0825,239.4245,237.9233,238.7314,1204.61
2026-03-28 20:00:00,238.7314,239.1149,236.4227,236.8068,1204.98
2026-03-29 00:00:00,236.8068,239.5448,236.4156,238.7153,1205.35
2026-03-29 04:00:00,238.7153,238.8531,237.398,237.8555,1205.72
2026-03-29 08:00:00,237.8555,239.0365,236.9029,238.3738,1206.09
2026-03-29 12:00:00,238.3739,238.6342,236.6046,237.3275,1206.46
2026-03-29 16:00:00,237.3276,237.8843,235.9763,236.7054,1206.83
2026-03-29 20:00:00,236.7054,238.3437,231.8441,235.5007,1207.2
2026-03-30 00:00:00,235.5007,240.6847,234.7003,239.6493,1207.57
2026-03-30 04:00:00,239.6493,241.9334,239.5783,241.2568,1207.94
2026-03-30 08:00:00,241.2568,242.7978,240.2651,241.4568,1208.31
2026-03-30 12:00:00,241.4568,243.2521,239.2958,241.2747,1208.68
2026-03-30 16:00:00,241.2747,241.3684,236.2434,237.424,1209.05
2026-03-30 20:00:00,237.4241,239.0585,236.9093,238.3064,1209.42
2026-03-31 00:00:00,238.3064,244.1038,237.3543,241.5435,1209.79
2026-03-31 04:00:00,241.5435,242.5733,239.3479,240.341,1210.16
2026-03-31 08:00:00,240.3411,240.8488,235.4047,237.9079,1210.53
2026-03-31 12:00:00,237.9079,241.8187,236.9369,238.0903,1210.9
2026-03-31 16:00:00,238.0902,244.7499,238.0134,242.0218,1211.27
2026-03-31 20:00:00,242.0217,244.1107,241.9464,243.6118,1211.64
2026-04-01 00:00:00,243.6118,243.9977,241.044,243.2058,1212.01
2026-04-01 04:00:00,243.2058,247.3204,242.5659,245.0657,1212.38
2026-04-01 08:00:00,245.0657,245.6841,243.9354,245.1389,1212.75
2026-04-01 12:00:00,245.1389,246.0896,242.2573,245.8738,1213.12
2026-04-01 16:00:00,245.8738,246.8273,242.3302,243.2278,1213.49
2026-04-01 20:00:00,243.2278,244.552,242.4201,243.0033,1213.86
2026-04-02 00:00:00,243.0033,244.9779,237.1955,237.5175,1214.23
2026-04-02 04:00:00,237.5175,238.9411,236.1861,238.7824,1214.6
2026-04-02 08:00:00,238.7824,238.8324,236.0078,236.2475,1214.97
2026-04-02 12:00:00,236.2475,239.4534,234.3846,238.5045,1215.34
2026-04-02 16:00:00,238.5045,240.6169,237.5408,238.9436,1215.71
2026-04-02 20:00:00,238.9436,239.436,238.0199,238.6796,1216.08
2026-04-03 00:00:00,238.6796,239.0793,236.4177,237.5308,1216.45
2026-04-03 04:00:00,237.5308,239.9618,236.8982,239.1794,1216.82
2026-04-03 08:00:00,239.1794,240.1067,237.8188,239.0915,1217.19
2026-04-03 12:00:00,239.0915,240.4008,237.2244,238.4126,1217.56
2026-04-03 16:00:00,238.4126,239.3254,238.094,238.6216,1217.93
2026-04-03 20:00:00,238.6216,238.9729,238.359,238.9019,1218.3
2026-04-04 00:00:00,238.9019,238.9661,238.3157,238.4306,1218.67
2026-04-04 04:00:00,238.4306,239.2683,238.1798,239.0826,1219.04
2026-04-04 08:00:00,239.0826,239.9095,238.6867,239.5891,1219.41
2026-04-04 12:00:00,239.5891,241.0876,239.083,240.398,1219.78
2026-04-04 16:00:00,240.398,241.0186,239.9247,240.0582,1220.15
2026-04-04 20:00:00,240.0719,240.893,239.6588,240.1147,1220.5337
2026-04-05 00:00:00,240.101,240.1755,238.8213,239.5501,1220.89
2026-04-05 04:00:00,239.5501,239.7518,237.5938,238.3894,1221.26
2026-04-05 08:00:00,238.3894,239.6144,238.335,239.0257,1221.63
2026-04-05 12:00:00,239.0257,242.1337,237.8397,240.1232,1222.0
2026-04-05 16:00:00,240.1233,241.0787,239.5979,240.3172,1222.37
2026-04-05 20:00:00,240.3172,246.7004,240.1661,246.2864,1222.74
2026-04-06 00:00:00,246.2864,248.3122,245.3175,246.6057,1223.11
2026-04-06 04:00:00,246.6057,247.4783,245.4242,246.578,1223.48
2026-04-06 08:00:00,246.578,250.7928,246.4066,248.3582,1223.85
2026-04-06 12:00:00,248.3582,249.6866,246.6991,249.621,1224.22
2026-04-06 16:00:00,249.621,251.0359,247.1206,248.8028,1224.59
2026-04-06 20:00:00,248.8028,249.6896,243.6172,245.6424,1224.96
2026-04-07 00:00:00,245.6424,246.6718,243.522,245.3768,1225.33
2026-04-07 04:00:00,245.3767,246.1496,244.1273,244.8252,1225.7
2026-04-07 08:00:00,244.8252,247.0989,242.8036,243.8304,1226.07
2026-04-07 12:00:00,243.8304,244.9083,241.5908,243.1966,1226.44
2026-04-07 16:00:00,243.1966,246.5657,242.8502,246.2048,1226.81
2026-04-07 20:00:00,246.2048,259.6322,246.1548,256.5969,1227.18
2026-04-08 00:00:00,256.5969,257.312,254.1094,254.325,1227.55
2026-04-08 04:00:00,254.325,256.7083,254.2749,255.5387,1227.92
2026-04-08 08:00:00,255.5387,256.7567,254.7044,255.7082,1228.29
2026-04-08 12:00:00,255.7082,259.9747,252.2052,254.4056,1228.66
2026-04-08 16:00:00,254.4056,256.7886,253.3175,254.4359,1229.03
2026-04-08 20:00:00,254.4358,256.0182,252.8997,253.5492,1229.4
2026-04-09 00:00:00,253.5492,254.0589,251.3446,253.2725,1229.77
2026-04-09 04:00:00,253.2725,253.7635,252.1415,253.2355,1230.14
2026-04-09 08:00:00,253.2355,255.401,252.7695,253.8354,1230.51
2026-04-09 12:00:00,253.8354,258.1945,251.5471,257.3738,1230.88
2026-04-09 16:00:00,257.3739,258.8795,255.8528,257.2109,1231.25
2026-04-09 20:00:00,257.2109,261.0022,255.3376,256.1108,1231.62
2026-04-10 00:00:00,256.1109,258.2979,255.2952,256.3987,1231.99
2026-04-10 04:00:00,256.3987,257.873,254.7766,255.0187,1232.36
2026-04-10 08:00:00,255.0187,257.8517,254.77,257.3225,1232.73
2026-04-10 12:00:00,257.3225,261.5193,256.4588,258.5102,1233.1
2026-04-10 16:00:00,258.5102,261.4294,258.1994,261.2772,1233.47
2026-04-10 20:00:00,261.2772,262.0332,259.3167,260.3018,1233.84
2026-04-11 00:00:00,260.3018,260.8234,259.2076,259.9591,1234.21
2026-04-11 04:00:00,259.959,260.3218,259.0012,259.5265,1234.58
2026-04-11 08:00:00,259.5265,260.185,259.0212,260.1033,1234.95
2026-04-11 12:00:00,260.1033,260.4221,258.6478,259.9289,1235.32
2026-04-11 16:00:00,259.9289,263.3033,259.7175,262.8864,1235.69
2026-04-11 20:00:00,262.9001,262.9601,260.0682,260.6026,1236.0737
2026-04-12 00:00:00,260.5889,260.9745,254.3556,255.4159,1236.43
2026-04-12 04:00:00,255.4159,256.136,254.7381,255.6721,1236.8
2026-04-12 08:00:00,255.6721,256.2246,254.526,254.9713,1237.17
2026-04-12 12:00:00,254.9712,255.1335,251.8372,252.9145,1237.54
2026-04-12 16:00:00,252.9145,254.1438,252.6113,253.6,1237.91
2026-04-12 20:00:00,253.6,254.9622,251.4869,252.3756,1238.28
2026-04-13 00:00:00,252.3777,254.3193,251.8772,253.2141,1238.65
2026-04-13 04:00:00,253.214,253.8634,252.0821,252.6357,1239.02
2026-04-13 08:00:00,252.6357,253.3394,251.7049,253.0488,1239.39
2026-04-13 12:00:00,253.0488,258.5736,252.3881,256.3913,1239.76
2026-04-13 16:00:00,256.3913,262.1973,255.6749,261.5866,1240.13
2026-04-13 20:00:00,261.5836,267.2633,260.4101,265.4937,1240.5
2026-04-14 00:00:00,265.4937,266.1193,263.7914,265.588,1240.87
2026-04-14 04:00:00,265.5881,267.3512,264.4898,265.9504,1241.24
2026-04-14 08:00:00,265.9504,267.299,265.049,265.3458,1241.61
2026-04-14 12:00:00,265.3458,271.3232,264.9414,268.7013,1241.98
2026-04-14 16:00:00,268.7012,270.0746,263.2228,264.7987,1242.35
2026-04-14 20:00:00,264.7991,265.602,263.2607,264.4718,1242.72
2026-04-15 00:00:00,264.4718,266.8592,264.4031,265.2368,1243.09
2026-04-15 04:00:00,265.2368,265.6026,262.2186,263.0408,1243.46
2026-04-15 08:00:00,263.0408,264.9674,262.7964,264.7223,1243.83
2026-04-15 12:00:00,264.7223,265.8607,262.4571,263.4462,1244.2
2026-04-15 16:00:00,263.4462,268.6226,263.1066,267.5794,1244.57
2026-04-15 20:00:00,267.5794,269.1363,265.7793,266.8922,1244.94
2026-04-16 00:00:00,266.8922,268.5757,265.5632,267.1713,1245.31
2026-04-16 04:00:00,267.1713,268.2422,266.2215,266.5249,1245.68
2026-04-16 08:00:00,266.5248,267.2687,264.9419,266.0531,1246.05
2026-04-16 12:00:00,266.0531,267.7285,261.4903,266.4898,1246.42
2026-04-16 16:00:00,266.4898,269.0853,263.6393,268.7937,1246.79
2026-04-16 20:00:00,268.7938,269.5279,266.7691,268.1205,1247.16
2026-04-17 00:00:00,268.1205,268.1722,265.8412,266.1995,1247.53
2026-04-17 04:00:00,266.1995,267.9394,265.9329,267.8368,1247.9
2026-04-17 08:00:00,267.8368,272.5086,267.496,269.6739,1248.27
2026-04-17 12:00:00,269.6739,278.5101,269.4179,277.5059,1248.64
2026-04-17 16:00:00,277.506,279.5109,274.6553,276.1094,1249.01
2026-04-17 20:00:00,276.1094,276.9375,274.3378,274.9621,1249.38
2026-04-18 00:00:00,274.9622,276.254,274.5221,274.7248,1249.75
2026-04-18 04:00:00,274.7248,275.7491,274.2418,274.6974,1250.12
2026-04-18 08:00:00,274.6974,274.9265,270.2449,271.277,1250.49
2026-04-18 12:00:00,271.277,272.4854,270.3653,271.7347,1250.86
2026-04-18 16:00:00,271.7346,271.9425,269.1082,269.8885,1251.23
2026-04-18 20:00:00,269.8885,270.8011,269.6594,270.038,1251.6
2026-04-19 00:00:00,270.0791,270.6844,268.8348,269.4512,1252.0111
2026-04-19 04:00:00,269.4101,270.4122,267.0482,268.4703,1252.34
2026-04-19 08:00:00,268.4703,269.9104,267.2409,269.7253,1252.71
2026-04-19 12:00:00,269.7253,272.0463,268.9523,270.5905,1253.08
2026-04-19 16:00:00,270.5905,270.6642,266.1216,267.4469,1253.45
2026-04-19 20:00:00,267.4469,267.4969,263.1066,263.2953,1253.82
2026-04-20 00:00:00,263.2954,266.7172,262.9689,266.2643,1254.19
2026-04-20 04:00:00,266.2644,269.6607,264.292,266.9892,1254.56
2026-04-20 08:00:00,266.9892,269.0636,266.1623,268.2576,1254.93
2026-04-20 12:00:00,268.2576,270.3768,266.4569,270.1272,1255.3
2026-04-20 16:00:00,270.1273,272.9239,268.5544,272.1971,1255.67
2026-04-20 20:00:00,272.1971,273.1806,269.7234,270.5703,1256.04
2026-04-21 00:00:00,270.5703,272.1274,269.2139,270.1041,1256.41
2026-04-21 04:00:00,270.1042,272.258,269.6606,271.4386,1256.78
2026-04-21 08:00:00,271.4386,274.4969,271.3159,272.7536,1257.15
2026-04-21 12:00:00,272.7536,273.3115,269.0564,270.5478,1257.52
2026-04-21 16:00:00,270.5478,271.8681,266.8835,267.6537,1257.89
2026-04-21 20:00:00,267.6537,272.7052,267.4044,272.3369,1258.26
2026-04-22 00:00:00,272.3506,277.3844,271.5757,276.5794,1258.6437
2026-04-22 04:00:00,276.5657,279.9361,275.9548,278.3185,1259.0
2026-04-22 08:00:00,278.3185,279.7464,278.0145,279.3432,1259.37
2026-04-22 12:00:00,279.3432,283.3175,278.6297,282.8141,1259.74
2026-04-22 16:00:00,282.8141,283.5773,280.4789,281.2933,1260.11
2026-04-22 20:00:00,281.2933,281.5902,278.7788,278.9087,1260.48
2026-04-23 00:00:00,278.9087,280.3723,276.2729,277.3684,1260.85
2026-04-23 04:00:00,277.3684,279.5335,277.0663,278.4463,1261.22
2026-04-23 08:00:00,278.4463,278.9491,275.2761,277.2191,1261.59
2026-04-23 12:00:00,277.219,280.6864,276.0107,279.617,1261.96
2026-04-23 16:00:00,279.617,280.1417,274.5126,277.2999,1262.33
2026-04-23 20:00:00,277.2998,279.5038,276.9296,279.1915,1262.7
2026-04-24 00:00:00,279.1915,280.399,276.6353,277.3376,1263.07
2026-04-24 04:00:00,277.3376,278.5286,276.2857,277.005,1263.44
2026-04-24 08:00:00,277.0049,279.6521,276.0895,279.13,1263.81
2026-04-24 12:00:00,279.1301,280.0331,276.7146,278.4107,1264.18
2026-04-24 16:00:00,278.4107,278.538,275.9526,276.9488,1264.55
2026-04-24 20:00:00,276.9487,277.4565,275.5974,276.2648,1264.92
2026-04-25 00:00:00,276.2648,277.2949,275.761,277.1279,1265.29
2026-04-25 04:00:00,277.128,277.2213,276.2607,276.4933,1265.66
2026-04-25 08:00:00,276.4933,277.9139,276.4083,277.1395,1266.03
2026-04-25 12:00:00,277.1394,277.44,275.7252,275.8835,1266.4
2026-04-25 16:00:00,275.8835,276.3761,275.1556,275.8826,1266.77
2026-04-25 20:00:00,275.8826,277.0742,275.765,276.935,1267.14
2026-04-26 00:00:00,276.935,277.0472,275.8201,276.1331,1267.51
2026-04-26 04:00:00,276.1331,279.0364,276.0233,278.6387,1267.88
2026-04-26 08:00:00,278.6387,279.0721,277.961,278.6348,1268.25
2026-04-26 12:00:00,278.6347,278.9406,277.4023,278.4477,1268.62
2026-04-26 16:00:00,278.4477,280.1067,277.6877,279.0619,1268.99
2026-04-26 20:00:00,279.0619,281.7513,277.6654,280.6188,1269.36
2026-04-27 00:00:00,280.6188,283.6231,279.65,282.2168,1269.73
2026-04-27 04:00:00,282.2169,282.4613,276.3144,276.8694,1270.1
2026-04-27 08:00:00,276.8694,278.2515,276.629,277.7173,1270.47
2026-04-27 12:00:00,277.7172,279.2695,273.101,273.9671,1270.84
2026-04-27 16:00:00,273.9671,274.7211,272.7275,274.2703,1271.21
2026-04-27 20:00:00,274.2709,276.3607,273.8123,276.03,1271.58
2026-04-28 00:00:00,276.03,276.4606,273.4851,274.0459,1271.95
2026-04-28 04:00:00,274.0459,275.3047,272.6036,274.2746,1272.32
2026-04-28 08:00:00,274.2746,274.8039,271.5518,271.9547,1272.69
2026-04-28 12:00:00,271.9546,272.693,269.8982,271.3745,1273.06
2026-04-28 16:00:00,271.3745,272.5463,270.6641,272.3184,1273.43
2026-04-28 20:00:00,272.3184,272.9048,271.7906,272.3605,1273.8
2026-04-29 00:00:00,272.3606,275.2106,271.7575,274.6867,1274.17
2026-04-29 04:00:00,274.6866,276.3811,274.2272,274.8966,1274.54
2026-04-29 08:00:00,274.8967,277.9837,274.5565,276.8103,1274.91
2026-04-29 12:00:00,276.8103,276.883,270.0364,270.8674,1275.28
2026-04-29 16:00:00,270.8674,272.1681,267.2972,269.5817,1275.65
2026-04-29 20:00:00,269.5817,271.5048,269.2947,270.3528,1276.02
2026-04-30 00:00:00,270.3528,272.8761,269.285,270.8812,1276.39
2026-04-30 04:00:00,270.8811,271.8295,268.6747,271.7145,1276.76
2026-04-30 08:00:00,271.7145,272.3985,270.6463,271.3497,1277.13
2026-04-30 12:00:00,271.3497,273.5749,271.2402,272.8273,1277.5
2026-04-30 16:00:00,272.8273,273.0243,271.4837,272.6104,1277.87
2026-04-30 20:00:00,272.6104,273.2173,271.8227,272.3741,1278.24
2026-05-01 00:00:00,272.3741,276.374,272.2308,275.1729,1278.61
2026-05-01 04:00:00,275.1729,275.4916,273.4195,275.171,1278.98
2026-05-01 08:00:00,275.171,276.8958,274.8265,276.3606,1279.35
2026-05-01 12:00:00,276.3606,281.5841,276.1135,279.8636,1279.72
2026-05-01 16:00:00,279.8636,280.7604,278.6903,279.5572,1280.09
2026-05-01 20:00:00,279.5573,279.8313,277.3381,279.0975,1280.46
2026-05-02 00:00:00,279.0975,280.1596,278.8168,279.6999,1280.83
2026-05-02 04:00:00,279.6999,279.9247,278.3656,279.0578,1281.2
2026-05-02 08:00:00,279.0578,279.7285,278.5598,278.7833,1281.57
2026-05-02 12:00:00,278.7834,280.0627,278.6096,280.0127,1281.94
2026-05-02 16:00:00,280.0127,280.4513,279.3308,280.0067,1282.31
2026-05-02 20:00:00,280.0076,282.6021,279.7153,280.7233,1282.68
2026-05-03 00:00:00,280.7233,281.0148,278.6109,278.9974,1283.05
2026-05-03 04:00:00,278.9974,280.0484,278.5228,279.5688,1283.42
2026-05-03 08:00:00,279.5688,280.1278,279.5188,279.6139,1283.79
